code,name,regn,Moisture [g]|water|PROXIMATE PRINCIPLES AND DIETARY FIBRE,Protein [g]|protcnt|PROXIMATE PRINCIPLES AND DIETARY FIBRE,Ash [g]|ash|PROXIMATE PRINCIPLES AND DIETARY FIBRE,Total Fat [g]|fatce|PROXIMATE PRINCIPLES AND DIETARY FIBRE,Dietary Fibre - Total [g]|fibtg|PROXIMATE PRINCIPLES AND DIETARY FIBRE,Dietary Fibre - Insoluble [g]|fibins|PROXIMATE PRINCIPLES AND DIETARY FIBRE,Dietary Fibre - Soluble [g]|fibsol|PROXIMATE PRINCIPLES AND DIETARY FIBRE,Carbohydrate [g]|choavldf|PROXIMATE PRINCIPLES AND DIETARY FIBRE,Energy [kJ]|enerc|PROXIMATE PRINCIPLES AND DIETARY FIBRE,Thiamine(B1) [mg]|thia|WATER SOLUBLE VITAMINS,Riboflavin (B2) [mg]|ribf|WATER SOLUBLE VITAMINS,Niacin (B3) [mg]|nia|WATER SOLUBLE VITAMINS,Pantothenic Acid (B5) [mg]|pantac|WATER SOLUBLE VITAMINS,Total B6 [mg]|vitb6c|WATER SOLUBLE VITAMINS,Biotin (B7) [ug]|biot|WATER SOLUBLE VITAMINS,Total Folates (B9) [ug]|folsum|WATER SOLUBLE VITAMINS,Total Ascorbic Acid [mg]|vitc|WATER SOLUBLE VITAMINS,Retinol [ug]|retol|FAT SOLUBLE VITAMINS,Ergocalciferol (D2) [ug]|ergcal|FAT SOLUBLE VITAMINS,Cholecalciferol (D3) [ug]|chocal|FAT SOLUBLE VITAMINS,25-OH-D3 [ug]|doh25|FAT SOLUBLE VITAMINS,Tocopherols (Alpha) [mg]|tocpha|FAT SOLUBLE VITAMINS,Tocopherols (Beta) [mg]|tocphb|FAT SOLUBLE VITAMINS,Tocopherols (Gamma) [mg]|tocphg|FAT SOLUBLE VITAMINS,Tocopherols (Delta) [mg]|tocphd|FAT SOLUBLE VITAMINS,Tocotrienols (Alpha) [mg]|toctra|FAT SOLUBLE VITAMINS,Tocotrienols (Beta) [mg]|toctrb|FAT SOLUBLE VITAMINS,Tocotrienols (Gamma) [mg]|toctrg|FAT SOLUBLE VITAMINS,Tocotrienols (Delta) [mg]|toctrd|FAT SOLUBLE VITAMINS,Alpha Tocopherol Equivalent [mg]|vite|FAT SOLUBLE VITAMINS,Phylloquinones (K1) [ug]|vitk1|FAT SOLUBLE VITAMINS,Menaquinones (K2) [ug]|vitk2|FAT SOLUBLE VITAMINS,Lutein [ug]|lutn|CAROTENOIDS,Zeaxanthin [ug]|zea|CAROTENOIDS,Lycopene [ug]|lycpn|CAROTENOIDS,?-Cryptoxanthin [ug]|crypxb|CAROTENOIDS,?-Carotene [ug]|cartg|CAROTENOIDS,?-Carotene [ug]|carta|CAROTENOIDS,?-Carotene [ug]|cartb|CAROTENOIDS,Total Carotenoids [ug]|cartoid|CAROTENOIDS,Aluminium (Al) [mg]|al|MINERALS AND TRACE ELEMENTS,Arsenic (As) [ug]|as|MINERALS AND TRACE ELEMENTS,Cadmium (Cd) [mg]|cd|MINERALS AND TRACE ELEMENTS,Calcium (Ca) [mg]|ca|MINERALS AND TRACE ELEMENTS,Chromium (Cr) [mg]|cr|MINERALS AND TRACE ELEMENTS,Cobalt (Co) [mg]|co|MINERALS AND TRACE ELEMENTS,Copper (Cu) [mg]|cu|MINERALS AND TRACE ELEMENTS,Iron (Fe) [mg]|fe|MINERALS AND TRACE ELEMENTS,Lead (Pb) [mg]|pb|MINERALS AND TRACE ELEMENTS,Lithium (Li) [mg]|li|MINERALS AND TRACE ELEMENTS,Magnesium (Mg) [mg]|mg|MINERALS AND TRACE ELEMENTS,Manganese (Mn) [mg]|mn|MINERALS AND TRACE ELEMENTS,Mercury (Hg) [ug]|hg|MINERALS AND TRACE ELEMENTS,Molybdenum (Mo) [mg]|mo|MINERALS AND TRACE ELEMENTS,Nickel (Ni) [mg]|ni|MINERALS AND TRACE ELEMENTS,Phophorus (P) [mg]|p|MINERALS AND TRACE ELEMENTS,Potassium (K) [mg]|k|MINERALS AND TRACE ELEMENTS,Selenium (Se) [ug]|se|MINERALS AND TRACE ELEMENTS,Sodium (Na) [mg]|na|MINERALS AND TRACE ELEMENTS,Zinc (Zn) [mg]|zn|MINERALS AND TRACE ELEMENTS,Total Available CHO [g]|cho|STARCH AND INDIVIDUAL SUGARS,Total Starch [g]|starch|STARCH AND INDIVIDUAL SUGARS,Fructose [g]|frus|STARCH AND INDIVIDUAL SUGARS,Glucose [g]|glus|STARCH AND INDIVIDUAL SUGARS,Sucrose [g]|sucs|STARCH AND INDIVIDUAL SUGARS,Maltose [g]|mals|STARCH AND INDIVIDUAL SUGARS,Total Free Sugars [g]|fsugar|STARCH AND INDIVIDUAL SUGARS,Lactose content (g/100) [g]|lactose|STARCH AND INDIVIDUAL SUGARS,Capric (C10:0) [mg]|f10d0|FATTY ACID PROFILE,Undecanoic (C11:0) [mg]|f4d0|FATTY ACID PROFILE,Lauric (C12:0) [mg]|f12d0|FATTY ACID PROFILE,Myristic (C14:0) [mg]|f14d0|FATTY ACID PROFILE,Pentadecanoic (C15:0) [mg]|f15d0|FATTY ACID PROFILE,Palmitic (C16:0) [mg]|f16d0|FATTY ACID PROFILE,Stearic (C18:0) [mg]|f18d0|FATTY ACID PROFILE,Arachidic (C20:0) [mg]|f20d0|FATTY ACID PROFILE,Behenic (C22:0) [mg]|f22d0|FATTY ACID PROFILE,Lignoceric (C24:0) [mg]|f24d0|FATTY ACID PROFILE,Myristoleic (C14:1) [mg]|f14d1|FATTY ACID PROFILE,Palmitoleic (C16:1) [mg]|f16d1-c|FATTY ACID PROFILE,Oleic (C18:1n9) [mg]|f18d1-cn9|FATTY ACID PROFILE,Eicosaenoic (C20:1n9) [mg]|f20d1-n9f|FATTY ACID PROFILE,Erucic (C22:1n9) [mg]|f22d1-n9|FATTY ACID PROFILE,Nervonic (C24:1n9) [mg]|f24d1-c|FATTY ACID PROFILE,Linoleic (C18:2n6) [mg]|f18d2cn6|FATTY ACID PROFILE,Eicosadienoic (C20:2) [mg]|f20d2|FATTY ACID PROFILE,Docosadienoic (C22:2) [mg]|f22d2|FATTY ACID PROFILE,?-Linolenic (C18:3n3) [mg]|f18d3n3|FATTY ACID PROFILE,Eicosatrienoic (C20:3n6) [mg]|f20d3n6|FATTY ACID PROFILE,Arachidonic (C20:4n6) [mg]|f20d4n6|FATTY ACID PROFILE,Eicosa-pentadecanoic (C20:5n3) [mg]|f20d5n3|FATTY ACID PROFILE,Docosa pentaenoic (C22:5n3) [mg]|f22d5n3|FATTY ACID PROFILE,Docosa-hexaenoic (C22:6n3) [mg]|f22d6n3|FATTY ACID PROFILE,Total Saturated Fatty Acids (TSFA) [mg]|fasat|FATTY ACID PROFILE,Total Mono Unsaturated Fatty Acids (TMUFA) [mg]|fams|FATTY ACID PROFILE,Total Poly Unsaturated Fatty Acids (TPUFA) [mg]|fapu|FATTY ACID PROFILE,Cholesterol [mg]|cholc|FATTY ACID PROFILE,Histidine [g]|his|AMINO ACID PROFILE,Isoleucine [g]|ile|AMINO ACID PROFILE,Luecine [g]|leu|AMINO ACID PROFILE,Lysine [g]|lys|AMINO ACID PROFILE,Methionine [g]|met|AMINO ACID PROFILE,Cysteine [g]|cys|AMINO ACID PROFILE,Phenylalanine [g]|phe|AMINO ACID PROFILE,Threonine [g]|thr|AMINO ACID PROFILE,Tryptophan [g]|trp|AMINO ACID PROFILE,Valine [g]|val|AMINO ACID PROFILE,Alanine [g]|ala|AMINO ACID PROFILE,Arginine [g]|arg|AMINO ACID PROFILE,Aspartic Acid [g]|asp|AMINO ACID PROFILE,Glutamic Acid [g]|glu|AMINO ACID PROFILE,Glycine [g]|gly|AMINO ACID PROFILE,Proline [g]|pro|AMINO ACID PROFILE,Serine [g]|ser|AMINO ACID PROFILE,Tyrosine [g]|tyr|AMINO ACID PROFILE,Oxalate-Total [mg]|oxalt|ORGANIC ACIDS,Oxalate-Soluble [mg]|oxals|ORGANIC ACIDS,Oxalate-Insoluble [mg]|oxali|ORGANIC ACIDS,Cis-Aconitic Acid [mg]|caconac|ORGANIC ACIDS,Citric Acid [mg]|citac|ORGANIC ACIDS,Fumaric Acid [mg]|fumac|ORGANIC ACIDS,Malic Acid [mg]|malac|ORGANIC ACIDS,Quinic Acid [mg]|quinac|ORGANIC ACIDS,Succinic Acid [mg]|sucac|ORGANIC ACIDS,Tartaric Acid [mg]|tarac|ORGANIC ACIDS,"3,4-Dihydroxy benzoic acid [mg]|dhbenzac34|POLYPHENOLS",3-Hydroxy benzaldehyde [mg]|hbenzal3|POLYPHENOLS,Protocatechuic acid [mg]|pcathac|POLYPHENOLS,Vanillic acid [mg]|vanlac|POLYPHENOLS,Gallic acid [mg]|gallac|POLYPHENOLS,Cinamic acid [mg]|cinmac|POLYPHENOLS,O-Coumaric acid [mg]|coumaco|POLYPHENOLS,P-Coumaric acid [mg]|coumacp|POLYPHENOLS,Caffeic acid [mg]|caffac|POLYPHENOLS,Chlorogenic acid [mg]|chlrac|POLYPHENOLS,Ferulic acid [mg]|ferac|POLYPHENOLS,Apigenin [mg]|apigen|POLYPHENOLS,Apigenin-6-C-gluoside [mg]|apigen6cgls|POLYPHENOLS,Apigenin-7-O-neohesperidoside [mg]|apigen7onshps|POLYPHENOLS,Luteolin [mg]|luteol|POLYPHENOLS,Kaempferol [mg]|kaemf|POLYPHENOLS,Quercetin [mg]|querce|POLYPHENOLS,Quercetin-3-?-D-glucoside [mg]|querce3bdgls|POLYPHENOLS,Quercetin-3-O-rutinoside [mg]|querce3ortns|POLYPHENOLS,Quercetin-3-?-galactoside [mg]|querce3bgls|POLYPHENOLS,Isoramnetin [mg]|isormt|POLYPHENOLS,Myricetin [mg]|myrct|POLYPHENOLS,Resvertrol [mg]|rsvrtol|POLYPHENOLS,Hesperetin [mg]|hespt|POLYPHENOLS,Naringenin [mg]|narng|POLYPHENOLS,Hesperdin [mg]|hespd|POLYPHENOLS,Daidzein [mg]|daidzn|POLYPHENOLS,Genistein [mg]|gnstein|POLYPHENOLS,(-)-Epicatechin [mg]|epicatec|POLYPHENOLS,(-)-Epigallo catechin [mg]|epicategc|POLYPHENOLS,(-)-Epigallo catechin 3-gallate [mg]|epicatgc3gal|POLYPHENOLS,(+)-Catechin [mg]|catec|POLYPHENOLS,(-)-Gallocatechin gallate [mg]|galcatecgal|POLYPHENOLS,(-)-Gallocatechin [mg]|galcatec|POLYPHENOLS,Syringic acid [mg]|syrgac|POLYPHENOLS,Sinapinic acid [mg]|sinpac|POLYPHENOLS,Ellagic acid [mg]|ellgac|POLYPHENOLS,Total polyphenols [mg]|polyph|POLYPHENOLS,"Oligosaccharides - Raffinose [g]|rafs|OLIGOSACCHARIDES, PHYTOSTEROLS, PHYTATES AND SAPONINS","Oligosaccharides - Stachyose [g]|stas|OLIGOSACCHARIDES, PHYTOSTEROLS, PHYTATES AND SAPONINS","Oligosaccharides - Verbascose [g]|vers|OLIGOSACCHARIDES, PHYTOSTEROLS, PHYTATES AND SAPONINS","Oligosaccharides - Ajugose [g]|ajgs|OLIGOSACCHARIDES, PHYTOSTEROLS, PHYTATES AND SAPONINS","Phytosterols - Campesterol [mg]|camt|OLIGOSACCHARIDES, PHYTOSTEROLS, PHYTATES AND SAPONINS","Phytosterols - Stigmasterol [mg]|stgstr|OLIGOSACCHARIDES, PHYTOSTEROLS, PHYTATES AND SAPONINS","Phytosterols - ?-Sitosterol [mg]|stostrb|OLIGOSACCHARIDES, PHYTOSTEROLS, PHYTATES AND SAPONINS","Phytosterols - Phytate [mg]|phytac|OLIGOSACCHARIDES, PHYTOSTEROLS, PHYTATES AND SAPONINS","Total Saponin [g]|sapon|OLIGOSACCHARIDES, PHYTOSTEROLS, PHYTATES AND SAPONINS",Butyric (C4:0) [%]|tf4d0|FATTY ACID PROFILE OF EDIBLE OILS AND FATS,Caproic (C6:0) [%]|tf6d0|FATTY ACID PROFILE OF EDIBLE OILS AND FATS,Caprylic (C8:0) [%]|tf8d0|FATTY ACID PROFILE OF EDIBLE OILS AND FATS,Capric (C10:0) [%]|tf10d0|FATTY ACID PROFILE OF EDIBLE OILS AND FATS,Lauric (C12:0) [%]|tf12d0|FATTY ACID PROFILE OF EDIBLE OILS AND FATS,Myristic (C14:0) [%]|tf14d0|FATTY ACID PROFILE OF EDIBLE OILS AND FATS,Palmitic (C16:0) [%]|tf16d0|FATTY ACID PROFILE OF EDIBLE OILS AND FATS,Stearic (C18:0) [%]|tf18d0|FATTY ACID PROFILE OF EDIBLE OILS AND FATS,Arachidic (C20:0) [%]|tf20d0|FATTY ACID PROFILE OF EDIBLE OILS AND FATS,Behenic (C22:0) [%]|tf22d0|FATTY ACID PROFILE OF EDIBLE OILS AND FATS,Lignoceric (C24:0) [%]|tf24d0|FATTY ACID PROFILE OF EDIBLE OILS AND FATS,Myristoleic (C14:1) [%]|tf14d1|FATTY ACID PROFILE OF EDIBLE OILS AND FATS,Palmitoleic (C16:1) [%]|tf16d1c|FATTY ACID PROFILE OF EDIBLE OILS AND FATS,Elaidic (C18:1n9t) [%]|tf18d1tn9|FATTY ACID PROFILE OF EDIBLE OILS AND FATS,Oleic (C18:1n9) [%]|tf18d1cn9|FATTY ACID PROFILE OF EDIBLE OILS AND FATS,Eicosenoic (C20:1n9) [%]|tf20d1n9f|FATTY ACID PROFILE OF EDIBLE OILS AND FATS,Erucic (C22:1n9) [%]|tf22d1n9|FATTY ACID PROFILE OF EDIBLE OILS AND FATS,Linoleic (C18:2n6) [%]|tf18d2cn6|FATTY ACID PROFILE OF EDIBLE OILS AND FATS,?-Linolenic (C18:3n3) [%]|tf18d3n3|FATTY ACID PROFILE OF EDIBLE OILS AND FATS,Total Saturated Fatty Acids (TSFA) [%]|tfasat|FATTY ACID PROFILE OF EDIBLE OILS AND FATS,Total Mono Unsaturated Fatty Acids (TMUFA) [%]|tfams|FATTY ACID PROFILE OF EDIBLE OILS AND FATS,Total Poly Unsaturated Fatty Acids (TPUFA) [%]|tfapu|FATTY ACID PROFILE OF EDIBLE OILS AND FATS
A004,Barley (Hordeum vulgare),6,9.77±0.38,10.94±0.51,1.06±0.22,1.30±0.20,15.64±0.64,9.98±0.62,5.66±0.68,61.29±0.77,1321±19,0.36±0.059,0.18±0.030,2.84±0.08,0.14±0.02,0.31±0.026,2.38±0.11,31.58±3.79,,,,,,0.01±0.01,,,,,,,,0.01±0.01,1.85±0.79,,5.39±2.77,1.90±0.35,,,,,,69.87±28.88,,,,28.64±3.49,0.029±0.009,0.027±0.010,0.43±0.17,1.56±0.15,,,48.97±6.1,1.24±0.11,1.84±0.50,0.032±0.005,,178±26.8,268±20.4,18.61±1.32,7.56±1.52,1.50±0.27,72.73±2.93,72.67±2.92,,0.06±0.02,,,0.06±0.02,,,x,,,x,209±9.4,23.35±2.74,,,,,,90.79±5.63,,,,549±21.6,,x,26.32±3.35,x,,x,x,x,232±11.9,90.79±5.63,575±18.6,x,2.13±0.23,3.63±0.40,6.49±0.41,3.42±0.19,1.86±0.04,2.20±0.27,4.88±0.44,3.30±0.14,1.28±0.07,4.78±0.49,4.20±0.79,5.22±0.20,6.51±0.61,26.75±1.15,4.03±0.61,9.79±0.87,4.80±0.55,2.68±0.41,10.98±1.31,8.73±0.54,2.04±0.61,1.43±0.27,,,0.90±0.48,0.52±0.09,0.17±0.06,3.24±1.27,,,0.43±0.14,0.06±0.01,,,,1.70±0.11,0.05±0.01,2.75±0.25,0.60±0.07,,,,,,,,,,,,,,,,,,,,,1.28±0.05,,,,,,23.47±2.30,0.06±0.013,0.01±0.002,,,6.16±0.03,1.17±0.10,42.83±0.84,386±18.2,,x,x,x,x,x,x,x,x,x,x,x,x,x,x,x,x,x,x,x,x,x,x
A006,"Maize, dry (Zea mays)",6,9.26±0.55,8.80±0.49,1.17±0.16,3.77±0.48,12.24±0.93,11.29±0.85,0.94±0.18,64.77±1.58,1398±25,0.33±0.032,0.09±0.009,2.69±0.06,0.34±0.03,0.34±0.017,0.49±0.05,25.81±1.44,,,33.60±2.82,,,0.21±0.04,,1.29±0.17,0.38±0.05,0.05±0.00,,,,0.36±0.03,2.50±0.76,,186±19.4,42.4±15.7,,110±10.1,,,186±19.2,893±154,2.82±0.16,,,8.91±0.61,0.010±0.006,0.010±0.003,0.45±0.23,2.49±0.32,,0.002±0.001,145±12.4,0.71±0.08,3.19±2.64,0.035±0.014,0.035±0.013,279±35.3,291±27.7,8.69±1.81,4.44±0.18,2.27±0.23,61.01±0.76,59.35±0.83,0.16±0.03,0.80±0.01,0.70±0.03,,1.66±0.04,,,x,,,x,363±4.6,42.45±2.76,7.14±0.95,,,,,700±17.9,6.62±0.74,,,1565±18.2,,x,40.76±2.43,x,,x,x,x,413±5.6,706±17.4,1606±18.5,x,2.70±0.21,3.67±0.22,12.24±0.57,2.64±0.18,2.10±0.17,1.55±0.14,5.14±0.29,3.23±0.29,0.57±0.12,5.41±0.71,7.73±0.46,4.20±0.24,6.55±0.59,19.39±0.70,3.27±0.15,7.88±0.71,4.58±0.44,3.71±0.18,15.26±1.78,14.19±1.30,2.73±1.34,,,0.66±0.20,0.93±0.50,0.84±0.07,1.50±0.23,0.94±0.05,0.07±0.02,,2.93±0.42,2.96±0.44,,,,2.84±0.36,2.91±0.32,1.01±0.45,1.43±0.09,,,,,,,,,,,,,,,,,,,,,,,,,,,32.92±3.85,,,,,12.49±0.24,4.22±0.18,87.70±2.61,646±19.4,,x,x,x,x,x,x,x,x,x,x,x,x,x,x,x,x,x,x,x,x,x,x
A008,"Maize, tender, sweet (Zea mays)",4,74.40±0.71,4.16±0.41,0.36±0.06,1.35±0.07,3.30±0.51,2.71±0.53,0.59±0.11,16.42±0.89,405±14,0.10±0.008,0.14±0.007,1.14±0.02,0.32±0.04,0.38±0.084,1.91±0.30,59.71±7.70,5.72±0.76,,16.94±2.13,,,0.07±0.00,,0.30±0.06,0.03±0.01,,,,,0.10±0.01,1.80±0.32,,108±25.0,28.19±4.22,,58.41±4.60,,,47.01±6.23,1035±154,0.11±0.02,,,6.37±1.07,0.002±0.001,0.001±0.000,0.11±0.02,0.54±0.07,,,36.51±1.87,0.32±0.04,,0.006±0.001,0.009±0.004,121±13.6,297±4.1,2.17±1.11,2.23±0.06,0.77±0.09,12.11±0.64,7.45±0.68,0.91±0.04,0.97±0.02,2.79±0.03,,4.67±0.05,,,x,,,x,106±2.4,14.36±0.59,2.95±0.08,,,,,174±6.1,2.05±0.22,,,292±10.3,,x,7.65±0.33,x,,x,x,x,123±2.9,176±6.3,300±10.3,x,2.16±0.18,3.45±0.08,10.61±0.71,2.06±0.17,1.76±0.09,1.36±0.15,3.05±0.21,2.88±0.53,0.70±0.05,3.88±0.29,7.61±0.20,3.63±0.21,8.55±1.21,18.72±1.81,4.65±0.37,8.60±0.11,5.62±0.12,3.26±0.22,1.67±0.15,1.45±0.08,0.34±0.12,0.26±0.01,,0.78±0.07,0.64±0.15,4.56±0.78,1.90±0.53,2.24±0.43,0.03±0.01,,1.09±0.19,1.43±0.16,,,,0.50±0.05,0.51±0.27,0.87±0.02,1.39±0.14,,,,,,,,,,,,,,,,,,,,,,,,,,,1.54±0.34,,,,,5.63±0.06,2.63±0.06,41.71±0.52,221±17.1,,x,x,x,x,x,x,x,x,x,x,x,x,x,x,x,x,x,x,x,x,x,x
A009,Quinoa (Chenopodium quinoa),1,10.43,13.11,2.65,5.5,14.66,10.21,4.46,53.65,1374,0.83,0.22,1.7,0.62,0.21,0.62,173,,,,,,2.08,0.06,2.85,,,,,,2.08,2,,11.88,10.05,,,,,5.12,153,,0.03,0.002,198,0.004,,0.48,7.51,,,119,1.77,,,0.004,212,474,7.81,4.5,3.31,49.82,48.41,,1.41,,,1.41,,,x,,82.76,x,434,52.88,,,,44.41,56.79,1323,,,,2203,,x,204,x,,x,x,x,570,1424,2406,x,2.98,3.75,6.08,5.55,2.24,1.85,4.35,3.01,1.25,4.55,4.35,7.85,8.4,13.75,4.8,5.67,4.56,1.98,82.94,42.22,40.72,,,25.07,0.23,,2.07,,6.7,0.44,9.7,4.9,,0.11,0.02,,0.13,,,,,0.13,0.19,3.6,1.9,3.4,4.4,4.3,,,,,,,,,,,,,,,,65.72,,74,,,,,0.91,1.89,46.1,120,,x,x,x,x,x,x,x,x,x,x,x,x,x,x,x,x,x,x,x,x,x,x
A010,Ragi (Eleusine coracana),5,10.89±0.61,7.16±0.63,2.04±0.34,1.92±0.14,11.18±1.14,9.51±0.65,1.67±0.55,66.82±0.73,1342±10,0.37±0.041,0.17±0.008,1.34±0.02,0.29±0.19,0.05±0.007,0.88±0.05,34.66±4.97,,,41.46±3.12,,,0.09±0.01,,0.66±0.06,,,,,,0.16±0.01,3.00±0.44,,25.53±5.82,1.45±0.23,,,,,1.53±0.25,154±25.6,3.64±0.69,,0.004±0.004,364±58.0,0.032±0.019,0.022±0.009,0.67±0.22,4.62±0.36,0.005±0.002,0.003±0.003,146±10.7,3.19±0.88,3.96±1.41,0.011±0.008,0.078±0.020,210±58.4,443±59.6,15.30±6.23,4.75±0.14,2.53±0.51,62.47±1.24,62.13±1.31,,0.25±0.06,0.12±0.02,,0.34±0.06,,,x,,,x,290±15.4,27.86±2.43,,,,,,585±36.3,,,,362±15.3,,x,68.58±11.85,x,,x,x,x,317±17.0,585±36.3,431±20.7,x,2.37±0.46,3.70±0.44,8.86±0.54,2.83±0.34,2.74±0.27,1.48±0.23,5.70±1.27,3.84±0.45,0.91±0.30,5.65±0.44,6.71±0.80,4.33±0.48,6.40±0.53,20.22±0.73,3.59±0.35,5.42±0.42,4.81±0.57,3.37±0.80,39.58±6.47,31.16±3.05,8.58±1.55,,,0.20±0.06,0.75±0.35,,1.89±0.56,1.60±0.26,,,2.38±0.35,0.34±0.06,1.38±0.36,,,,,,,2.58±0.49,,10.45±1.17,,,,,,,,,,,,,,,,,,15.52±0.90,,,,0.28±0.02,,135±2.2,0.02±0.006,,,,5.67±0.15,2.55±0.03,57.36±1.80,306±6.9,,x,x,x,x,x,x,x,x,x,x,x,x,x,x,x,x,x,x,x,x,x,x
A011,Rice flakes (Oryza sativa),6,10.36±0.53,7.44±0.35,0.85±0.13,1.14±0.11,3.46±0.32,2.65±0.34,0.81±0.12,76.75±0.96,1480±16,0.12±0.020,0.04±0.006,1.60±0.09,0.48±0.06,0.02±0.002,0.39±0.09,8.46±0.93,,,,,,0.05±0.01,,,,,,,,0.05±0.01,1.00±0.53,,1.46±0.25,,,,,,,33.61±4.26,2.44±0.60,,0.002±0.001,9.19±1.33,0.050±0.027,0.007±0.003,0.26±0.05,4.46±0.81,0.005±0.003,0.002±0.002,77.92±12.75,0.89±0.13,,0.049±0.011,0.043±0.015,195±20.5,148±13.8,,2.58±0.06,1.49±0.21,68.40±1.67,68.06±1.81,,0.20±0.07,0.14±0.02,,0.34±0.06,,,x,,,x,261±20.2,23.68±1.50,,,,,,425±11.4,,,,553±38.2,,x,24.37±4.81,x,,x,x,x,284±20.6,425±11.4,577±36.4,x,2.28±0.10,3.62±0.79,8.05±0.64,3.62±0.27,2.11±0.51,1.65±0.47,5.22±0.24,3.17±0.40,1.11±0.13,5.40±1.23,6.34±0.96,7.62±0.40,9.20±0.82,18.60±1.02,4.35±0.30,4.27±0.36,4.78±0.93,3.75±0.51,10.97±0.60,8.52±0.48,2.45±0.40,,,1.28±0.10,0.48±0.23,,1.35±0.28,,0.05±0.02,,0.03±0.01,0.03±0.02,,,,0.05±0.01,0.06±0.01,0.70±0.06,0.07±0.01,,,,,,,,,,,,,,,,,,,,,,,,0.07±0.01,0.06±0.02,,3.16±0.24,,,,,3.48±0.32,2.15±0.05,21.26±0.88,474±21.1,,x,x,x,x,x,x,x,x,x,x,x,x,x,x,x,x,x,x,x,x,x,x
A012,Rice puffed (Oryza sativa ),6,9.40±0.22,7.47±0.15,1.28±0.10,1.62±0.13,2.56±0.33,1.76±0.13,0.80±0.38,77.68±0.54,1514±4,0.11±0.018,0.04±0.017,1.87±0.10,0.38±0.03,0.07±0.005,1.26±0.08,,,,,,,0.04±0.01,,,,,,,,0.04±0.01,1.00±0.42,,1.51±0.31,,,,,,,50.46±4.52,2.41±0.61,,0.004±0.003,15.09±2.92,0.028±0.007,0.007±0.002,0.25±0.05,4.55±1.03,0.013±0.006,0.004±0.002,64.59±6.01,0.91±0.15,,0.034±0.024,0.048±0.014,152±20.6,140±14.0,,3.69±0.87,1.45±0.29,69.89±2.19,69.25±2.16,,0.49±0.07,0.15±0.03,,0.64±0.08,,,x,,,x,43.29±5.23,3.55±0.45,,,,,,39.77±5.05,,,,43.42±5.98,,x,1.39±0.19,x,,x,x,x,46.84±5.55,39.77±5.05,44.80±6.15,x,2.11±0.13,3.68±0.88,7.75±0.47,3.14±0.21,2.00±0.32,1.34±0.13,5.33±0.27,3.03±0.44,1.07±0.29,5.37±1.33,6.19±1.01,7.04±0.50,8.79±1.05,17.96±0.97,4.03±0.39,4.04±0.55,4.62±0.55,4.13±0.54,6.27±0.24,5.59±0.21,0.68±0.25,,,0.49±0.21,0.45±0.12,,1.30±0.28,,0.04±0.01,,0.02±0.01,0.05±0.02,,,,0.04±0.01,0.05±0.02,0.06±0.01,0.02±0.01,,,,,,,,,,,,,,,,,,,,,,,,0.03±0.02,0.07±0.02,,2.76±0.63,,,,,2.72±0.07,1.52±0.07,16.61±0.85,115±12.3,,x,x,x,x,x,x,x,x,x,x,x,x,x,x,x,x,x,x,x,x,x,x
A013,"Rice, raw, brown (Oryza sativa )",6,9.33±0.39,9.16±0.75,1.04±0.18,1.24±0.08,4.43±0.54,3.60±0.55,0.82±0.15,74.80±0.85,1480±10,0.27±0.023,0.06±0.011,3.40±0.12,0.61±0.04,0.37±0.035,1.38±0.21,11.51±1.69,,,,,,0.62±0.08,0.05±0.02,0.42±0.57,,0.03±0.02,,0.05±0.02,0.02±0.01,0.69±0.12,2.00±0.83,,13.15±4.03,,,,,,,159±13.9,0.60±0.18,,0.002±0.001,10.93±1.79,0.005±0.002,0.011±0.003,0.37±0.14,1.02±0.35,0.002±0.001,,93.91±9.11,1.70±0.45,,0.053±0.026,0.038±0.024,267±64.9,199±40.9,2.26±0.43,3.64±0.08,1.68±0.33,72.00±1.87,71.31±1.91,,0.55±0.08,0.14±0.02,,0.69±0.08,,1.39±0.31,x,,30.42±3.15,x,273±14.9,33.01±4.34,3.09±0.21,1.98±0.21,2.49±0.38,,2.77±0.46,197±15.4,1.89±0.25,,0.89±0.22,490±33.2,,x,16.10±0.92,x,,x,x,x,346±20.3,203±15.7,506±33.6,x,2.36±0.18,4.08±0.51,8.40±0.55,3.63±0.29,2.39±0.26,2.02±0.12,5.50±0.49,3.38±0.25,1.00±0.17,6.72±0.36,6.60±0.75,7.69±0.37,8.68±0.46,18.75±1.03,4.28±0.19,4.33±0.39,4.64±0.62,4.36±0.36,12.06±1.05,9.30±0.83,1.96±0.44,,,1.72±0.60,0.50±0.29,,1.85±0.60,,0.04±0.01,,0.02±0.01,0.05±0.02,,,,0.04±0.01,0.05±0.02,0.06±0.01,0.02±0.01,,,,,,,,,,,,,,,,,,,,,,,,0.03±0.02,0.07±0.02,,2.81±0.69,0.08±0.058,,,,3.22±0.03,1.73±0.04,17.21±0.79,742±14.5,,x,x,x,x,x,x,x,x,x,x,x,x,x,x,x,x,x,x,x,x,x,x
A015,"Rice, raw, milled (Oryza sativa )",6,9.93±0.75,7.94±0.58,0.56±0.08,0.52±0.05,2.81±0.42,1.99±0.39,0.82±0.22,78.24±1.07,1491±15,0.05±0.019,0.05±0.006,1.69±0.13,0.57±0.05,0.12±0.012,0.60±0.12,9.32±1.93,,,,,,0.04±0.03,,0.06±0.02,,0.03±0.02,,0.05±0.02,,0.06±0.03,1.50±0.40,,1.49±0.46,,,,,,,16.87±5.61,0.44±0.30,,0.002±0.002,7.49±1.26,0.005±0.003,0.003±0.002,0.23±0.06,0.65±0.11,0.005±0.004,0.002±0.002,19.30±6.99,0.73±0.21,,0.056±0.037,0.022±0.012,96±16.30,108±10.9,1.01±0.13,2.34±0.28,1.21±0.17,76.39±2.76,75.70±2.70,,0.54±0.25,0.15±0.06,,0.69±0.28,,0.85±0.30,x,,13.19±3.00,x,143±28.0,14.50±3.27,1.46±0.40,1.98±1.49,1.14±0.35,,1.49±0.47,109±21.2,1.54±0.44,,0.75±0.36,234±45.8,,x,9.51±1.09,x,,x,x,x,184±8.9,117±6.6,253±13.2,x,2.45±0.30,4.29±0.23,8.09±0.40,3.70±0.39,2.60±0.34,1.84±0.18,5.36±0.43,3.28±0.27,1.27±0.14,6.06±0.02,5.51±0.40,7.72±0.55,8.73±0.80,18.92±1.76,4.18±0.16,4.31±0.78,4.95±0.21,4.36±0.41,1.92±0.37,1.58±0.37,0.35±0.08,,,0.07±0.06,0.48±0.34,,1.54±0.41,,0.05±0.02,,0.04±0.01,0.05±0.01,,,,0.05±0.02,0.06±0.02,0.65±0.10,0.59±0.09,,,,,,,,,,,,,,,,,,,,,,,,0.07±0.03,0.08±0.05,,3.14±0.44,,,,,2.68±0.16,1.75±0.14,21.86±0.71,266±9.6,,x,x,x,x,x,x,x,x,x,x,x,x,x,x,x,x,x,x,x,x,x,x
A018,"Wheat flour, refined (Triticum aestivum)",6,11.34±0.93,10.36±0.29,0.51±0.07,0.76±0.07,2.76±0.29,2.14±0.30,0.62±0.14,74.27±0.92,1472±16,0.15±0.017,0.06±0.008,0.77±0.07,0.72±0.08,0.08±0.008,0.58±0.09,16.25±2.62,,,6.73±0.96,,,0.05±0.01,,,,0.02±0.01,,,,0.05±0.01,1.00±0.46,,24.41±9.21,1.30±0.72,,,,,1.97±0.80,270±69.0,0.94±0.33,,0.001±0.000,20.40±2.46,0.005±0.002,0.001±0.001,0.17±0.02,1.77±0.38,0.004±0.002,0.003±0.003,30.69±2.77,0.63±0.09,,0.013±0.003,0.005±0.003,110±9.8,148±7.0,,1.54±0.48,0.88±0.07,71.82±1.07,70.03±1.01,0.64±0.03,0.75±0.02,0.40±0.05,,1.79±0.08,,,x,,,x,91.24±1.50,7.31±0.73,,,,,,50.64±2.98,,,,325±6.8,,x,17.45±1.21,x,,x,x,x,98.55±1.87,50.64±2.98,343±7.8,x,1.95±0.23,3.19±0.27,6.22±0.46,2.05±0.18,1.64±0.20,2.03±0.27,4.29±0.28,2.34±0.08,1.04±0.16,4.01±0.44,2.98±0.37,3.49±0.28,4.63±0.39,31.57±1.80,3.21±0.20,9.23±0.64,4.77±0.39,2.62±0.15,20.22±0.77,11.02±0.64,9.20±0.57,,,1.07±0.07,0.02±0.01,5.57±1.78,1.05±0.06,1.07±0.04,0.23±0.09,,0.09±0.01,0.13±0.01,0.63±0.10,,,0.06±0.02,0.07±0.02,0.16±0.02,0.04±0.01,,0.07±0.02,,,,,,,,,,,,,,,,,,,,,,0.02±0.01,0.06±0.02,,5.17±0.24,0.35±0.016,,,,3.77±0.12,0.53±0.03,25.63±0.90,123±16.0,,x,x,x,x,x,x,x,x,x,x,x,x,x,x,x,x,x,x,x,x,x,x
A019,"Wheat flour, atta (Triticum aestivum)",6,11.10±0.35,10.57±0.37,1.28±0.19,1.53±0.12,11.36±0.29,9.73±0.47,1.63±0.64,64.17±0.32,1340±7,0.42±0.044,0.15±0.010,2.37±0.10,0.87±0.04,0.25±0.032,0.76±0.12,29.22±1.92,,,13.43±1.77,,,0.21±0.09,0.06±0.01,,,0.06±0.03,,,,0.26±0.09,1.50±0.47,,42.12±11.27,1.31±0.69,,,,,2.67±1.29,284±31.9,1.54±0.53,,0.001±0.001,30.94±3.65,0.006±0.005,0.006±0.003,0.48±0.11,4.10±0.67,0.006±0.003,0.002±0.001,125±11.5,2.98±0.36,,0.022±0.009,0.021±0.015,315±41.4,311±38.3,53.12±5.47,2.04±0.31,2.85±0.32,58.62±2.68,56.82±2.69,0.72±0.03,0.78±0.05,0.30±0.02,,1.80±0.06,,,x,,,x,191±5.6,14.55±3.10,,,,,,149±7.5,,,,697±19.4,,x,44.93±1.64,x,,x,x,x,206±8.2,149±7.5,742±19.2,x,2.56±0.25,3.78±0.21,6.13±0.48,2.42±0.22,1.77±0.08,2.24±0.18,5.03±0.14,2.58±0.14,0.99±0.16,5.12±0.48,3.88±1.11,4.70±0.21,5.06±0.16,29.61±2.08,3.76±0.56,10.27±0.84,4.73±0.49,2.10±0.06,52.38±10.71,26.20±1.99,24.18±1.35,,,1.50±0.13,0.02±0.01,6.49±1.98,1.15±0.12,1.41±0.18,0.68±0.19,,0.62±0.11,0.26±0.08,2.79±0.37,,,0.38±0.09,0.78±0.07,0.71±0.13,0.14±0.01,,0.31±0.08,,,,,,,,,,,,,,,,,,,,,,0.04±0.01,0.13±0.02,,13.98±2.54,0.47±0.100,0.04±0.005,,,6.21±0.20,0.77±0.03,36.60±2.69,632±15.9,,x,x,x,x,x,x,x,x,x,x,x,x,x,x,x,x,x,x,x,x,x,x
A020,"Wheat, whole (Triticum aestivum)",6,10.58±1.11,10.59±0.60,1.42±0.19,1.47±0.05,11.23±0.77,9.63±0.19,1.60±0.75,64.72±1.74,1347±23,0.46±0.067,0.15±0.041,2.68±0.19,1.08±0.21,0.26±0.036,1.03±0.58,30.09±3.79,,,17.49±3.51,,,0.60±0.33,0.37±0.12,,,0.07±0.03,,,,0.77±0.35,1.75±0.26,,52.56±5.67,1.47±0.68,,,,,3.03±2.13,287±40.5,0.55±0.23,,0.002±0.001,39.36±5.65,0.006±0.003,0.003±0.002,0.49±0.12,3.97±0.78,,0.005±0.004,125±14.8,3.19±0.59,,0.073±0.030,0.014±0.005,315±41.8,366±59.6,47.76±5.96,2.50±0.20,2.85±0.65,59.30±1.86,57.53±1.86,0.74±0.11,0.73±0.08,0.30±0.09,,1.77±0.15,,,x,,,x,176±7.4,14.83±2.25,,,,,,141±9.4,,,,616±22.1,,x,38.51±3.88,x,,x,x,x,191±8.0,141±9.4,654±23.7,x,2.65±0.31,3.83±0.20,6.81±0.33,3.13±0.26,1.75±0.21,2.35±0.23,4.75±0.38,3.01±0.17,1.40±0.10,5.11±0.05,3.64±0.21,5.13±0.33,5.44±0.33,27.06±1.76,4.19±0.23,10.25±1.49,4.80±0.14,3.12±0.31,52.46±3.32,25.55±7.62,26.96±7.58,,,1.61±0.39,0.03±0.03,6.16±2.71,1.48±0.58,1.72±0.59,0.71±0.14,,0.74±0.35,0.40±0.31,2.44±0.25,,,0.67±0.15,0.68±0.12,0.76±0.11,0.15±0.02,,0.30±0.06,,,,,,,,,,,,,,,,,,,,,,0.07±0.01,0.12±0.02,,14.33±1.76,0.47±0.171,0.05±0.030,,,9.73±0.15,1.42±0.12,55.25±2.06,638±29.2,,x,x,x,x,x,x,x,x,x,x,x,x,x,x,x,x,x,x,x,x,x,x
A021,"Wheat, bulgur (Triticum aestivum)",6,8.61±0.32,10.84±0.75,1.23±0.06,1.45±0.02,8.81±0.45,6.56±0.20,2.25±0.38,69.06±0.74,1430±6,0.24±0.027,0.12±0.004,2.05±0.05,0.84±0.03,0.24±0.011,2.50±0.35,26.30±3.61,,,6.27±0.31,,,0.20±0.01,,,,0.05±0.02,,,,0.21±0.01,1.50±0.41,,47.67±13.64,1.06±0.80,,,,,2.55±0.85,191±15.1,0.43±0.16,0.40±0.18,0.001±0.001,27.09±1.62,0.007±0.002,0.001±0.000,0.40±0.07,3.86±0.34,0.008±0.011,,116±14.0,1.95±0.13,2.01±0.12,0.029±0.013,0.018±0.016,245±27.9,330±33.4,10.54±2.23,2.09±0.34,1.97±0.25,61.74±3.52,60.54±3.62,0.32±0.34,0.55±0.13,0.33±0.08,,1.20±0.24,,,x,,,x,179±4.2,17.41±2.78,,,,,,152±5.8,,,,657±9.0,,x,42.69±3.34,x,,x,x,x,196±2.6,152±5.8,700±11.3,x,2.23±0.25,3.48±0.28,6.61±0.66,2.42±0.10,1.62±0.36,1.96±0.05,4.46±2.10,2.46±0.34,1.11±0.15,4.28±0.25,3.48±0.42,5.36±0.54,5.15±0.19,30.48±5.06,4.27±0.19,10.49±0.52,4.87±0.17,2.46±1.23,40.23±1.94,25.27±2.11,14.96±0.69,,,1.57±0.27,0.02±0.01,6.42±2.91,1.54±0.42,1.43±0.13,0.68±0.10,,0.71±0.12,0.40±0.09,2.75±0.62,,,0.63±0.07,0.66±0.13,0.73±0.13,0.15±0.01,,0.26±0.02,,,,,,,,,,,,,,,,,,,,,,0.06±0.02,0.11±0.01,,9.53±1.40,0.35±0.062,,,,4.14±0.02,0.75±0.03,25.41±0.18,679±14.9,,x,x,x,x,x,x,x,x,x,x,x,x,x,x,x,x,x,x,x,x,x,x
A022,"Wheat, semolina (Triticum aestivum)",6,8.94±0.68,11.38±0.37,0.80±0.17,0.74±0.10,9.72±0.74,8.16±0.58,1.55±0.18,68.43±0.99,1396±18,0.29±0.025,0.04±0.004,1.13±0.10,0.75±0.08,0.11±0.010,0.44±0.04,25.68±3.64,,,8.19±0.81,,,0.16±0.02,0.07±0.02,,,0.05±0.03,,,,0.20±0.01,1.20±0.48,,29.94±7.39,1.13±0.66,,,,,1.60±0.59,276±29.9,0.64±0.19,,0.002±0.001,29.38±2.11,0.006±0.003,0.003±0.002,0.46±0.11,2.98±0.34,0.004±0.000,0.002±0.002,37.89±3.71,1.98±0.18,2.67±3.69,0.018±0.011,0.008±0.006,119±8.5,284±26.5,10.93±5.06,2.31±0.61,2.13±0.32,59.85±2.99,58.20±2.95,0.60±0.04,0.55±0.03,0.50±0.04,,1.65±0.08,,,x,,,x,81.63±4.28,7.24±1.49,,,,,,67.34±3.25,,,,306±3.0,,x,19.21±0.84,x,,x,x,x,88.87±5.16,67.34±3.25,325±2.4,x,2.38±0.27,3.43±0.26,6.71±0.59,2.54±0.13,1.57±0.23,1.79±0.03,4.77±0.32,2.71±0.15,1.04±0.12,4.47±0.39,3.46±0.35,4.34±0.20,4.94±0.21,31.05±1.75,3.50±0.11,9.49±0.84,4.44±0.67,3.00±0.24,28.43±3.76,22.74±2.63,5.90±0.59,,,1.04±0.02,0.02±0.01,5.81±1.71,1.09±0.09,1.21±0.26,0.25±0.05,,0.12±0.01,0.18±0.05,0.23±0.07,,,0.05±0.02,0.14±0.02,0.28±0.07,0.05±0.02,0.03±0.01,0.04±0.01,,,,,,,,,,,,,,,,,,,,,,0.03±0.01,0.04±0.01,,6.50±1.30,0.47±0.194,0.05±0.003,,,10.36±0.26,1.36±0.04,54.28±2.53,549±11.7,,x,x,x,x,x,x,x,x,x,x,x,x,x,x,x,x,x,x,x,x,x,x
A023,"Wheat, vermicelli (Triticum aestivum)",6,9.59±0.37,9.70±0.52,0.60±0.04,0.45±0.03,9.28±0.69,7.53±0.51,1.75±0.24,70.39±0.61,1392±8,0.13±0.011,0.01±0.003,0.86±0.02,0.52±0.05,0.03±0.004,2.00±0.19,14.35±2.38,,,4.06±0.35,,,0.03±0.01,,,,0.03±0.02,,,,0.03±0.01,1.00±0.51,,19.31±5.80,0.89±0.57,,,,,1.68±0.31,39.54±5.33,1.15±0.38,,0.001±0.001,19.42±1.74,0.006±0.005,0.002±0.001,0.19±0.03,2.02±0.41,0.008±0.002,0.001±0.001,34.18±5.28,0.67±0.11,,0.031±0.016,0.008±0.002,99±12.94,163±26.7,15.33±3.25,2.71±0.79,0.83±0.12,56.99±1.91,55.31±1.93,0.60±0.02,0.58±0.02,0.50±0.02,,1.68±0.03,,,x,,,x,59.43±4.42,5.15±0.65,,,,,,36.06±2.43,,,,209±17.4,,x,11.26±0.74,x,,x,x,x,64.59±4.94,36.06±2.43,220±17.8,x,1.76±0.11,1.56±0.56,5.23±1.23,1.83±0.04,1.17±0.14,1.83±0.02,4.90±1.74,2.26±0.16,1.07±0.09,3.54±1.35,3.59±0.13,2.98±0.43,5.39±0.97,31.96±1.20,4.54±1.77,9.89±1.65,5.33±0.62,2.18±0.76,23.84±2.34,18.86±1.94,5.57±0.78,4.20±0.70,,1.20±0.20,0.02±0.01,4.86±2.13,0.97±0.77,0.62±0.11,0.21±0.03,,0.04±0.03,0.15±0.05,0.11±0.02,,,0.04±0.01,0.02±0.01,0.24±0.03,0.03±0.01,,0.03±0.01,,,,,,,,,,,,,,,,,,,,,,0.03±0.01,0.03±0.01,,5.55±0.34,,,,,2.80±0.08,0.40±0.02,22.37±0.28,168±14.6,,x,x,x,x,x,x,x,x,x,x,x,x,x,x,x,x,x,x,x,x,x,x
A024,"Wheat, vermicelli, roasted (Triticum aestivum)",6,7.61±0.47,10.37±0.70,0.56±0.04,0.49±0.05,9.55±0.40,7.79±0.29,1.76±0.18,71.42±0.71,1423±13,0.12±0.012,0.01±0.002,0.67±0.05,0.49±0.05,0.03±0.001,1.34±0.18,13.21±2.15,,,3.21±0.21,,,0.01±0.01,,,,0.02±0.01,,,,0.01±0.01,1.00±0.52,,12.89±4.12,1.08±0.42,,,,,0.92±0.58,21.33±5.71,1.20±0.16,,0.001±0.000,22.63±3.46,0.007±0.002,0.003±0.002,0.22±0.05,2.09±0.42,0.009±0.008,0.001±0.000,39.03±7.18,0.75±0.15,,0.019±0.004,0.010±0.005,107±21.6,177±30.3,14.29±3.11,3.43±0.14,0.88±0.22,56.69±2.10,54.55±2.05,0.63±0.16,1.01±0.02,0.50±0.05,,2.14±0.17,,,x,,,x,46.97±4.72,2.98±0.21,,,,,,28.84±1.22,,,,162±12.8,,x,8.55±0.50,x,,x,x,x,49.95±4.74,28.84±1.22,170±13.1,x,1.63±0.23,1.46±0.13,5.63±0.24,1.54±0.30,1.15±0.08,1.85±0.08,4.96±2.06,2.25±0.28,0.99±0.14,3.71±0.24,3.74±0.55,2.84±0.49,4.78±0.75,34.08±0.60,4.35±0.47,9.43±0.72,5.35±0.41,1.92±0.82,21.91±1.31,17.55±1.95,5.66±0.77,2.89±0.58,,1.05±0.03,0.02±0.01,4.13±1.90,0.83±0.38,0.64±0.27,0.20±0.04,,0.02±0.01,0.07±0.03,0.06±0.01,,,0.02±0.01,0.03±0.01,0.03±0.02,0.03±0.02,,0.03±0.01,,,,,,,,,,,,,,,,,,,,,,0.02±0.00,0.02±0.01,,7.37±0.57,,,,,3.23±0.02,0.47±0.01,25.58±0.15,165±12.9,,x,x,x,x,x,x,x,x,x,x,x,x,x,x,x,x,x,x,x,x,x,x
B001,"Bengal gram, dal (Cicer arietinum)",6,9.18±0.58,21.55±1.45,2.10±0.10,5.31±0.06,15.15±0.17,12.67±0.22,2.48±0.15,46.72±1.29,1377±10,0.35±0.029,0.15±0.003,1.87±0.06,1.60±0.24,0.19±0.008,0.81±0.09,182±4.5,,,1.75±0.17,,,0.08±0.01,,1.13±0.10,0.03±0.01,,,,,0.19±0.01,1.50±0.62,,314±82.4 ,1.05±0.44 ,,,,,165±22.8 ,1018±16.9,0.65±0.19,,,46.32±5.12,0.008±0.006,0.024±0.006,0.82±0.12,6.08±0.27,0.011±0.013,0.003±0.001,118±12.9,1.68±0.16,1.78±0.12,0.047±0.034,0.141±0.031,325±14.0,957±23.7,50.97±22.01,20.83±0.15,3.65±0.37,41.52±0.87,40.49±0.83,0.10±0.02,0.10±0.01,0.63±0.23,0.20±0.03,1.03±0.23,,,x,,,x,405±6.6 ,51.90±2.23 ,11.55±1.42 ,,,,7.89±0.99 ,855±18.9,13.23±2.17 ,,,2360±51.0 ,,x,116±5.1 ,x,,x,x,x,469±8.0 ,876±17.9 ,2476±51.6,x,2.39±0.34 ,4.25±0.26 ,6.91±0.65 ,6.06±0.52 ,1.12±0.31 ,0.84±0.14 ,5.97±1.06 ,3.24±0.34 ,1.09±0.25 ,4.09±0.41,4.11±0.36 ,8.83±0.53 ,11.73±0.80 ,16.52±0.10 ,3.46±0.24 ,3.53±0.25 ,4.56±0.45 ,2.72±0.29,6.49±1.18 ,5.29±0.51 ,1.20±0.66 ,,,55.58±1.22 ,0.52±0.14 ,,0.74±0.09,,0.02±0.01 ,,0.02±0.01 ,,,,,,0.69±0.03,,1.59±0.46 ,,,4.25±1.21,,,,,,,0.84±0.02 ,1.49±0.25 ,,,,,0.01±0.01 ,0.07±0.01,,,,,,,5.68±1.07 ,,,14.13±0.67,0.23±0.048 ,0.61±0.153 ,,,8.03±0.59 ,3.61±0.16 ,90.28±2.92 ,450±23.2 ,1.10±0.16,x,x,x,x,x,x,x,x,x,x,x,x,x,x,x,x,x,x,x,x,x,x
B003,"Black gram, dal (Phaseolus mungo)",6,9.16±0.35,23.06±0.59,3.17±0.02,1.69±0.12,11.93±0.26,7.58±0.13,4.35±0.15,51.00±0.80,1356±9,0.21±0.005,0.09±0.003,1.76±0.09,2.95±0.26,0.22±0.029,0.81±0.13,88.75±2.35,,,8.42±0.19,,,0.04±0.01,,1.29±0.12,0.05±0.01,,,,,0.17±0.02,8.30±1.51,,83.87±22.87,,,,,,10.11±2.10,279±54.8,1.19±0.33,,,55.67±6.10,0.011±0.004,0.014±0.004,0.64±0.08,4.67±0.55,0.004±0.000,0.002±0.001,173±3.1,1.46±0.06,2.11±0.44,0.054±0.032,0.249±0.070,375±43.7,1157±38.0,23.99±2.15,18.88±2.27,3.00±0.18,48.73±1.91,47.89±1.90,0.20±0.03,0.20±0.02,0.44±0.14,,0.84±0.15,,,x,,,x,221±9.9,54.60±2.89,,,,,,186±8.1,,,,176±7.7,,x,566±25.6,x,,x,x,x,276±12.2,186±8.1,742±32.5,x,2.64±0.11,3.75±0.92,7.93±0.45,6.22±0.21,1.31±0.35,0.49±0.04,5.68±0.91,2.99±0.19,1.07±0.12,4.61±1.06,4.73±0.57,6.25±0.47,11.96±0.71,18.38±1.37,3.38±0.26,3.73±0.28,5.54±0.61,3.04±0.23,43.78±1.49,24.50±1.68,19.68±1.55,,,1.65±0.48,0.54±0.24,,0.79±0.22,,,,,0.06±0.02,,,,0.59±0.10,,0.36±0.03,0.14±0.01,2.43±0.38,0.29±0.03,0.09±0.02,1.40±0.32,0.05±0.02,,1.69±0.26,,,,1.53±0.01,,,,,0.03±0.01,,,,,,,,,0.26±0.04,,32.43±6.76,0.03±0.013,0.17±0.053,1.13±0.158,0.06±0.030,3.45±0.33,11.21±0.45,42.37±2.23,579±11.8,1.20±0.05,x,x,x,x,x,x,x,x,x,x,x,x,x,x,x,x,x,x,x,x,x,x
B005,"Cowpea, brown (Vigna catjang)",6,9.42±0.39,20.36±0.59,2.90±0.11,1.15±0.06,11.54±0.13,8.75±0.09,2.80±0.05,54.62±0.49,1340±7,0.33±0.087,0.09±0.009,1.64±0.03,1.47±0.31,0.30±0.033,3.97±0.12,231±27.3,,,0.92±0.02,,,0.33±0.02,,3.50±0.21,2.44±0.22,,,,,0.70±0.03,1.75±0.14,,83.34±26.30,,,,,,7.08±1.58,218±16.8,1.36±0.61,,,81.73±7.63,0.010±0.002,0.013±0.002,0.81±0.16,5.90±1.26,,0.006±0.002,213±20.3,1.51±0.29,,0.108±0.052,0.233±0.071,372±32.9,1241±116,23.95±4.40,13.68±0.07,3.41±0.41,47.09±0.79,45.49±0.66,0.30±0.19,0.61±0.24,0.68±0.20,,1.60±0.38,,,x,,,x,227±5.6,33.10±1.30,6.84±0.76,11.52±0.79,4.43±0.43,,,57.69±6.88,2.89±0.50,,,343±9.8,,x,207±16.0,x,,x,x,x,283±5.3,60.58±6.62,550±24.0,x,2.93±0.42,4.10±0.58,7.49±1.23,6.67±1.26,1.38±0.16,0.57±0.09,5.47±0.49,3.80±0.61,1.05±0.03,4.87±0.59,4.24±0.57,7.10±1.36,10.11±1.15,19.02±2.19,4.69±0.51,4.60±0.28,4.44±0.18,2.83±0.26,14.34±1.86,10.83±1.05,2.55±0.78,0.02±0.01,,1.54±0.37,0.68±0.23,,5.38±3.28,,,,,,,,,0.45±0.09,0.28±0.12,1.30±0.32,,,,,,,,0.27±0.12,,,,,,,,,0.04±0.01,0.06±0.01,,,,,,,,,,59.65±5.21,0.14±0.011,1.24±0.075,0.01±0.000,,6.56±0.08,32.19±1.27,62.19±1.80,550±8.7,2.99±0.15,x,x,x,x,x,x,x,x,x,x,x,x,x,x,x,x,x,x,x,x,x,x
B006,"Cowpea, white (Vigna catjang)",1,9.32,21.25,2.83,1.14,11.7,8.91,2.79,53.77,1340,0.34,0.09,1.51,1.66,0.26,4.28,249,,,0.93,,,0.32,,3.06,2.7,,,,,0.65,1.7,,78.52,,,,,,8.21,250,0.4,,,84.1,0.004,0.017,0.68,5.04,,0.007,213,1.35,,0.226,0.228,378,1243,26.55,12.52,3.57,47.51,46.33,0.13,0.39,0.67,,1.18,,,x,,,x,228,34.43,6.34,12.19,4.05,,,67.63,2.49,,,354,,x,203,x,,x,x,x,285,70.12,557,x,3.25,4.4,7.96,7.14,1.53,0.6,5.63,4.1,0.92,5.31,5.06,7.44,11.01,18.2,4.09,4.05,4.8,3.25,17.23,1.29,15.94,0.02,,1.21,0.82,,1.35,,,,,,,,,0.52,0.41,1.64,,,,,,,,0.52,,,,,,,,,0.05,0.08,,,,,,,,,,63.57,0.12,1.13,0.01,,6.86,32.64,65.43,573,2.98,x,x,x,x,x,x,x,x,x,x,x,x,x,x,x,x,x,x,x,x,x,x
B007,"Field bean, black (Phaseolus vulgaris)",1,9.57,19.93,2.73,0.92,23.4,17.99,5.41,43.46,1155,0.35,0.07,1.88,0.85,0.35,0.66,291,,,4.35,,,0.24,,2.69,0.07,,,,,0.51,21.5,,48.99,,,,,,,207,0.53,,,78.16,0.01,0.021,1.03,4.5,,0.001,197,2.38,,0.073,0.184,457,1272,32.55,1.35,2.42,41.22,40.07,0.2,0.53,0.42,,1.15,,,x,,,x,142,36.97,3.33,2.61,2.68,,,80.07,,,,398,,x,69.82,x,,x,x,x,188,80.07,468,x,3.21,4.57,8.91,6.79,1.36,0.59,5.88,4.12,0.73,5.24,5.47,7.49,10.47,17.14,4.74,4.43,5.76,4,1.28,1.1,0.18,,,3.83,0.44,,6.84,,3.18,,,,,,,3.87,0.59,6.47,,,,,,,,,,,,,,,,,,,,,,,,,,,,180,0.12,0.38,0.01,,2.51,42.15,51.63,759,1.63,x,x,x,x,x,x,x,x,x,x,x,x,x,x,x,x,x,x,x,x,x,x
B008,"Field bean, brown (Phaseolus vulgaris)",1,8.74,19.9,2.74,0.98,22.4,17.32,5.08,45.24,1184,0.32,0.07,2.04,0.97,0.37,0.76,292,,,4.24,,,0.25,,2.74,0.06,,,,,0.53,20.7,,53.18,,,,,,,254,0.73,,,75.2,0.01,0.018,0.9,4.99,,0.001,173,2.38,,0.057,0.283,429,1245,22.82,1.41,2.44,43.47,42.3,0.2,0.29,0.68,,1.17,,,x,,,x,149,39.16,3.66,3.01,3.04,,,127,,,,389,,x,70.06,x,,x,x,x,198,127,460,x,3.23,4.59,8.88,6.75,1.38,0.52,5.72,3.97,0.78,5.16,5.37,7.71,10.07,17.28,4.25,4.43,5.61,3.85,1.26,1.1,0.16,,,2.24,0.52,,4.52,,2.67,,,,,,,2.68,0.64,5.14,,,,,,,,,,,,,,,,,,,,,,,,,,,,172,0.16,0.31,0.01,,2.8,46.17,51.14,773,1.71,x,x,x,x,x,x,x,x,x,x,x,x,x,x,x,x,x,x,x,x,x,x
B009,"Field bean, white (Phaseolus vulgaris)",5,8.61±0.36,19.84±1.04,3.09±0.15,0.94±0.02,22.99±0.83,17.45±2.27,5.54±2.28,44.53±1.42,1173±24,0.37±0.082,0.07±0.009,1.96±0.09,0.92±0.19,0.38±0.017,0.68±0.11,289±27.0,,,4.26±0.10,,,0.25±0.02,,2.65±0.59,0.07±0.00,,,,,0.52±0.06,22.65±1.15,,58.47±4.55,,,,,,,256±33.2,0.52±0.24,,,77.24±10.17,0.019±0.014,0.014±0.005,0.94±0.09,5.50±0.72,,0.001±0.001,190±15.1,2.41±0.33,,0.034±0.020,0.261±0.100,448±71.4,1360±33.0,21.52±1.34,1.70±0.04,2.80±0.18,44.32±1.37,42.25±0.52,0.10±0.01,0.41±0.06,0.56±0.23,,1.07±0.28,,,x,,,x,142±6.0,37.22±1.84,2.81±0.22,2.31±0.48,1.92±0.26,,,61.57±6.06,,,,426±6.2,,x,76.61±8.35,x,,x,x,x,186±6.9,61.57±6.06,503±12.8,x,2.82±0.76,4.41±0.36,8.48±0.66,6.13±0.68,1.40±0.18,0.57±0.09,5.76±0.32,3.97±0.31,0.89±0.07,4.96±0.36,5.19±0.37,7.01±0.73,10.61±0.60,16.59±2.32,4.04±0.28,4.24±0.31,5.51±0.40,3.84±0.21,1.23±0.05,0.97±0.07,0.31±0.08,,,3.12±0.73,0.89±0.44,,1.67±0.88,,2.56±0.30,,,,,,,3.97±1.00,0.60±0.14,5.52±0.50,,,,,,,,,,,,,,,,,,,,,,,,,,,,170±6.2,0.13±0.015,0.33±0.046,0.01±0.001,,2.47±0.18,43.19±2.38,53.83±1.78,791±15.8,1.75±0.18,x,x,x,x,x,x,x,x,x,x,x,x,x,x,x,x,x,x,x,x,x,x
B010,"Green gram, dal (Phaseolus aureus)",6,9.77±0.67,23.88±0.61,3.04±0.03,1.35±0.20,9.37±0.38,7.75±0.39,1.62±0.19,52.59±0.45,1363±10,0.35±0.071,0.12±0.016,1.84±0.23,1.68±0.17,0.19±0.011,0.65±0.06,92.11±5.11,,,2.05±0.08,,,0.06±0.01,,1.66±0.15,,,,,,0.23±0.02,8.30±0.85,,113±22.6,2.98±1.73,,,,,122±2.7,619±61.9,2.47±0.24,,,43.13±5.14,0.002±0.001,0.006±0.001,0.97±0.11,3.93±0.30,0.002±0.001,0.002±0.001,155±17.2,0.98±0.06,2.03±2.80,0.162±0.140,0.129±0.045,416±22.4,1268±85.3,50.14±8.92,10.14±0.33,2.49±0.12,42.01±0.79,41.06±0.64,0.10±0.01,0.30±0.02,0.55±0.20,,0.95±0.41,,,x,,,x,208±6.3,39.24±4.70,,,,,,35.85±4.30,,,,377±14.8,,x,157±14.9,x,,x,x,x,247±9.5,35.85±4.30,534±28.2,x,2.55±0.26,4.07±1.11,7.90±0.99,6.09±1.06,1.05±0.23,0.43±0.10,6.20±0.61,3.36±0.60,1.24±0.42,5.21±1.28,4.59±0.33,6.51±0.58,12.10±2.16,17.43±2.22,3.70±0.53,3.67±0.67,5.01±0.53,2.95±0.44,2.46±0.74,1.94±0.66,0.52±0.39,,,2.16±0.71,1.50±0.30,,1.33±0.26,,,,,0.75±0.15,,,,1.54±0.22,,,,0.04±0.01,,0.40±0.23,,0.08±0.01,0.04±0.02,,,,0.14±0.02,,,,,,,,,,,,,,,,,6.44±0.53,0.07±0.014,0.32±0.057,0.90±0.121,0.02±0.019,3.29±0.22,12.19±0.37,55.33±1.51,170±15.0,1.08±0.08,x,x,x,x,x,x,x,x,x,x,x,x,x,x,x,x,x,x,x,x,x,x
B013,Lentil dal (Lens culinaris),6,9.71±0.48,24.35±1.10,2.23±0.13,0.75±0.04,10.43±0.39,8.60±0.42,1.83±0.23,52.53±1.05,1349±11,0.34±0.034,0.16±0.005,1.81±0.02,1.32±0.03,0.18±0.022,1.25±0.20,49.99±4.91,,,1.31±0.12,,,0.02±0.01,,1.37±0.11,0.23±0.05,,,,,0.16±0.01,3.75±0.79,,5.92±3.05,,,,,,6.34±0.82,812±93.3,1.60±0.14,1.19±0.76,,44.32±4.74,0.006±0.002,0.009±0.003,0.96±0.11,7.06±0.55,,0.003±0.003,74.69±7.78,1.16±0.12,0.34±0.39,0.079±0.036,0.101±0.015,310±5.3,786±55.3,49.50±18.40,10.27±0.07,3.61±0.26,46.39±2.28,44.44±2.17,0.80±0.16,0.30±0.01,0.85±0.02,,1.95±0.17,,,x,,,x,79.74±3.82,11.28±0.91,,,,,,112±7.6,,,,266±15.4,,x,70.14±4.07,x,,x,x,x,91.02±3.30,112±7.6,336±18.9,x,1.93±0.32,3.74±0.91,7.10±0.86,6.12±0.71,0.54±0.19,0.55±0.07,5.10±0.73,3.31±0.24,0.81±0.07,5.02±0.39,4.45±0.70,7.92±0.44,12.69±1.67,18.31±0.61,3.67±0.26,3.63±0.31,4.90±0.64,2.95±0.21,10.46±1.00,8.42±1.07,2.04±0.42,,,2.77±0.94,0.18±0.07,21.37±4.24,0.70±0.20,0.12±0.11,0.13±0.03,,0.07±0.03,,1.52±0.41,0.11±0.02,,0.03±0.01,0.02±0.01,0.23±0.05,0.07±0.03,0.02±0.01,0.12±0.01,0.13±0.02,0.02±0.01,0.32±0.20,0.87±0.09,,0.76±0.08,,1.14±0.42,,,,,0.02±0.01,0.02±0.01,0.02±0.01,0.06±0.02,0.06±0.02,,0.11±0.02,,0.03±0.01,,7.17±0.74,4.10±1.57,14.94±2.10,0.07±0.015,0.57±0.066,0.08±0.018,,5.74±0.18,3.32±0.16,75.75±4.23,218±6.2,1.63±0.14,x,x,x,x,x,x,x,x,x,x,x,x,x,x,x,x,x,x,x,x,x,x
B014,"Lentil whole, brown (Lens culinaris)",6,9.20±0.77,22.49±0.58,2.39±0.35,0.64±0.02,16.82±1.30,14.16±1.33,2.66±0.42,48.47±1.12,1251±23,0.40±0.073,0.22±0.026,2.54±0.12,1.84±0.22,0.46±0.022,1.74±0.16,132±6.7,,,14.52±1.68,,,0.03±0.00,,1.64±0.18,0.30±0.03,,,,,0.19±0.02,7.27±0.69,,6.85±2.24,,,,,,10.29±1.09,924±89.0,2.60±0.43,0.46±0.47,,76.13±7.23,0.022±0.013,0.015±0.004,0.98±0.07,7.57±0.67,0.016±0.013,0.004±0.002,101±13.9,1.55±0.26,2.08±0.25,0.076±0.057,0.201±0.062,274±27.4,756±63.6,33.14±18.27,11.20±0.08,3.60±0.23,43.03±1.05,41.41±0.92,0.78±0.22,0.15±0.06,0.71±0.11,,1.63±0.33,,,x,,,x,70.01±2.45,11.20±0.99,,,,,,102±5.3,,,,221±8.1,,x,55.40±3.46,x,,x,x,x,81.22±2.82,102±5.3,277±9.7,x,2.07±0.14,4.17±0.05,7.36±0.34,6.78±0.51,0.84±0.03,1.18±0.04,4.61±0.68,3.35±0.05,0.76±0.04,4.85±0.06,5.75±0.61,7.44±2.06,12.48±1.70,17.25±1.68,4.78±0.08,5.01±1.49,5.51±0.21,2.40±0.77,10.74±0.61,8.71±0.71,3.04±1.44,1.56±0.28,,0.04±0.01,0.50±0.14,25.17±1.15,1.57±0.44,10.13±0.01,0.35±0.02,,0.28±0.05,,2.72±0.72,0.28±0.09,,0.25±0.09,0.08±0.02,,0.08±0.01,0.72±0.07,0.20±0.04,0.24±0.08,0.12±0.01,0.84±0.13,1.42±0.19,,1.28±0.09,,1.76±0.15,,,,,0.09±0.01,0.02±0.01,0.05±0.01,0.10±0.01,0.20±0.07,,0.34±0.08,,0.13±0.01,,13.77±1.70,8.18±0.97,274±21.9,0.21±0.031,0.92±0.099,0.02±0.009,,4.66±0.13,4.94±0.04,74.08±0.96,564±16.4,1.95±0.24,x,x,x,x,x,x,x,x,x,x,x,x,x,x,x,x,x,x,x,x,x,x
B015,"Lentil whole, yellowish (Lens culinaris)",2,9.75,22.87,2.2,0.61,16.66,14.15,2.51,47.91,1246,0.42,0.22,2.56,1.68,0.47,1.63,121,,,17.68,,,0.03,,1.58,0.3,,,,,0.19,5.25,,7.76,,,,,,12.64,939,1.02,,,76.66,0.012,0.012,0.88,7.91,0.016,0.004,86.38,1.56,1.62,0.299,0.145,261,764,56.28,10.87,3.31,43.58,42.08,0.5,0.23,0.77,,1.5,,,x,,,x,66.76,9.41,,,,,,92.18,,,,217,,x,57.16,x,,x,x,x,76.17,92.18,274,x,2.26,4.12,7.47,6.43,0.84,1.06,4.67,3.49,0.75,4.75,5.59,7.74,12.93,16.48,4.89,4.5,5.68,2.81,13.88,10.76,3.38,1.35,,0.1,0.68,23.29,1.31,12.95,0.43,,0.25,,2.65,0.23,,0.07,,2.56,0.12,0.05,0.17,0.22,0.09,0.61,1.46,,1.21,,,1.53,,,,0.07,0.06,0.06,0.12,0.11,,0.24,,0.16,,,,266,0.24,0.96,0.04,,4.47,4.96,73.59,585,0.89,x,x,x,x,x,x,x,x,x,x,x,x,x,x,x,x,x,x,x,x,x,x
B016,Moth bean (Vigna aconitifolia),6,8.14±0.49,19.75±0.38,3.14±0.18,1.76±0.09,15.12±0.49,14.50±0.44,0.62±0.10,52.09±0.96,1291±16,0.45±0.070,0.09±0.005,1.87±0.08,1.41±0.06,0.16±0.009,2.12±0.21,349±10.8,,,9.77±0.17,,,0.29±0.02,,5.04±0.44,0.26±0.02,,,,,0.79±0.05,22.75±1.22,,148±21.2,,,,,,3.57±1.03,622±72.9,0.54±0.42,,,154±17.0,0.003±0.001,0.019±0.007,0.64±0.06,7.90±0.17,,0.005±0.002,205±13.5,1.07±0.02,,0.059±0.025,0.180±0.014,362±31.7,1356±53.2,18.82±3.46,26.34±0.10,1.92±0.08,48.00±0.72,46.64±0.76,0.10±0.01,0.62±0.03,0.64±0.11,,1.36±0.11,,,x,,,x,320±7.9,97.75±3.22,7.94±0.27,4.79±0.50,2.83±0.28,,,72.25±5.74,,,,609±18.7,,x,240±7.8,x,,x,x,x,434±10.8,72.25±5.74,848±24.6,x,2.80±0.29,4.17±0.57,7.85±0.73,6.63±0.60,0.97±0.20,0.43±0.06,5.85±0.70,3.63±0.11,0.92±0.04,4.90±0.47,5.00±0.42,7.68±0.76,10.54±0.81,16.89±1.33,3.68±0.31,3.95±0.48,5.04±0.38,2.92±0.37,36.11±6.26,28.72±1.91,10.15±0.37,,,2.25±0.33,0.71±0.28,,4.25±1.68,,,,,,,,,0.09±0.01,0.55±0.13,2.56±0.86,,,,,,,,,,,,,,,,,,,,,,,,,,,,48.87±2.40,0.18±0.007,1.62±0.061,0.02±0.002,,10.40±0.29,27.32±1.35,93.84±1.32,609±9.3,3.12±0.20,x,x,x,x,x,x,x,x,x,x,x,x,x,x,x,x,x,x,x,x,x,x
B017,"Peas, dry (Pisum sativum)",6,9.33±0.61,20.43±0.79,2.41±0.09,1.89±0.08,17.01±0.63,14.55±0.73,2.47±0.17,48.93±0.45,1269±13,0.56±0.049,0.16±0.013,2.69±0.15,1.26±0.03,0.26±0.045,0.53±0.12,110±9.3,,,15.21±0.77,,,0.07±0.01,,2.50±0.24,,,,,,0.32±0.02,11.45±1.24,,474±35.6,23.41±7.12,,,,,65.71±8.07,933±94.1,0.52±0.19,,,75.11±13.93,0.010±0.007,0.009±0.004,0.68±0.06,5.09±0.45,0.005±0.003,0.003±0.003,123±8.1,1.08±0.09,1.83±3.36,0.113±0.084,0.111±0.021,334±18.3,922±67.4,50.07±3.23,23.40±0.07,3.10±0.14,45.07±2.32,43.04±2.09,0.61±0.04,0.48±0.26,0.94±0.08,,2.03±0.26,,,x,,,x,193±10.2,48.50±3.39,,,,,,398±31.2,,,,728±31.5,,x,145±12.8,x,,x,x,x,242±9.7,398±31.2,873±41.5,x,2.34±0.09,3.87±0.46,7.02±0.38,7.12±0.51,0.68±0.19,0.82±0.15,4.76±0.23,3.65±0.15,0.86±0.19,4.67±0.66,4.51±0.44,8.09±0.30,11.34±0.72,17.52±0.81,4.19±0.16,3.73±0.19,4.83±0.38,3.25±0.19,8.89±1.04,6.75±0.73,2.35±0.64,2.98±0.68,,1.32±0.44,0.82±0.52,83.15±7.96,3.48±1.84,,0.07±0.01,,,,0.11±0.07,,,0.08±0.03,0.07±0.01,2.08±0.54,,,,,1.68±0.32,,,,,,,,,,,,,,,,,,,,,,,30.65±1.97,0.10±0.017,0.61±0.082,0.17±0.060,,6.13±0.11,2.91±0.09,84.85±1.82,413±17.8,1.40±0.20,x,x,x,x,x,x,x,x,x,x,x,x,x,x,x,x,x,x,x,x,x,x
B018,"Rajmah, black (Phaseolus vulgaris)",2,8.69,19.01,3.35,1.62,17.74,15.16,2.58,49.59,1247,0.21,0.19,2.61,1.91,0.23,0.63,332,,,27.98,,,0.05,,1.62,,,,,,0.21,5.05,,6.38,,,,,,1.95,86.67,0.75,,,134,0.032,0.006,0.87,6.17,0.012,0.002,160,1.19,,0.034,0.283,386,1362,18.65,9.4,3.08,40.46,38.45,,0.18,1.84,,2.02,,,x,,,x,216,21.97,,,,,,105,,,,386,,x,541,x,,x,x,x,238,105,927,x,2.44,3.91,6.84,6.01,0.79,0.72,5.32,3.91,1.22,4.83,4.68,5.81,12.96,18.89,3.42,3.23,5.1,3.1,48.66,45.46,3.2,,,2.72,1.2,,3.71,,,,,,,,,4.7,2.69,5.66,,,,28.35,5.9,2.3,,,,,,,,,,,,,2.25,,,2.13,,,,,,358,0.1,1.44,0.02,,2.59,16.5,63.2,470,2.3,x,x,x,x,x,x,x,x,x,x,x,x,x,x,x,x,x,x,x,x,x,x
B019,"Rajmah, brown (Phaseolus vulgaris)",6,9.68±0.79,19.50±0.84,3.36±0.19,1.68±0.07,16.95±0.27,14.33±0.19,2.62±0.16,48.83±0.59,1245±12,0.26±0.035,0.21±0.005,2.37±0.12,2.06±0.05,0.21±0.016,0.77±0.13,330±29.6,,,25.82±3.22,,,0.08±0.02,,1.58±0.13,,,,,,0.23±0.03,5.50±0.85,,7.18±1.82,,,,,,2.16±0.50,90.26±14.96,0.92±0.20,,,134±17.6,0.025±0.015,0.024±0.024,0.89±0.12,6.30±0.61,0.006±0.005,0.002±0.002,164±22.3,1.19±0.09,1.48±0.18,0.081±0.043,0.287±0.122,396±32.5,1366±113,12.70±5.51,10.47±0.10,2.60±0.17,40.32±2.28,38.05±2.28,,0.39±0.16,1.88±0.49,,2.27±0.53,,,x,,,x,215±13.1,26.74±3.42,,,,,,91.76±2.33,,,,344±7.7,,x,552±26.6,x,,x,x,x,242±14.1,91.76±2.33,896±26.7,x,2.71±0.22,4.27±0.50,7.93±0.43,6.67±0.18,0.97±0.26,0.62±0.21,5.91±0.56,4.35±0.21,1.04±0.13,5.21±0.69,4.59±0.34,5.96±0.25,11.35±0.95,16.60±0.73,3.90±0.12,3.63±0.27,5.81±0.44,3.24±0.14,43.41±8.69,33.48±4.15,8.16±0.95,,,2.40±0.85,0.73±0.34,,3.48±2.08,,,,,,,,,3.96±1.08,2.74±0.26,6.12±1.25,,,,,4.86±0.82,2.58±0.17,,,,,,,,,,,,,2.11±0.49,,,2.40±0.36,,,,,,353±4.7,0.05±0.019,1.41±0.312,0.02±0.008,,2.50±0.13,16.44±0.26,64.18±2.25,481±12.0,2.85±0.65,x,x,x,x,x,x,x,x,x,x,x,x,x,x,x,x,x,x,x,x,x,x
B020,"Rajmah, red (Phaseolus vulgaris)",3,9.87±0.30,19.91±1.44,3.28±0.21,1.77±0.04,16.57±0.63,13.86±0.43,2.70±0.20,48.61±0.65,1252±14,0.30±0.020,0.19±0.018,2.42±0.15,1.82±0.10,0.21±0.033,0.77±0.18,316±20.1,,,26.73±3.93,,,0.07±0.02,,1.56±0.13,,,,,,0.23±0.01,4.90±0.85,,6.76±2.55,,,,,,1.60±0.24,103±29.2,0.65±0.16,,,126±8.1,0.029±0.013,0.013±0.004,0.78±0.08,6.13±0.77,0.003±0.000,0.003±0.004,173±9.7,1.24±0.11,,0.054±0.035,0.203±0.085,409±32.4,1324±195,22.45±5.37,10.45±0.05,2.69±0.34,40.07±0.51,38.55±0.28,,0.23±0.04,1.29±0.23,,1.52±0.26,,,x,,,x,225±6.0,30.51±5.16,,,,,,87.84±14.82,,,,374±20.7,,x,557±23.2,x,,x,x,x,256±10.9,87.84±14.82,931±28.9,x,2.70±0.30,4.23±0.38,7.78±0.71,6.71±0.81,0.88±0.40,0.70±0.18,5.90±0.56,4.18±0.65,1.05±0.27,5.07±0.71,4.57±0.53,6.10±0.85,10.50±0.85,16.01±2.17,3.78±0.49,3.40±0.58,5.74±0.90,3.12±0.37,41.44±8.25,38.84±7.80,2.60±0.44,,,2.19±0.62,0.67±0.47,,3.76±1.34,,,,,,,,,3.80±1.44,2.42±0.33,5.93±0.22,,,,,4.76±0.96,2.76±0.33,,,,,,,,,,,,,2.10±0.55,,,2.79±0.57,,,,,,360±9.9,0.07±0.040,1.42±0.565,0.03±0.010,,2.60±0.20,16.23±0.15,64.67±2.18,465±19.0,2.79±0.40,x,x,x,x,x,x,x,x,x,x,x,x,x,x,x,x,x,x,x,x,x,x
B021,"Red gram, dal (Cajanus cajan)",6,9.20±0.61,21.70±0.50,3.26±0.03,1.56±0.03,9.06±0.30,6.67±0.23,2.39±0.15,55.23±0.83,1384±10,0.45±0.046,0.11±0.006,2.09±0.14,1.27±0.08,0.24±0.026,0.31±0.04,108±8.7,,,2.12±0.08,,,0.13±0.02,,0.63±0.09,0.06±0.01,,,,,0.19±0.02,42.25±7.70,,11.69±1.31,,,,,,127±26.3,484±90.6,0.83±0.48,,,71.73±6.41,0.007±0.003,0.003±0.002,1.14±0.14,3.90±0.46,0.003±0.001,0.004±0.003,119±15.3,1.12±0.08,1.56±0.34,0.131±0.080,0.198±0.053,328±17.2,1395±118,14.36±4.16,18.01±0.12,2.63±0.10,50.60±1.41,48.53±1.24,0.10±0.02,0.20±0.02,1.78±0.17,,2.08±0.14,,,x,,,x,222±11.6,35.22±3.19,,,,,,89.94±4.43,,,,600±29.5,,x,51.44±7.77,x,,x,x,x,257±14.3,89.94±4.43,651±36.2,x,3.16±0.27,3.42±0.43,6.73±0.56,6.16±0.28,0.87±0.22,0.67±0.12,8.76±1.02,3.26±0.17,0.71±0.11,4.38±0.30,4.49±0.87,5.87±0.34,10.26±1.05,21.50±1.33,3.23±0.18,3.94±0.53,4.26±0.43,2.32±0.25,1.41±0.11,1.20±0.13,0.22±0.08,,,0.48±0.18,0.56±0.23,3.28±1.69,0.55±0.22,2.02±0.57,0.08±0.01,,0.13±0.02,0.04±0.01,,,,0.36±0.03,,,0.05±0.01,0.40±0.13,,,0.05±0.01,,,,2.87±0.16,,,,,,,,0.01±0.01,0.10±0.01,0.05±0.01,,,0.09±0.02,,0.02±0.01,,,,15.94±0.87,0.33±0.052,0.81±0.120,0.67±0.139,,7.39±0.25,9.46±0.74,68.59±1.39,277±23.4,1.56±0.19,x,x,x,x,x,x,x,x,x,x,x,x,x,x,x,x,x,x,x,x,x,x
B023,Ricebean (Vigna umbellata ),1,11.12,19.97,3.54,0.74,13.37,10.04,3.33,51.26,1265,0.46,0.14,2.32,0.98,0.13,2.65,122,1.11,,8.26,,,0.9,,1.43,,0.05,,0.18,,1.06,21.85,,6.88,,,,,,,29.02,,,,200,0.002,,0.75,4.76,,,201,1.68,,,,270,1196,,10.62,2.29,45.38,44.05,0.2,0.73,0.4,,1.33,,,x,,,x,50.69,14.81,17.97,28.06,18.26,,,357,,,,62.93,,x,,x,,x,x,x,172,357,62.93,x,3.23,3.8,7.86,6.75,1.12,1.02,7.56,3.52,0.82,5.23,4.76,5.58,10.12,17.32,4.28,4.2,4.83,3.12,391,70.36,321,,,20.05,3.86,,0.4,,0.03,,0.11,0.09,,0.03,,0.02,,,0.32,0.01,,,0.01,,,,,,,,,,,,,,0.22,,,0.01,,,,,,11.58,0.05,5,,,0.85,3.13,25.45,486,,x,x,x,x,x,x,x,x,x,x,x,x,x,x,x,x,x,x,x,x,x,x
B024,"Soya bean, brown (Glycine max)",6,5.51±0.13,35.58±0.66,4.74±0.31,19.82±0.26,21.55±0.66,16.56±0.30,5.00±0.52,12.79±0.97,1596±11,0.59±0.069,0.24±0.002,2.12±0.14,1.97±0.25,0.43±0.012,0.73±0.09,297±26.1,,,66.22±5.10,,,1.04±0.04,,2.28±0.18,0.58±0.10,0.05±0.01,,,,1.29±0.04,45.80±8.48,,35.47±13.69,,,,,,3.50±1.01,262±22.4,1.45±0.39,,0.001±0.000,239±26.6,0.003±0.003,0.049±0.012,1.29±0.22,8.29±0.51,,0.001±0.001,259±40.2,2.69±0.37,1.15±0.30,0.157±0.108,0.154±0.039,483±38.9,1613±75.6,19.00±5.48,2.07±0.05,4.01±0.51,9.16±1.10,6.65±1.34,0.20±0.02,0.63±0.25,1.68±0.39,,2.51±0.43,,,x,,,x,2381±26.3,566±54.7,47.10±6.29,67.89±4.22,29.84±4.91,,22.79±2.11,4499±230,35.99±5.33,,,9969±135,,x,1310±97.8,x,,x,x,x,3092±75.9,4558±230,11279±188,x,2.40±0.28,4.57±0.33,8.27±0.17,7.67±0.11,1.46±0.11,1.56±0.08,4.73±0.77,3.47±0.17,1.59±0.26,5.04±0.59,4.32±0.61,6.62±0.50,11.47±1.19,18.27±1.26,3.79±0.31,4.40±0.20,4.91±0.66,3.21±0.30,122±5.3,8.19±0.22,114±5.1,,,31.91±4.04,1.34±0.17,,0.82±0.25,,1.45±0.14,,1.75±0.06,0.41±0.10,1.28±0.02,,,1.07±0.02,5.88±0.48,2.52±0.28,8.23±0.11,1.77±0.33,,,,1.67±0.20,1.47±0.57,1.47±0.09,6.51±0.25,,,,,,,,31.71±1.94,56.30±2.41,,,,,,,7.24±0.08,8.05±0.65,,106±2.8,0.33±0.087,2.01±0.456,0.04±0.016,,14.48±0.38,10.38±0.26,88.47±1.53,443±24.6,7.39±0.85,x,x,x,x,x,x,x,x,x,x,x,x,x,x,x,x,x,x,x,x,x,x
B025,"Soya bean, white (Glycine max)",1,5.47,37.8,4.52,19.42,22.63,17.04,5.59,10.16,1579,0.61,0.23,2.28,1.97,0.45,0.77,288,,,69.81,,,1.06,,2.5,0.3,0.04,,,,1.33,46.2,,28.5,,,,,,2.82,282,0.71,,,195,0.007,0.018,0.79,8.22,,,189,2.27,,0.156,0.169,494,1634,16.85,2.83,3.47,9.46,7.26,0.2,0.56,1.44,,2.2,,,x,,,x,2338,523.44,43.3,65.49,30.95,,25.35,4723,68.1,,,9754,,x,1318,x,,x,x,x,3002,4817,11071,x,2.55,4.59,8.14,7.18,1.55,1.44,5.01,3.88,1.68,5.53,4.33,7.33,11.4,16.78,3.89,3.24,4.62,3.32,119,8.18,111,,0.08,33.52,1.32,,0.89,,1.48,,1.87,0.35,1.31,,,1.04,4.12,2.45,7.42,2.47,,,,1.47,1.41,1.58,5.93,,,,,,,,28.53,47.81,,,,,,,6.93,7.23,,111,0.31,1.81,0.05,,14.4,10.4,88.09,460,7.51,x,x,x,x,x,x,x,x,x,x,x,x,x,x,x,x,x,x,x,x,x,x
C003,"Amaranth leaves, red (Amaranthus gangeticus)",1,85.56,3.93,2.61,0.63,4.91,3.72,1.19,2.37,140,0.01,0.269,0.62,0.37,0.22,2.95,81.95,86.2,,15.1,,,0.44,,0.21,,,,,,0.46,312,,7439,118,,,,,8457,21449,3.03,,0.002,245,0.028,0.023,0.22,7.25,,0.009,177,2.15,,0.013,0.026,75.98,564,22.55,14.58,1.37,1.05,0.77,0.24,0.04,,,0.28,,,x,,20.33,x,159,17.75,2.24,3.99,7.01,,14.48,31.48,1.39,,,112,,x,214,x,,x,x,x,210,47.34,326,x,2.01,4.31,8.2,5.58,1.63,0.96,4.77,4.04,1.2,5.24,6.56,5.83,9.14,12.86,5.12,4.07,4.5,3.01,823,185,438,,2.79,2.99,4.52,,2.98,,0.92,,,1.24,,,,1.42,0.57,1.25,2.41,,,,,,,7.91,,,,,,,,,,,,,,,,,,,,27.63,,,,,1.08,2.85,16.34,4.9,,x,x,x,x,x,x,x,x,x,x,x,x,x,x,x,x,x,x,x,x,x,x
C007,Basella leaves (Basella alba),2,92.68,1.57,1.09,0.45,2.21,1.64,0.57,2.01,82,0.06,0.15,0.46,0.48,0.18,1.07,90.31,63.35,,9.18,,,0.15,,0.04,,0.03,,,,0.16,236,,2962,241,,,,,2473,5824,2.69,2.75,0.002,93.89,0.046,0.006,0.12,4.2,0.006,0.006,153,1.29,,0.006,0.044,37.26,337,6.17,18.74,0.39,1.69,1.67,0.01,0.01,0.01,,0.02,,,x,,,x,89.46,11.97,,,,,12.32,38.96,,,,80.67,,x,123,x,,x,x,x,101,51.28,203,x,2.2,3.3,7.68,5.16,0.9,0.79,4.17,4.01,1.88,3.88,7.42,5.18,9.22,12.97,5.71,4.83,4.61,3.44,170,35.47,133,,8.18,0.33,1.4,,4.72,,0.03,,0.07,,,,,,0.05,1.12,0.41,2.65,,,,,,,,,,4.01,,,,,,,,,,,,,,,,23.98,,,,,1.17,2.25,9.91,49.57,0.06,x,x,x,x,x,x,x,x,x,x,x,x,x,x,x,x,x,x,x,x,x,x
C012,Brussels sprouts (Brassica oleracea var. gemmifera),1,84.39,4.26,1.47,0.5,4.29,3.35,0.94,5.09,185,0.06,0.16,0.5,0.47,0.19,2.45,85.01,89.45,,0.26,,,0.21,,,,,,,,0.21,23.6,,1653,35.64,,,,,360,2564,,0.57,0.001,53.99,0.002,0.001,0.08,1.54,0.004,,32.99,0.41,0.06,0.013,0.012,98.56,639,2.01,18.51,0.57,4.42,4.31,0.04,0.05,0.08,,0.17,,,x,,,x,187,39.75,,,,,,88.69,,,,43.82,,x,41.11,x,,x,x,x,226,88.69,84.92,x,1.79,3.58,5.04,3.5,1.34,0.67,3.23,4.3,0.93,4.74,4.63,7.63,12.36,20.82,4.54,8.89,5.45,2.37,12.4,4.67,7.73,,2.63,2.24,4.07,,11.56,,,,,,,,,,,,,,,,1.25,1.02,0.82,,,,,,,,,,,,,,,,,,,,,16.45,,,,,4.01,0.93,38.2,18.32,0.25,x,x,x,x,x,x,x,x,x,x,x,x,x,x,x,x,x,x,x,x,x,x
C013,"Cabbage, Chinese (Brassica rupa)",1,93.19,1.58,0.73,0.13,2.01,1.55,0.45,2.36,75,0.01,0.05,0.38,0.58,0.19,1.08,54.51,19.32,,0.39,,,0.25,,,,,,,,0.25,111,,58,1.5,,,,,5.5,103,,,,58.46,0.001,,0.05,0.39,,,11.51,0.19,,,,33.05,258,1.85,20.28,0.19,1.42,1,0.2,0.1,0.12,,0.42,,,x,,,x,29.26,3.76,,,,,,15.97,,,,11.68,,x,43.33,x,,x,x,x,33.01,15.97,55.01,x,1.97,5.72,5.69,5.78,1.06,0.94,3.27,4.01,1.24,5.4,6.37,5.84,10.84,21.42,3.82,3.76,5.82,2.05,16.55,1.85,14.77,,67.54,0.41,5.65,88.3,85,,0.03,,,,,,,,,,,,,,,,,,,,,,,,,,,,,,,,,,,,,27.97,,,,,2.06,0.13,17.27,16.85,,x,x,x,x,x,x,x,x,x,x,x,x,x,x,x,x,x,x,x,x,x,x
C015,"Cabbage, green (Brassica oleracea var. capitata f. alba)",6,91.85±0.97,1.36±0.07,0.67±0.06,0.12±0.01,2.76±0.20,1.91±0.18,0.85±0.10,3.25±0.91,90±16,0.03±0.005,0.05±0.001,0.24±0.02,0.24±0.01,0.13±0.016,1.41±0.14,46.36±4.48,33.25±4.21,,0.21±0.02,,,0.05±0.03,,,,,,,,0.05±0.03,113±0.5,,3.98±1.34,,,,,,20.48±2.21,273±7.3,,,,51.76±4.44,0.004±0.002,0.001±0.001,0.03±0.02,0.35±0.16,,0.001±0.001,17.99±3.22,0.20±0.09,,0.002±0.001,0.009±0.003,30.15±6.48,233±59.0,1.08±0.16,14.98±2.78,0.16±0.03,1.54±0.21,0.53±0.13,0.52±0.08,0.26±0.09,0.23±0.08,,1.00±0.11,,,x,,,x,34.59±2.95,6.02±0.60,2.29±0.30,1.60±0.12,2.05±0.29,,,30.05±1.84,,,,42.80±1.94,,x,48.61±2.63,x,,x,x,x,46.54±3.63,30.05±1.84,91.40±3.88,x,1.56±0.36,3.56±0.61,5.31±0.79,3.12±0.88,1.06±0.22,0.90±0.23,2.56±0.64,3.76±0.56,0.93±0.04,4.83±1.23,6.26±0.95,4.57±1.62,10.55±1.92,26.30±5.17,3.24±0.74,3.98±0.85,4.02±0.76,2.11±0.29,2.88±0.67,0.53±0.40,2.35±0.42,0.04±0.03,64.87±12.68,0.82±0.44,0.22±0.09,90.09±3.28,90.00±6.27,2.04±0.94,0.02±0.01,,,,,,,,3.96±0.41,2.52±0.34,,1.48±0.16,,,1.79±0.33,2.66±0.21,0.35±0.09,,,,,,,,,,,,,,,,,,,,,54.92±4.47,,,,,2.46±0.04,0.27±0.03,16.10±1.16,11.77±0.14,,x,x,x,x,x,x,x,x,x,x,x,x,x,x,x,x,x,x,x,x,x,x
C016,"Cabbage, violet (Brassica oleracea var. capitata f. rubra)",2,91.94,1.39,0.71,0.21,2.21,1.58,0.62,3.54,97,0.04,0.05,0.27,0.25,0.17,1.43,34.81,43.49,,0.19,,,0.03,,,,,,,,0.03,117,,44.5,2.2,,,,,31.17,339,,,,48,0.004,0.002,0.02,0.24,,0.001,26.87,0.19,,0.002,0.004,22.14,201,1.08,24,0.13,1.33,0.54,0.43,0.18,0.19,,0.8,,,x,,,x,42.43,7.59,3.24,1.99,3.17,,,41.14,,,,52.26,,x,60.18,x,,x,x,x,58.42,41.14,112,x,1.62,3.56,5.31,2.85,0.85,0.63,2.21,2.67,0.82,5.47,6.17,4.67,11.53,28.6,3.04,4.34,4.22,2.29,2.7,0.26,2.45,0.02,61.73,0.78,0.62,37.25,88.78,2.43,0.05,,,,,,,,4,2.81,,1.67,,,1.71,2.75,0.39,,,,,,,,,,,,,,,,,,,,,59.94,,,,,2.54,0.25,15.8,12.81,,x,x,x,x,x,x,x,x,x,x,x,x,x,x,x,x,x,x,x,x,x,x
C025,Lettuce (Lactuca sativa),3,92.27±0.99,1.54±0.48,1.11±0.10,0.27±0.03,1.79±0.24,1.32±0.04,0.47±0.28,3.01±0.56,91±16,0.05±0.013,0.09±0.008,0.17±0.02,0.11±0.01,0.08±0.016,2.15±0.09,30.69±6.48,11.91±3.07,,0.10±0.04,,,0.01±0.01,,,,,,,,0.01±0.01,91.08±2.20,,1858±322,5.64±2.79,,,,,1285±167,7532±1363,0.90±0.12,1.43±0.31,0.003±0.001,56.71±2.07,0.020±0.010,0.002±0.000,0.14±0.05,2.73±0.59,0.004±0.002,0.008±0.000,43.22±17.56,0.38±0.15,0.08±0.04,0.004±0.002,0.010±0.002,44.10±11.69,279±77.6,5.56±1.89,17.53±2.53,0.51±0.22,1.72±0.09,1.50±0.14,0.17±0.04,0.05±0.01,,,0.22±0.05,,,x,,8.22±0.57,x,78.22±8.55,10.96±0.96,,8.47±1.09,10.15±1.25,,9.05±1.53,13.16±2.32,,,,74.85±12.1,,x,134±17.8,x,,x,x,x,116±11.9,22.22±3.42,208±29.6,x,1.74±0.19,3.49±1.44,6.90±1.45,5.22±0.37,0.95±0.37,0.87±0.10,3.61±1.49,4.50±0.57,1.23±0.41,4.95±0.58,6.51±1.32,4.77±0.70,11.32±1.55,16.10±3.52,5.68±0.33,4.51±0.41,3.80±1.00,3.00±0.57,364±82.7,72.08±35.77,292±47.2,,9.24±0.60,1.99±0.15,63.28±2.19,12.74±1.73,60±3.3,,,,,,,,,,,3.61±0.20,,1.19±0.09,,,2.77±0.31,0.12±0.02,0.07±0.01,0.20±0.02,0.05±0.02,3.07±0.08,,0.07±0.01,,,,,,,,,,,,,,,,19.47±1.92,,,,,0.42±0.01,1.73±0.04,6.39±0.17,42.28±7.52,0.11±0.05,x,x,x,x,x,x,x,x,x,x,x,x,x,x,x,x,x,x,x,x,x,x
C028,Parsley (Petroselinum crispum),3,77.76±1.13,5.55±0.34,2.25±0.17,1.14±0.12,3.87±0.05,2.79±0.15,1.09±0.12,9.43±1.05,305±18,0.19±0.022,0.10±0.005,0.36±0.01,0.20±0.03,0.19±0.011,13.47±1.03,197±13.9,133±16.3,,5.55±0.18,,,0.35±0.05,,,,,,,,0.35±0.05,322±3.3,,3574±455,11.92±7.28,,,,,2710±349,6558±578,,4.04±0.97,0.007±0.002,288±48.7,0.001±0.000,0.002±0.000,0.19±0.04,5.51±2.25,0.052±0.016,,49.18±13.89,0.91±0.01,0.49±0.22,0.015±0.007,0.043±0.017,78.56±15.86,466±62.2,10.24±1.91,53.08±0.46,1.29±0.14,7.05±0.07,6.36±0.10,0.29±0.02,0.20±0.03,0.20±0.02,,0.69±0.03,,,x,,15.18±1.18,x,235±9.1,58.05±2.44,6.04±0.09,13.80±0.36,16.67±0.31,,14.42±0.54,18.52±0.74,,,,221±4.7,,x,255±4.2,x,,x,x,x,345±11.8,32.94±1.09,476±8.6,x,1.76±0.16,4.78±0.24,7.82±0.82,5.75±0.86,1.32±0.13,0.87±0.05,5.31±0.39,4.91±0.39,1.68±0.06,6.19±0.33,7.18±0.42,4.53±0.18,11.18±0.12,12.86±0.09,5.06±0.02,4.63±0.55,4.56±0.21,3.00±0.44,128±8.1,11.50±1.06,116±7.5,113±0.6,1.36±0.29,0.83±0.12,113±0.6,,104±13.5,,,,,1.18±0.09,,,0.41±0.02,0.02±0.01,0.27±0.04,1.52±0.31,0.33±0.02,16.14±1.41,,,,0.01±0.01,,,,,,,,,,,,,,,,,,,,,,46.58±1.38,,,,,2.08±0.04,16.48±0.38,13.64±0.26,54.32±0.54,1.03±0.08,x,x,x,x,x,x,x,x,x,x,x,x,x,x,x,x,x,x,x,x,x,x
C030,"Pumpkin leaves, tender (Cucurbita maxima)",6,85.82±1.04,4.21±0.41,2.24±0.21,0.74±0.03,2.25±0.09,1.56±0.13,0.69±0.15,4.75±1.01,185±15,0.07±0.010,0.13±0.025,1.49±0.09,0.36±0.01,0.17±0.022,3.40±0.29,33.82±4.70,12.33±0.17,,3.19±0.18,,,1.24±0.04,0.28±0.01,3.25±0.10,,0.02±0.01,0.03±0.01,,,1.69±0.05,243±11.1,,6139±982,45.28±17.23,,,,,1455±146,8247±720,4.70±0.90,,0.001±0.001,271±73.6,0.053±0.016,0.005±0.002,0.29±0.06,5.58±0.39,0.011±0.005,0.009±0.008,84.21±9.97,1.14±0.60,,0.031±0.016,0.027±0.014,64.54±10.74,423±64.2,1.38±0.25,12.20±2.49,0.90±0.25,2.20±0.03,2.10±0.02,,0.10±0.02,,,0.10±0.02,,,x,,19.86±0.55,x,188±11.0,32.53±3.60,5.74±0.72,13.53±1.27,6.74±0.15,,9.79±1.11,6.91±0.48,0.97±0.07,,,14.95±1.29,,x,298±9.3,x,,x,x,x,267±12.6,17.67±1.38,313±8.6,x,1.63±0.53,5.27±0.07,8.85±0.22,4.90±0.17,0.99±0.27,0.85±0.07,6.40±0.12,4.52±0.30,1.76±0.05,5.82±0.11,5.62±1.10,6.02±1.00,11.79±1.10,14.36±0.04,5.50±0.35,5.25±0.54,4.65±0.19,3.46±0.22,13.61±1.91,5.06±1.41,8.55±0.96,30.67±1.03,7.74±2.63,14.35±1.44,30.67±1.03,20.22±1.26,54.07±0.72,,,,,,,,,0.25±0.03,0.40±0.03,0.19±0.01,0.28±0.05,,,,,,0.54±0.06,,,,,,,,,,,,,,,,,,,,,20.33±1.63,0.03±0.009,,,,0.33±0.02,2.52±0.08,18.32±0.77,38.27±1.20,,x,x,x,x,x,x,x,x,x,x,x,x,x,x,x,x,x,x,x,x,x,x
C033,Spinach (Spinacia oleracea),6,90.31±0.46,2.14±0.14,2.47±0.38,0.64±0.03,2.38±0.24,1.52±0.15,0.86±0.10,2.05±0.31,102±7,0.16±0.016,0.10±0.009,0.33±0.03,0.22±0.03,0.15±0.011,4.14±0.27,142±10.3,30.28±4.71,,0.26±0.03,,,1.27±0.03,0.01±0.01,0.06±0.00,0.03±0.00,,,,,1.29±0.02,325±2.3,,3850±926,17.23±5.40,,,,,2605±521,9553±1491,1.51±0.47,,,82.29±6.51,0.028±0.005,0.002±0.001,0.17±0.05,2.95±0.68,0.001±0.001,0.047±0.017,86.97±8.58,1.12±0.42,,0.008±0.004,0.025±0.004,32.59±8.08,625±5.9,2.09±0.22,42.55±4.12,0.46±0.09,1.62±0.20,1.38±0.24,0.07±0.03,0.18±0.04,,,0.24±0.04,,,x,,17.01±0.72,x,147±6.3,9.54±1.17,1.29±0.25,4.13±0.29,3.99±0.39,,8.77±0.84,32.87±1.74,1.19±0.12,,,75.06±4.22,,x,220±8.3,x,,x,x,x,183±8.1,42.83±2.54,295±12.2,x,2.18±0.16,4.31±0.29,8.70±0.59,4.68±0.13,1.33±0.05,0.84±0.06,5.38±0.46,4.70±0.26,1.53±0.11,5.83±0.38,6.78±0.42,5.41±0.36,9.24±0.71,14.77±1.57,5.70±0.25,4.70±0.59,4.40±0.22,3.95±0.32,592±36.7,241±18.8,351±30.8,15.79±2.95,67.34±14.43,5.44±0.79,15.79±2.95,254±7.9,1.64±0.25,,,,2.26±0.51,,,,,4.30±0.56,,3.09±0.40,,2.55±0.86,,2.70±1.03,0.35±0.06,0.08±0.02,0.49±0.03,,,,,1.36±0.32,,,,,,,,,,,,,,,,233±8.9,,,,,0.77±0.03,5.44±0.13,17.39±0.14,12.01±0.34,,x,x,x,x,x,x,x,x,x,x,x,x,x,x,x,x,x,x,x,x,x,x
D001,Ash gourd (Benincasa hispida),6,92.17±0.42,0.79±0.06,0.70±0.08,0.14±0.02,3.37±0.23,2.52±0.26,0.85±0.13,2.84±0.22,73±4,0.03±0.003,0.01±0.001,0.12±0.02,0.37±0.03,0.18±0.058,2.01±0.15,14.11±1.85,11.41±1.31,,1.35±0.18,,,0.01±0.00,,0.13±0.02,,,,,,0.02±0.01,27.15±0.45,,18.29±4.23 ,5.76±2.93 ,,,,,,66.67±10.19,0.04±0.02 ,,,19.39±1.46 ,0.006±0.002 ,0.001±0.001 ,0.04±0.01 ,0.47±0.20 ,0.003±0.000 ,0.001±0.000,19.95±6.83 ,0.09±0.03 ,,0.008±0.004 ,0.008±0.004 ,29.07±8.45 ,372±82.0 ,1.15±0.18 ,0.77±0.14 ,0.13±0.06,1.20±0.06 ,1.01±0.01 ,0.12±0.04 ,0.05±0.02 ,0.02±0.02 ,,0.19±0.06,,,x,,0.81±0.10 ,x,17.99±1.16 ,5.90±0.20 ,0.55±0.11 ,,,,0.86±0.27 ,6.57±0.35,,,,74.89±5.14 ,,x,1.58±0.24 ,x,,x,x,x,25.26±1.06 ,7.43±0.40 ,76.47±5.06,x,2.58±1.06 ,4.31±0.72 ,5.67±0.45 ,3.39±0.69 ,1.56±0.37 ,0.83±0.17 ,3.22±0.70 ,3.65±0.38 ,0.72±0.30 ,5.11±0.62,5.66±0.64 ,7.83±2.40 ,10.67±1.94 ,17.95±1.22 ,5.59±1.14 ,3.99±0.66 ,4.06±0.25 ,2.88±0.73,4.89±0.85 ,3.28±1.29 ,1.61±0.90 ,,36.91±1.03 ,0.57±0.04,,,,,0.03±0.02 ,,,,0.34±0.11 ,0.93±0.73,,,,,,,,,,,,,,,,,,,,,,,,,,,,,,,,10.47±1.25,,,,,0.16±0.01 ,0.45±0.02 ,2.38±0.13 ,14.60±0.32,,x,x,x,x,x,x,x,x,x,x,x,x,x,x,x,x,x,x,x,x,x,x
D002,"Bamboo shoot, tender (Bambusa vulgaris)",1,94.56,1.33,0.55,0.35,1.55,1.06,0.49,1.67,68,0.06,0.06,0.25,0.22,0.13,5.93,17.05,15.74,,0.41,,,,,0.01,0.05,,,,,,1.13,,2.5,,,,,,,11.6,0.03,,,10,0.004,,0.14,0.33,0.014,,8.28,0.42,,,0.008,39.63,422,2.58,1.12,0.37,0.6,0.51,0.07,0.02,,,0.09,,,x,,,x,35.75,1.84,,1.72,1.77,,,7.45,,,,42.23,,x,9.24,x,,x,x,x,41.09,7.45,51.46,x,1.73,2.19,6.24,4.82,1.04,0.49,5.57,3.9,0.95,3.69,4.85,4.63,14.57,11.85,4.48,7.85,5.12,3.94,85.7,75.01,10.69,2.6,12.53,0.1,2.6,30.26,103,,,,,,,0.36,,,,0.25,,,,,,,,,,,,,,,,,,,,,,,,,,,,9,,0.01,0.01,,2.44,1.27,15.49,19.78,0.05,x,x,x,x,x,x,x,x,x,x,x,x,x,x,x,x,x,x,x,x,x,x
D004,"Bitter gourd, jagged, teeth ridges, elongate (Momordica charantia)",6,90.87±0.56,1.44±0.17,0.86±0.04,0.24±0.01,3.78±0.16,3.10±0.19,0.68±0.07,2.82±0.32,87±6,0.05±0.005,0.04±0.009,0.27±0.03,0.33±0.09,0.05±0.009,5.76±0.52,60.28±7.22,46.53±2.81,,1.92±0.28,,,0.01±0.01,0.03±0.01,,,,0.11±0.01,,0.07±0.03,0.03±0.01,4.55±0.36,,282±101,5.83±2.55,,,,,122±10.9,717±179,0.37±0.20,,,21.36±3.00,0.014±0.002,0.002±0.001,0.09±0.04,1.15±0.36,0.001±0.000,0.002±0.001,32.14±5.53,0.25±0.02,,0.004±0.001,0.015±0.012,44.90±4.39,326±35.0,4.97±1.10,13.09±0.07,0.31±0.07,0.96±0.09,0.92±0.08,0.04±0.01,,,,0.04±0.01,,,x,,2.99±0.57,x,78.62±5.32,50.55±3.47,2.89±0.60,3.65±0.77,5.78±0.77,,1.03±0.30,4.55±0.40,,,2.50±0.38,17.74±1.99,,x,23.04±1.87,x,,x,x,x,144±8.3,8.08±0.53,40.78±3.79,x,3.53±0.39,4.74±0.28,7.40±0.52,6.13±0.20,1.55±0.08,0.94±0.13,2.60±0.37,4.83±0.33,1.28±0.10,6.49±0.29,4.90±0.90,13.97±1.79,7.65±0.63,8.50±0.49,5.45±0.27,4.74±0.38,4.11±0.68,4.77±0.40,45.40±11.17,17.53±2.08,27.87±11.44,,59.33±1.55,1.41±0.22,,,7.49±1.41,,,,,,0.04±0.01,0.74±0.39,,,0.05±0.03,,,,,,,,,,,,,,,,,,,,,,,,,,,,,49.76±1.87,,,,,0.45±0.03,1.62±0.27,11.88±0.75,13.84±1.43,,x,x,x,x,x,x,x,x,x,x,x,x,x,x,x,x,x,x,x,x,x,x
D007,"Bottle gourd, elongate, pale green (Lagenaria vulgaris)",6,95.17±0.33,0.53±0.05,0.36±0.04,0.13±0.02,2.12±0.07,1.65±0.05,0.48±0.07,1.68±0.33,46±6,0.03±0.003,0.01±0.001,0.14±0.01,0.56±0.09,0.02±0.005,2.55±0.29,41.99±3.56,4.33±1.55,,0.74±0.02,,,0.01±0.01,,,,0.02±0.01,,,,0.02±0.01,2.10±0.23,,28.88±8.19,,,,,,44.05±11.68,95.12±13.56,0.03±0.01,,,15.42±2.54,0.004±0.001,0.001±0.000,0.05±0.01,0.26±0.03,,,10.93±1.69,0.13±0.07,,0.002±0.001,0.008±0.004,16.01±1.97,124±16.5,1.77±0.29,1.46±0.08,0.15±0.02,1.03±0.12,0.67±0.09,0.23±0.05,0.13±0.03,,,0.36±0.06,,,x,,1.32±0.23,x,31.30±3.01,4.35±0.55,0.70±0.12,2.22±0.30,1.54±0.22,,,3.54±0.58,,,,40.31±3.41,,x,24.63±2.30,x,,x,x,x,41.44±3.93,3.54±0.58,64.94±5.35,x,1.80±0.25,4.98±0.51,7.74±0.49,4.81±0.61,0.94±0.15,0.57±0.07,3.73±0.70,4.18±0.42,1.60±0.08,6.58±0.53,7.18±0.79,5.95±0.62,9.15±0.73,17.27±1.15,5.08±0.34,4.64±0.60,4.86±0.43,3.08±0.36,3.75±1.45,2.67±1.39,1.08±0.39,,31.16±1.71,0.16±0.02,,,64.96±1.83,,,,,,0.05±0.02,1.96±0.71,,,0.60±0.06,2.47±0.49,,,,,,,,,,,,,,,,,,,,,,,,,,,,34.76±3.15,,,,,0.22±0.01,0.92±0.06,6.40±0.10,10.64±0.73,,x,x,x,x,x,x,x,x,x,x,x,x,x,x,x,x,x,x,x,x,x,x
D031,Brinjal - all varieties (Solanum melongena),6,90.00±0.90,1.48±0.22,0.70±0.08,0.32±0.04,3.98±0.49,2.84±0.52,1.14±0.22,3.52±0.80,106±15,0.06±0.016,0.11±0.011,0.53±0.08,0.31±0.06,0.07±0.016,1.76±0.58,33.93±5.33,2.09±0.85,,1.04±0.27,,,0.07±0.03,,,,,,,,0.07±0.03,13.53±2.62,,144±18.7,3.21±1.55,,,,,146±24.0,309±188,0.08±0.05,,0.001±0.001,16.59±3.13,0.005±0.003,0.001±0.001,0.11±0.03,0.37±0.08,0.001±0.001,0.008±0.006,21±5.68,0.17±0.06,,0.002±0.002,0.011±0.009,32.56±5.91,247±59.8,,3.55±0.47,0.21±0.05,2.28±0.51,1.31±0.48,0.55±0.19,0.20±0.09,0.22±0.12,,0.97±0.21,,,x,,,x,37.54±8.01,25.49±6.41,4.92±1.34,1.69±0.49,1.52±0.49,,,21.45±5.45,,,,127±25.2,,x,22.65±7.19,x,,x,x,x,71.15±16.08,21.45±5.45,149±30.4,x,1.98±0.37,3.63±0.73,5.61±0.78,3.81±0.75,0.82±0.20,0.71±0.16,4.70±0.68,2.96±0.36,0.80±0.21,4.60±1.15,5.37±1.01,5.02±0.79,16.01±1.59,20.62±2.36,4.11±0.55,3.56±0.61,3.82±0.52,2.85±0.60,34.31±5.90,28.17±5.01,6.14±4.44,1.66±1.03,9.76±2.73,56.02±26.03,47.84±24.54,,9.26±1.10,15.52±5.06,,,1.81±0.33,,0.29±0.04,,,1.44±0.10,0.82±0.08,,0.75±0.12,,,1.42±0.15,,,,,,,,,,,,,,,,,,,,,,,,12.79±1.34,,,,,0.71±0.05,1.67±0.21,8.09±0.47,12.28±3.87,,x,x,x,x,x,x,x,x,x,x,x,x,x,x,x,x,x,x,x,x,x,x
D032,Broad beans (Vicia faba),3,84.20±0.17,3.85±0.13,1.05±0.08,0.15±0.01,8.63±0.15,6.61±0.07,2.03±0.09,2.11±0.11,123±4,0.12±0.01,0.10±0.03,0.76±0.00,0.45±0.03,0.23±0.01,10.03±0.75,20.46±0.04,10.98±0.97,,11.58±1.55,,,0.05±0.04,0.02±0.01,,,,,,,0.06±0.03,93.20±0.50,,106±33.5,24.25±8.69,,,,,6.38±0.62,574±5.14,,0.34±0.16,,64.37±5.06,0.001±0.000,0.002±0.001,0.20±0.01,0.94±0.20,0.003±0.000,,40.18±2.10,0.47±0.04,,0.024±0.006,0.04±0.01,67.97±8.14,362±14.1,9.03±1.67,20.74±0.65,0.61±0.06,2.06±0.06,0.84±0.03,0.61±0.02,0.41±0.02,0.20±0.02,,1.22±0.05,,,x,,0.45±0.06,x,31.80±3.07,6.55±0.08,1.10±0.10,1.29±0.21,1.42±0.20,,0.69±0.07,7.85±1.02,,,,42.97±0.63,,x,21.88±2.24,x,,x,x,x,42.62±3.73,8.53±0.94,64.85±2.87,x,3.16±0.63,4.28±0.12,7.63±0.15,5.66±0.50,0.65±0.81,0.55±0.03,3.86±0.59,3.40±0.66,0.88±0.02,5.41±0.16,6.43±0.01,7.61±0.01,14.41±0.64,13.83±0.38,4.80±0.10,4.51±0.35,4.54±0.21,2.83±0.13,20.25±1.21,5.81±2.00,13.00±1.34,,124±1.2,1.12±0.18,4.99±0.37,,,,,,1.68±0.62,,,,,,0.09±0.01,3.88±0.08,0.31±0.01,0.77±0.11,,,,0.04±0.01,,,,,,,,,,,,,38.05±2.13,,,16.63±0.37,,9.70±0.10,,,,89.14±6.99,,,,,0.82±0.02,3.26±0.01,13.58±0.34,5.78±0.42,0.45±0.04,x,x,x,x,x,x,x,x,x,x,x,x,x,x,x,x,x,x,x,x,x,x
D033,"Capsicum, green (Capsicum annuum)",6,93.89±0.32,1.11±0.11,0.76±0.05,0.34±0.03,2.06±0.22,1.33±0.29,0.73±0.17,1.84±0.32,68±6,0.05±0.007,0.03±0.011,0.56±0.05,0.21±0.03,0.15±0.011,4.59±0.46,51.85±3.38,123±7.8,,0.70±0.21,,,0.07±0.03,,,,,,,,0.07±0.03,24.66±2.89,,164±43.9,21.41±8.02,,,,,328±61.7,2511±776,,,0.001±0.000,14.75±2.93,0.017±0.008,0.002±0.001,0.06±0.01,0.48±0.11,0.001±0.000,0.002±0.002,11.84±1.91,0.10±0.04,,0.001±0.001,0.014±0.007,23±5.42,154±24.2,0.18±0.05,1.84±0.10,0.15±0.03,1.16±0.10,0.31±0.02,0.42±0.04,0.20±0.07,0.23±0.01,,0.86±0.11,,,x,,1.80±0.10,x,48.13±3.56,20.10±1.90,2.95±0.21,2.29±0.08,1.76±0.21,,1.42±0.23,11.29±1.34,,,,135±11.8,,x,37.08±5.46,x,,x,x,x,77.03±4.78,12.71±1.50,172±15.8,x,1.72±0.79,3.79±0.95,5.68±0.57,3.47±1.08,1.24±0.40,0.98±0.04,3.49±1.26,4.05±0.56,0.96±0.15,5.17±0.78,6.43±0.79,3.07±0.97,14.89±2.12,24.82±3.73,4.86±0.62,3.83±1.39,4.30±0.65,2.91±0.93,19.12±1.47,6.83±1.34,2.29±1.07,,103±1.4,0.26±0.02,185±2.9,,250±6.3,,,,0.46±0.03,0.07±0.02,,,,,0.07±0.02,0.39±0.09,2.49±0.22,1.46±0.26,,,,1.44±0.27,,,,,,1.45±0.30,,,,,,,,,,,,,,,,10.82±2.60,,,,,1.25±0.03,0.25±0.01,4.84±0.03,15.96±2.94,0.33±0.04,x,x,x,x,x,x,x,x,x,x,x,x,x,x,x,x,x,x,x,x,x,x
D034,"Capsicum, red (Capsicum annuum)",4,92.99±1.47,1.47±0.36,0.76±0.14,0.47±0.05,2.19±0.17,1.58±0.13,0.61±0.10,2.14±1.06,83±24,0.10±0.042,0.03±0.014,0.66±0.21,0.25±0.03,0.24±0.007,5.47±0.98,62.54±2.15,112±5.5,,0.52±0.11,,,0.19±0.02,,,,,,,,0.19±0.02,28.42±8.83,,165±33.2,18.28±6.66,,,,,246±47.2,3047±785,0.25±0.06,,0.001±0.001,15.76±1.11,0.008±0.002,0.001±0.000,0.07±0.01,0.38±0.05,0.001±0.001,0.001±0.000,19.57±5.45,0.24±0.12,,,0.005±0.004,30.81±5.81,224±24.7,0.34±0.05,1.70±0.14,0.34±0.06,1.01±0.05,0.08±0.02,0.34±0.03,0.26±0.02,0.33±0.01,,0.93±0.05,,,x,,4.83±0.34,x,54.51±1.15,20.15±0.40,1.01±0.06,2.44±0.31,3.45±0.34,,4.14±0.17,43.51±0.52,,,,180±1.0,,x,37.77±0.56,x,,x,x,x,86.39±1.81,47.65±0.52,217±1.2,x,1.16±0.15,3.61±0.17,5.40±0.21,3.67±0.12,1.10±0.14,1.13±0.15,3.16±0.40,4.14±0.17,0.92±0.12,5.17±0.26,6.53±0.22,3.36±0.24,14.28±1.32,25.17±0.94,5.69±0.32,2.97±0.16,4.84±0.29,2.89±0.13,16.28±4.34,10.73±0.98,5.54±3.61,,33.39±9.88,0.41±0.11,116±8.2,5.10±2.99,151±40.3,,,,0.58±0.00,1.02±0.00,,,,,0.84±0.00,1.58±0.00,3.82±0.00,,,,,4.18±0.00,,,,,,4.08±0.00,,,,,,,,,,,,,,,,20.30±0.00,,,,,1.09±0.12,0.35±0.25,4.19±1.53,17.68±0.52,0.47±0.15,x,x,x,x,x,x,x,x,x,x,x,x,x,x,x,x,x,x,x,x,x,x
D035,"Capsicum, yellow (Capsicum annuum)",4,93.38±0.37,1.35±0.35,0.72±0.12,0.41±0.02,2.19±0.13,1.39±0.06,0.80±0.08,1.95±0.16,78±4,0.14±0.012,0.02±0.009,0.59±0.20,0.21±0.02,0.25±0.040,6.33±0.85,66.15±2.56,127±12.5,,0.89±0.18,,,0.18±0.03,,,,,,,,0.18±0.03,35.25±12.82,,280±57.2,17.95±5.26,,,,,166±15.0,2717±203,0.23±0.07,0.03±0.02,0.001±0.000,19.13±4.17,0.036±0.015,0.003±0.001,0.09±0.02,0.69±0.12,0.007±0.002,0.001±0.000,17.23±4.30,0.17±0.05,,,0.008±0.002,43.33±10.64,242±45.6,0.28±0.09,1.56±0.18,0.26±0.08,1.10±0.03,0.12±0.01,0.38±0.02,0.25±0.03,0.35±0.03,,0.97±0.04,,,x,,4.03±0.05,x,65.88±1.32,25.21±0.80,1.68±0.10,2.66±0.18,2.84±0.22,,4.11±0.30,51.44±1.22,,,,161±1.3,,x,39.49±0.73,x,,x,x,x,102±2.2,55.55±1.49,201±1.3,x,1.13±0.23,3.92±0.20,5.29±0.28,3.80±0.33,1.18±0.20,1.19±0.21,2.98±0.19,4.31±0.71,0.99±0.22,5.24±0.48,5.34±0.26,3.84±0.36,14.95±1.18,24.51±0.15,5.22±0.43,2.45±0.14,4.96±0.25,2.93±0.19,18.07±2.72,11.03±1.22,7.04±3.82,,56.43±17.52,1.03±0.32,115±10.1,,127±19.5,,,,0.48±0.00,0.41±0.00,,,,,0.35±0.00,0.25±0.00,0.25±0.00,,,,,0.03±0.00,,,,,,0.37±0.00,,,,,,,,,,,,,,,,7.80±0.00,,,,,0.79±0.48,0.23±0.05,6.18±2.97,14.81±0.00,0.31±0.00,x,x,x,x,x,x,x,x,x,x,x,x,x,x,x,x,x,x,x,x,x,x
D036,Cauliflower (Brassica oleracea),6,90.76±0.22,2.15±0.15,0.91±0.10,0.44±0.03,3.71±0.27,2.66±0.35,1.04±0.13,2.03±0.22,96±5,0.04±0.003,0.07±0.007,0.31±0.02,0.62±0.09,0.13±0.020,2.47±0.29,45.95±2.95,47.14±7.47,,1.32±0.16,,,0.02±0.00,,,0.09±0.01,,,,,0.02±0.00,14.33±0.34,,31.3±7.69,5.77±2.61,,,,,1.59±0.66,50.48±4.22,0.17±0.13,,,25.16±3.47,0.007±0.003,0.001±0.001,0.05±0.03,0.96±0.34,0.004±0.001,0.001±0.000,23.08±4.37,0.23±0.08,,0.002±0.001,0.013±0.005,47.33±10.61,329±56.3,0.47±0.06,30.72±3.83,0.31±0.11,1.05±0.07,0.59±0.11,0.27±0.06,0.14±0.03,0.06±0.06,,0.47±0.10,,,x,,1.73±0.20,x,88.50±5.84,15.93±1.08,4.27±0.30,2.09±0.22,4.35±0.81,,,24.83±1.38,,,,99±9.9,,x,117±8.7,x,,x,x,x,117±7.8,24.83±1.38,216±14.6,x,1.80±0.19,3.84±0.45,6.01±0.86,4.13±0.41,1.01±0.10,0.56±0.10,3.88±0.49,4.02±0.33,1.06±0.06,5.81±0.89,7.96±1.00,4.15±0.94,10.61±1.49,20.70±2.88,4.15±0.31,3.45±0.76,5.15±0.61,2.89±0.34,9.82±1.49,1.88±0.83,7.95±1.59,0.25±0.05,104±1.8,4.60±0.68,11.04±0.87,4.94±0.81,282±5.6,4.25±2.38,,,0.88±0.05,,0.69±0.05,,,0.57±0.07,1.40±0.29,,1.49±0.20,,,,0.26±0.03,0.55±0.03,0.40±0.13,,,,,,,,,,,,,,,,,,0.07±0.01,0.14±0.02,,32.41±0.92,,,,,1.84±0.06,1.30±0.13,12.56±0.49,18.48±1.72,,x,x,x,x,x,x,x,x,x,x,x,x,x,x,x,x,x,x,x,x,x,x
D037,Celery stalk (Apium graveolens),3,92.87±0.22,0.98±0.13,1.50±0.16,0.24±0.04,2.09±0.13,1.57±0.07,0.52±0.16,2.33±0.23,69±6,0.03±0.007,0.04±0.008,0.48±0.05,0.42±0.02,0.06±0.010,2.09±0.08,22.48±1.33,12.30±2.89,,1.39±0.07,,,0.03±0.03,,,0.02±0.00,0.01±0.00,,,,0.03±0.03,25.87±3.13,,161±15.4,2.61±1.56,,,,,465±57.3,2439±280,1.32±0.34,0.51±0.10,0.002±0.001,38.73±3.38,0.016±0.006,0.001±0.000,0.12±0.12,1.36±0.41,0.003±0.001,0.001±0.001,17.12±6.63,0.24±0.04,,,0.011±0.001,44.84±9.18,298±10.1,3.59±1.27,10.68±0.05,0.18±0.03,1.42±0.08,0.68±0.03,0.15±0.03,0.25±0.04,0.35±0.02,,0.75±0.06,,,x,,,x,56.15±7.07,6.61±0.74,,,,,,5.94±0.81,,,,99±13.1,,x,32.33±2.43,x,,x,x,x,62.76±7.71,5.94±0.81,131±15.5,x,1.43±0.13,2.93±0.14,4.44±0.45,3.32±0.21,0.90±0.05,0.45±0.07,2.92±0.53,3.71±0.56,1.15±0.03,4.64±0.15,3.07±0.10,3.53±0.51,20.42±1.44,25.87±1.94,3.61±0.13,2.85±0.40,4.29±0.28,2.21±0.04,54.23±7.31,23.18±3.10,31.04±10.38,,158±3.4,,5.96±0.75,51.46±2.07,9.36±0.58,,,,0.32±0.04,,,,,,0.30±0.05,0.26±0.05,0.25±0.02,0.37±0.01,,,0.32±0.07,,0.66±0.04,,,,,,,,,,,,,,,,,,,,,2.90±0.21,,,,,4.75±0.08,0.39±0.01,4.12±0.07,25.66±2.55,0.07±0.01,x,x,x,x,x,x,x,x,x,x,x,x,x,x,x,x,x,x,x,x,x,x
D041,"Colocasia, stem, green (Colocasia antiquorum)",5,92.67±0.44,0.91±0.16,1.00±0.04,0.22±0.02,2.33±0.06,1.26±0.03,1.07±0.08,2.86±0.34,81±7,0.02±0.004,0.03±0.013,0.22±0.03,0.50±0.12,0.07±0.007,3.46±0.37,25.32±3.00,5.83±1.28,,0.14±0.03,,,0.09±0.03,,,,,,,,0.09±0.03,33.68±6.36,,99.6±19.5,1.96±0.90,,,,,2.30±1.25,597±153,,1.58±1.42,,40.21±6.92,0.020±0.006,0.002±0.002,0.08±0.03,0.55±0.22,,0.001±0.001,19.56±4.36,0.37±0.20,,0.005±0.004,0.008±0.003,30.73±6.04,414±85.6,1.48±0.76,0.60±0.15,0.20±0.08,1.14±0.20,0.89±0.19,0.09±0.02,0.16±0.08,,,0.25±0.09,,,x,,,x,53.81±5.81,7.73±0.93,1.42±0.21,2.51±0.42,2.06±0.41,,1.42±0.16,6.37±1.14,,,,82.53±6.81,,x,27.75±3.65,x,,x,x,x,67.53±6.04,7.78±1.21,110±10.4,x,2.37±0.51,4.26±0.53,7.20±0.53,3.33±0.97,1.20±0.19,0.80±0.20,4.14±0.48,4.22±0.34,0.73±0.10,5.96±0.35,7.37±1.23,4.70±0.63,11.84±1.78,18.86±2.51,6.69±1.43,4.14±0.75,4.94±0.80,3.08±0.47,229±48.1,172±14.4,64.37±37.16,,24.01±1.37,0.15±0.02,156±2.8,,96.99±1.38,,,,,,0.60±0.37,,,1.38±0.76,1.28±0.59,1.40±0.53,,0.30±0.04,,,0.27±0.04,,1.53±0.25,,,,,,,,,,,,,,,,,,,,,11.66±1.69,,,,,3.42±0.06,2.03±0.02,17.77±0.06,26.49±0.68,0.56±0.02,x,x,x,x,x,x,x,x,x,x,x,x,x,x,x,x,x,x,x,x,x,x
D042,"Corn, Baby (Zea mays)",6,75.44±0.98,2.69±0.23,2.79±0.21,1.33±0.23,6.09±0.50,4.47±0.28,1.62±0.31,11.66±1.40,306±18,0.15±0.054,0.07±0.032,0.53±0.07,0.94±0.16,0.16±0.046,0.79±0.08,45.53±11.69,8.59±1.48,,31.20±3.77,,,0.13±0.02,,,,,,,,0.13±0.02,75.05±0.00,,5.79±3.45,1.90±0.84,,,,,1.52±0.33,72.89±13.79,,,,76.51±13.84,0.002±0.001,0.001±0.000,0.12±0.03,1.45±0.23,,,25.47±2.17,0.19±0.03,,,,8.69±1.35,260±19.4,0.22±0.05,1.40±0.69,1.13±0.22,4.61±0.05,4.12±0.03,0.20±0.02,0.15±0.02,0.14±0.03,,0.49±0.02,,,x,,,x,180±0.6,31.08±0.93,,,,,,384±2.2,7.48±0.40,,,433±2.0,,x,25.69±1.05,x,,x,x,x,211±1.3,392±2.5,459±2.0,x,2.13±0.16,4.35±0.28,8.03±0.30,3.36±0.39,1.59±0.29,1.27±0.13,4.85±0.17,4.83±0.34,0.96±0.18,4.87±0.33,6.85±0.26,5.90±0.18,12.40±1.31,17.20±0.55,5.84±0.21,4.66±0.31,4.23±0.34,3.15±0.27,9.22±3.75,4.94±3.44,4.27±0.69,0.29±0.00,21.14±15.00,4.15±2.34,,5.57±2.27,60.48±19.84,4.38±1.77,0.03±0.01,,0.13±0.03,1.20±0.11,,,,0.20±0.15,0.31±0.10,0.76±0.01,0.16±0.02,,,,,,,,,,,,,,,,,,,,,,,,,,,1.91±0.08,0.02±0.000,0.01±0.000,,,3.82±0.00,4.69±0.00,20.20±0.00,26.44±1.43,,x,x,x,x,x,x,x,x,x,x,x,x,x,x,x,x,x,x,x,x,x,x
D043,"Cucumber, green, elongate (Cucumis sativus)",6,92.96±0.48,0.71±0.11,0.54±0.06,0.16±0.04,2.14±0.42,1.52±0.43,0.63±0.11,3.48±0.47,82±8,0.02±0.003,0.01±0.000,0.35±0.04,0.45±0.04,0.06±0.013,2.82±0.47,16.84±3.17,6.11±1.49,,1.26±0.22,,,0.02±0.01,,,,,,,,0.02±0.01,8.20±1.25,,2.22±1.12,,,,,,5.33±0.93,171±46.8,0.07±0.07,,,16.39±3.74,0.006±0.002,0.002±0.001,0.04±0.01,0.46±0.21,0.001±0.000,0.002±0.002,20.38±4.95,0.08±0.03,,0.002±0.002,0.008±0.002,28.34±4.85,183±36.6,0.17±0.07,6.33±0.20,0.17±0.02,0.76±0.13,0.50±0.10,0.25±0.03,0.02±0.01,,,0.27±0.04,,,x,,0.86±0.14,x,50.34±6.34,8.87±0.99,0.94±0.15,1.05±0.22,2.11±0.56,,1.98±0.29,8.58±1.17,,,,59.30±7.23,,x,8.63±1.02,x,,x,x,x,64.17±7.74,10.57±1.32,67.93±8.19,x,1.92±0.27,4.14±0.47,6.94±0.63,3.15±0.30,1.06±0.22,0.64±0.14,3.17±0.45,3.13±0.72,0.27±0.12,6.09±0.88,7.18±1.41,4.47±0.44,6.96±0.92,22.84±2.45,4.47±0.52,3.30±0.49,3.79±0.68,2.98±0.46,12.13±1.56,2.28±0.05,9.84±1.58,,81.51±17.01,4.13±0.44,68.75±8.77,4.97±2.73,40.70±5.40,,,,,,,,,,,,,0.88±0.39,,,,0.10±0.04,0.07±0.03,,,,,,,,,,,,,,,,,,,,,14.10±0.70,,,,,1.36±0.09,0.34±0.03,7.54±0.15,17.52±0.43,,x,x,x,x,x,x,x,x,x,x,x,x,x,x,x,x,x,x,x,x,x,x
D047,"Field beans, tender, broad (Vicia faba)",2,86.98,3.06,0.94,0.64,5.64,4.84,0.79,2.75,129,0.07,0.07,0.32,0.41,0.42,4.11,123,5.99,,7.14,,,0.08,,0.25,0.06,,,0.04,,0.11,26.45,,467,21.54,,,,83.48,555,1738,0.64,,,70.57,0.006,0.003,0.24,1.95,0.003,0.002,50.88,0.56,,0.047,0.037,73.3,345,,14.14,0.64,2.63,1.68,0.68,0.21,0.06,,0.95,,,x,,3.96,x,131,28.05,4.46,6.2,8.04,,,33.91,,,,204,,x,96.74,x,,x,x,x,182,33.91,301,x,2.63,4.05,8.19,4.61,0.83,0.59,4.57,3.68,0.75,5.1,5.88,6.02,13.35,14.95,4.53,4.24,5.43,3.36,34.83,8.82,26.02,16.2,52.58,5.26,59.82,,,,,,,,,,,,0.81,0.62,,,,,0.65,,,,,,,,,,,,,,,,,,,,,,,133,0.01,,,,0.74,4.59,15.17,4.81,3,x,x,x,x,x,x,x,x,x,x,x,x,x,x,x,x,x,x,x,x,x,x
D050,"French beans, hybrid (Phaseolus vulgaris)",2,90.11,2.12,0.77,0.19,4.18,3.53,0.65,2.63,93,0.05,0.05,0.77,0.27,0.44,5.93,61.98,1.38,,1.85,,,0.08,,0.13,0.08,,,0.08,,0.09,15.14,,228,13.35,,,,3.18,388,1449,0.35,,,49.9,0.004,0.008,0.07,0.98,,,34.98,0.27,,0.017,0.037,45.9,317,,9.18,0.37,1.77,0.77,0.65,0.14,0.1,0.12,1,,,x,,1.06,x,50.38,11.55,1.9,1.9,,,1.98,9.88,,,,62.83,,x,72.13,x,,x,x,x,66.8,11.85,135,x,2.57,4.35,6.71,4.83,1.07,0.53,4.22,4.32,0.8,5.98,4.08,6.41,11.43,13.06,3.9,5.81,5.2,2.95,36.97,4.88,32.09,12.6,81.1,14.4,68.6,,,,0.31,,,,,,,0.92,1.71,0.13,,2.78,,,0.51,1.82,2.85,,,,,,,,,,,,,,,0.05,,,,,,14.12,,,,,0.98,4.09,17.65,7.51,2.9,x,x,x,x,x,x,x,x,x,x,x,x,x,x,x,x,x,x,x,x,x,x
D051,"Jack fruit, raw (Artocarpus heterophyllus)",5,85.52±0.86,1.98±0.16,0.99±0.10,0.35±0.05,7.69±0.20,7.15±0.13,0.54±0.08,3.48±0.70,110±15,0.05±0.014,0.05±0.010,0.19±0.02,0.37±0.02,0.04±0.005,4.37±0.14,35.73±5.62,17.51±6.00,,6.84±0.48,,,0.05±0.02,,,0.06±0.01,,0.08±0.01,,,0.05±0.02,22.30±0.71,,4.86±2.54,2.92±1.65,,,,,,17.66±1.17,,,,45.74±7.19,0.004±0.002,,0.24±0.07,0.31±0.04,,,26.60±9.13,0.36±0.11,,,0.008±0.006,27.78±3.89,327±18.1,,3.53±0.52,0.17±0.03,2.04±0.06,0.02±0.01,1.21±0.02,0.26±0.03,0.55±0.03,,2.02±0.05,,,x,,0.65±0.05,x,35.32±1.18,3.64±0.11,3.58±0.05,1.72±0.21,2.46±0.17,,0.63±0.02,21.79±1.05,9.38±0.34,79.52±1.02,3.94±0.23,68.67±1.56,,x,38.57±1.44,x,,x,x,x,47.36±1.50,115±2.3,107±2.9,x,1.86±0.21,4.90±0.48,6.60±0.53,2.99±0.14,0.79±0.11,0.65±0.09,3.96±0.76,4.16±0.56,0.53±0.08,5.65±0.18,6.13±0.30,3.68±0.50,21.99±1.65,10.62±1.45,5.59±0.44,4.06±0.46,4.40±0.57,2.95±0.41,9.60±1.48,7.24±1.39,2.37±0.33,4.81±0.55,35.40±1.54,7.80±1.06,82.78±0.99,450±30.9,,,3.03±0.86,,,,,,,,1.04±0.52,2.39±0.23,0.87±0.06,,,,,,,,,,,,,,,,,,,,,,,,,,,50.59±7.30,,,,,2.94±0.04,16.36±1.44,43.10±1.68,68.79±1.14,,x,x,x,x,x,x,x,x,x,x,x,x,x,x,x,x,x,x,x,x,x,x
D052,"Jack fruit, seed, mature (Artocarpus heterophyllus)",5,72.32±0.53,5.79±0.14,1.02±0.16,0.44±0.03,8.63±0.09,7.83±0.05,0.80±0.07,11.81±0.74,322±10,0.06±0.010,0.03±0.008,0.19±0.02,0.36±0.01,0.08±0.005,4.10±0.31,54.58±12.31,9.68±6.44,,1.40±0.19,,,0.05±0.03,,,0.06±0.01,,0.07±0.01,,,0.06±0.03,13.56±0.22,,2.13±0.82,1.56±1.11,,,,,,19.63±2.17,,,,37.56±3.36,0.001±0.001,0.001±0.001,0.21±0.07,0.37±0.15,0.001±0.001,,37.04±15.48,0.27±0.10,,,0.015±0.007,29.33±10.67,376±70.1,0.33±0.10,4.00±0.09,0.29±0.12,8.77±0.05,6.54±0.03,1.45±0.03,0.67±0.02,0.11±0.01,,2.23±0.03,,,x,,,x,123±5.6,7.49±0.48,5.48±0.31,7.44±0.84,2.81±0.26,,,13.52±0.79,,2.70±0.38,,154±4.2,,x,26.51±1.81,x,,x,x,x,146±5.3,16.21±0.73,181±5.3,x,1.69±0.17,5.50±0.52,7.19±0.34,3.73±0.29,0.94±0.17,0.55±0.03,6.22±0.34,5.46±0.51,0.94±0.14,6.86±0.10,4.89±0.37,3.02±0.30,15.33±1.83,11.45±0.46,5.99±0.33,4.81±0.53,5.31±0.62,5.61±0.12,38.51±7.16,31.03±2.98,7.48±4.68,1.72±0.57,19.76±1.49,7.51±0.64,82.47±1.71,427±37.5,,,0.56±0.08,,,,,,,,0.31±0.10,0.58±0.06,0.88±0.03,,,,,,,,,,,,,,,,,,,,,,,,,,,15.53±1.08,,,,,1.59±0.07,3.66±0.18,24.26±0.69,141±13.2,,x,x,x,x,x,x,x,x,x,x,x,x,x,x,x,x,x,x,x,x,x,x
D053,Kohlrabi (Brassica oleracea),6,93.14±0.27,1.58±0.24,0.79±0.03,0.35±0.02,2.75±0.07,2.31±0.09,0.44±0.04,1.39±0.21,67±4,0.04±0.012,0.06±0.014,0.37±0.02,0.38±0.03,0.19±0.033,2.46±0.11,14.76±1.64,64.70±10.78,,0.32±0.03,,,0.01±0.01,,1.61±0.10,0.05±0.02,,,,,0.17±0.01,8.90±0.77,,2.51±0.83,1.55±1.24,,,,,,28.82±2.36,,,,35.26±3.81,0.004±0.002,0.002±0.001,0.08±0.03,0.24±0.05,,,19.05±3.69,0.13±0.03,,0.004±0.002,0.006±0.003,40.77±4.47,327±63.8,,27.46±3.47,0.15±0.03,0.94±0.05,0.51±0.01,0.05±0.02,0.11±0.01,0.27±0.04,,0.43±0.04,,,x,,,x,77.30±2.05,11.42±0.29,3.39±0.42,2.29±0.31,3.01±0.18,,4.34±0.18,27.29±0.54,,,,59.04±0.71,,x,71.39±2.18,x,,x,x,x,97.40±2.23,31.62±0.54,130±2.3,x,0.91±0.65,3.40±0.11,4.04±0.09,2.50±1.09,0.96±0.06,0.71±0.02,1.90±0.18,3.30±0.26,0.78±0.05,5.31±0.19,5.51±0.97,5.74±1.70,9.88±0.18,36.40±1.63,3.43±0.14,3.27±0.24,4.02±0.29,2.01±0.09,2.92±0.96,1.88±0.55,1.04±0.41,,14.19±1.86,5.90±1.29,5.57±2.23,248±40.5,6.42±0.67,,0.05±0.02,,,,,,,0.57±0.15,,0.06±0.01,,0.40±0.14,,,,,,,,,0.42±0.12,,,,,,,,,,,,,,,,,5.09±1.67,,,,,1.57±0.05,0.21±0.01,8.53±0.32,16.16±1.30,,x,x,x,x,x,x,x,x,x,x,x,x,x,x,x,x,x,x,x,x,x,x
D056,Ladies finger (Abelmoschus esculentus),6,89.06±0.30,2.08±0.37,0.94±0.09,0.22±0.03,4.08±0.20,2.80±0.29,1.28±0.37,3.62±0.26,115±5,0.04±0.005,0.07±0.009,0.61±0.01,0.28±0.04,0.27±0.027,1.58±0.33,63.68±10.76,22.51±1.60,,7.46±0.41,,,0.48±0.01,,0.12±0.00,,,,,,0.50±0.01,21.52±0.29,,798±83.0,3.53±1.91,,,,,69.10±10.41,1223±118,0.47±0.15,,0.002±0.001,86.12±6.93,0.005±0.001,0.002±0.001,0.13±0.01,0.84±0.15,0.001±0.000,0.002±0.001,66.10±8.99,0.30±0.04,,0.005±0.002,0.012±0.001,57.48±6.93,263±32.5,,7.37±0.14,0.45±0.04,1.37±0.07,0.89±0.04,0.40±0.05,0.07±0.01,0.05±0.01,,0.48±0.08,,,x,,1.50±0.23,x,54.61±5.12,5.67±0.62,1.71±0.12,3.36±0.36,2.51±0.30,,0.88±0.46,7.22±1.58,,,,76.82±4.93,,x,32.38±2.11,x,,x,x,x,69.37±6.10,8.10±1.70,109±6.6,x,2.42±0.37,3.26±0.48,5.04±0.42,3.79±0.51,0.81±0.21,0.57±0.10,3.44±0.27,3.75±0.38,0.49±0.09,4.46±0.36,5.37±0.57,5.95±0.70,15.47±1.48,16.70±1.03,3.95±0.47,3.39±0.47,3.59±0.32,2.51±0.43,83.87±6.55,5.99±0.15,77.88±6.46,3.65±0.65,21.66±6.84,64.57±1.17,16.24±0.99,151±4.5,120±3.5,,,,,,,,,,1.62±0.19,2.80±0.61,,,,,,,,1.69±0.28,2.22±0.51,,,1.25±0.43,,,,,,,,,,,,,,,,32.51±2.82,,,,,2.80±0.12,3.72±0.25,16.23±0.67,3.63±0.24,,x,x,x,x,x,x,x,x,x,x,x,x,x,x,x,x,x,x,x,x,x,x
D057,"Mango, green, raw (Mangifera indica)",6,85.14±0.59,0.69±0.09,0.49±0.07,0.08±0.02,3.01±0.19,1.68±0.15,1.34±0.11,10.59±0.37,205±8,0.02±0.003,0.02±0.001,0.26±0.02,0.13±0.02,0.13±0.013,1.41±0.16,25.86±7.38,90.24±10.47,,7.68±0.24,,,0.90±0.14,,0.17±0.02,,,,,,0.91±0.14,14.42±0.29,,122±13.7,1.52±1.18,,11.94±0.73,,,72.37±6.60,517±53.6,0.11±0.02,,,27.00±4.93,0.010±0.003,,0.08±0.02,0.40±0.08,,,17.54±3.18,0.23±0.06,,,0.006±0.002,14.92±2.22,147±20.9,,33.15±0.10,0.09±0.02,8.32±0.46,5.80±0.54,1.84±0.23,0.52±0.30,,,2.42±0.31,,,x,,0.67±0.18,x,23.36±2.23,1.30±0.19,0.55±0.10,0.55±0.07,0.86±0.09,,2.10±0.29,7.15±1.16,,,,17.53±1.91,,x,12.61±2.16,x,,x,x,x,27.28±2.69,9.25±1.40,30.13±3.60,x,2.83±0.21,4.44±0.88,7.90±0.75,5.34±0.39,1.37±0.08,0.71±0.05,3.75±0.16,4.19±0.46,1.06±0.36,5.79±1.02,9.22±1.34,5.34±1.22,10.23±0.75,14.23±0.85,5.43±0.81,5.34±1.02,4.99±1.08,3.39±0.55,7.51±1.45,3.92±0.04,3.60±1.47,0.47±0.29,32.73±1.32,1.38±0.37,84.39±1.25,,,85.92±3.20,,,,0.18±0.31,0.35±0.08,,,,,0.31±0.13,,,,,,0.64±0.07,,2.16±0.55,,0.66±0.07,,,,,,,,,,,,1.74±0.46,,,,,,580±10.0,,,,,2.09±0.08,1.62±0.12,27.62±1.32,15.26±0.29,,x,x,x,x,x,x,x,x,x,x,x,x,x,x,x,x,x,x,x,x,x,x
D058,"Onion, stalk (Allium cepa)",6,88.35±0.79,2.07±0.21,1.13±0.09,0.26±0.02,5.21±0.10,3.76±0.07,1.45±0.11,2.99±0.50,107±12,0.03±0.020,0.05±0.014,0.14±0.02,0.19±0.05,0.17±0.052,6.99±2.48,57.61±11.87,27.23±4.22,,6.81±0.31,,,0.81±0.01,,,,,,,,0.81±0.01,44.33±1.52,,575±175,2.43±0.68,,,,,700±2.6,3488±11.1,2.78±1.26,1.73±0.46,0.003±0.003,31.12±7.53,0.059±0.014,0.002±0.001,0.14±0.03,3.09±0.54,0.016±0.008,0.007±0.001,66.71±8.82,0.22±0.06,,0.017±0.007,0.031±0.007,28.53±3.74,312±63.2,5.22±2.02,15.52±2.48,0.99±0.21,1.51±0.04,1.10±0.02,,0.05±0.04,0.06±0.02,0.31±0.05,0.41±0.05,,,x,,8.04±0.17,x,65.71±1.11,5.74±0.40,,6.75±0.30,5.84±0.10,,,5.52±0.10,,,,55.43±1.02,,x,43.55±0.58,x,,x,x,x,92.08±1.66,5.52±0.10,98.98±1.33,x,2.16±0.18,4.88±0.20,8.05±0.20,6.50±0.38,1.21±0.22,0.46±0.12,4.09±0.19,4.74±0.33,1.07±0.03,5.90±0.32,5.91±0.21,4.50±0.29,9.66±0.42,14.62±0.27,7.82±0.31,5.03±0.25,4.53±0.25,3.75±0.24,29.72±6.15,22.72±7.76,7.00±2.16,,839±6.3,1.41±0.27,76.23±2.35,82.32±3.15,,,,0.17±0.01,,,,,,0.16±0.01,0.26±0.01,0.63±0.01,1.15±0.18,,,,,1.53±0.26,1.42±0.23,1.55±0.10,,,1.31±0.02,,,,,,,,,,,,,,,,,10.73±3.22,,,,,1.14±0.02,18.49±0.02,17.32±0.08,61.02±2.54,0.54±0.04,x,x,x,x,x,x,x,x,x,x,x,x,x,x,x,x,x,x,x,x,x,x
D059,"Papaya, raw (Carica papaya)",6,92.04±0.44,0.50±0.06,0.55±0.06,0.23±0.03,2.28±0.05,1.32±0.04,0.96±0.04,4.40±0.37,100±7,0.02±0.004,0.03±0.007,0.12±0.01,0.24±0.04,0.03±0.008,1.24±0.20,29.79±2.21,20.73±2.35,,7.80±0.65,,,0.04±0.01,,,,0.11±0.01,,,,0.07±0.01,2.45±0.28,,266±55.8,7.88±0.32,,76.80±18.04,,,164±60.8,548±67.5,0.05±0.01,0.63±0.34,,22.72±1.71,0.003±0.002,,0.05±0.04,0.20±0.03,0.001±0.000,0.001±0.001,15.03±1.12,0.03±0.01,,0.001±0.001,0.002±0.000,24.11±6.35,173±29.1,1.29±1.05,7.55±0.08,0.08±0.01,3.63±0.24,,2.64±0.17,0.99±0.07,,,3.63±0.24,,,x,,1.35±0.34,x,52.81±6.87,7.78±1.60,,3.25±0.42,3.97±0.78,,,44.53±4.38,,,,66.04±7.94,,x,9.60±1.94,x,,x,x,x,69.15±9.33,44.53±4.38,75.64±9.60,x,0.97±0.09,1.57±0.19,3.22±0.28,3.82±0.98,0.63±0.21,3.77±0.37,3.91±1.94,2.85±0.80,1.00±0.10,3.16±0.23,5.07±0.88,3.08±0.25,11.90±0.26,14.27±1.52,4.93±0.48,2.99±0.45,3.56±0.93,4.38±1.31,9.38±1.31,4.77±0.56,4.69±0.77,2.51±0.52,28.85±0.71,2.05±0.10,57.46±3.88,31.63±1.71,22.61±0.12,,,,,,,,,,,0.55±0.03,0.23±0.05,0.05±0.01,,,0.15±0.02,0.25±0.04,,,,,,0.32±0.07,,,,,,,,,,,,,,,,5.54±0.33,,,,,3.18±0.08,2.40±0.02,9.19±0.09,22.08±1.80,0.43±0.04,x,x,x,x,x,x,x,x,x,x,x,x,x,x,x,x,x,x,x,x,x,x
D060,Parwar (Trichosanthes dioica),6,91.57±0.27,1.40±0.10,0.59±0.03,0.30±0.04,2.61±0.07,1.82±0.04,0.79±0.07,3.54±0.32,101±5,0.05±0.007,0.05±0.011,0.67±0.04,0.25±0.05,0.20±0.019,9.86±0.74,19.96±1.76,19.24±6.61,,0.69±0.11,,,0.04±0.01,,,,,,,,0.04±0.01,8.37±1.48,,322±102,10.77±3.25,,,,,13.10±1.50,965±15.0,0.33±0.06,0.68±0.38,,30.76±3.08,0.013±0.002,0.001±0.001,0.09±0.01,0.50±0.11,,,24.59±3.64,0.13±0.03,,,0.012±0.004,33.81±3.72,117±2.5,2.32±0.88,2.29±0.09,0.23±0.03,1.26±0.21,0.90±0.09,0.31±0.12,0.06±0.05,,,0.37±0.17,,,x,,2.96±0.28,x,72.84±3.17,14.99±1.86,2.26±0.16,1.43±0.07,1.45±0.19,,,13.19±0.91,,,,91.87±4.02,,x,20.35±1.26,x,,x,x,x,95.93±2.64,13.19±0.91,112±5.0,x,1.75±0.27,4.41±0.59,7.22±0.30,5.89±0.91,1.33±0.33,0.86±0.10,3.86±0.99,3.82±0.45,0.59±0.15,5.95±0.32,6.61±1.55,5.97±1.03,9.60±0.60,19.43±2.33,6.21±1.28,5.28±0.31,4.79±0.45,2.96±0.20,3.24±0.72,1.56±0.19,1.58±0.25,,28.36±10.14,3.26±0.70,1.61±0.31,3.29±0.96,31.10±1.95,3.13±0.64,,,0.44±0.05,0.32±0.07,,,,,0.05±0.01,0.08±0.01,,,,,0.35±0.10,0.79±0.09,0.63±0.03,1.30±0.24,1.37±0.10,,,,,,,,,,,,,,,,,,,12.14±2.10,,,,,0.12±0.01,0.95±0.02,7.60±0.10,29.19±0.64,0.29±0.03,x,x,x,x,x,x,x,x,x,x,x,x,x,x,x,x,x,x,x,x,x,x
D061,"Peas, fresh (Pisum sativum)",6,73.37±1.13,7.25±1.03,1.05±0.02,0.13±0.02,6.32±0.26,5.04±0.19,1.28±0.25,11.88±0.67,340±19,0.27±0.027,0.03±0.004,1.28±0.03,0.68±0.13,0.19±0.020,4.04±0.33,54.77±12.01,38.40±6.42,,12.91±0.28,,,0.05±0.01,,1.59±0.10,,,,,,0.21±0.01,44.22±3.85,,68.6±19.1,11.40±2.54,,,,,121±12.5,1286±259,0.20±0.06,,,28.24±3.62,0.002±0.001,0.003±0.001,0.22±0.03,1.58±0.15,,,40.11±3.29,0.46±0.06,,0.020±0.004,0.043±0.008,55.95±2.74,249±9.0,1.63±0.41,3.66±0.04,1.09±0.15,7.89±0.50,6.92±0.49,0.41±0.02,0.20±0.02,0.36±0.02,,0.97±0.02,,,x,,,x,15.88±1.57,3.13±0.18,,,,,,28.75±1.96,,,,46.75±3.62,,x,9.49±0.59,x,,x,x,x,19.01±1.69,28.75±1.96,56.24±4.15,x,2.15±0.38,3.33±1.04,7.63±0.64,5.72±0.54,0.63±0.12,0.64±0.13,5.02±0.24,4.08±0.37,0.84±0.08,4.23±0.98,4.23±0.32,10.05±1.51,11.61±0.94,17.38±1.96,4.28±0.27,3.78±0.85,4.53±0.38,3.06±0.48,18.42±1.34,14.18±1.03,4.65±0.69,0.15±0.02,17.69±2.27,,0.84±0.83,160±3.9,2.39±0.99,,0.61±0.29,,,,,,,2.10±0.86,1.58±0.20,,0.41±0.09,2.03±0.65,,1.82±0.13,1.95±0.86,1.74±0.20,,,,,,,,,,,,,,2.79±0.62,,,,,,,,22.17±2.86,0.01±0.000,0.05±0.011,0.01±0.000,,2.56±0.03,1.54±0.02,42.23±0.80,162±10.8,1.26±0.43,x,x,x,x,x,x,x,x,x,x,x,x,x,x,x,x,x,x,x,x,x,x
D063,"Plantain, green (Musa x paradisiaca)",6,76.15±0.42,1.18±0.20,1.27±0.14,0.23±0.02,3.60±0.27,2.79±0.25,0.81±0.05,17.58±0.35,334±6,0.01±0.001,0.05±0.005,0.33±0.04,0.26±0.02,0.10±0.006,0.60±0.05,18.96±1.29,23.28±2.40,,0.27±0.02,,,0.08±0.01,,,,,,,,0.08±0.01,17.42±1.83,,28.9±9.85,3.45±1.94,,,,,3.01±1.65,224±29.8,0.08±0.06,,,13.80±2.56,0.012±0.009,0.002±0.003,0.10±0.03,0.34±0.09,0.001±0.001,,35.64±5.34,0.29±0.09,0.12±0.01,0.002±0.001,0.005±0.003,31.69±5.76,402±17.8,0.82±0.79,18.57±0.13,0.23±0.05,16.29±1.65,15.43±1.15,0.76±0.59,0.10±0.11,,,0.86±0.67,,,x,,,x,53.89±2.49,3.25±0.36,,,,,,16.21±0.79,,,,72.89±2.96,,x,33.77±2.31,x,,x,x,x,57.13±2.83,16.21±0.79,107±4.7,x,2.45±0.19,2.59±0.54,4.98±0.51,3.70±0.25,0.80±0.08,0.67±0.10,5.32±1.40,2.93±0.25,0.68±0.13,5.51±0.46,5.94±0.89,4.46±1.11,14.43±1.76,20.43±1.81,3.83±0.38,3.14±0.52,4.45±0.49,2.09±0.47,85.25±9.52,49.83±2.70,35.42±11.56,0.13±0.03,35.87±3.43,1.27±0.54,33.35±1.74,12.62±1.49,,,,,,,0.40±0.23,,,,,,,,,0.60±0.08,1.65±0.16,0.11±0.01,0.07±0.01,,,,,0.02±0.02,,,,,,,0.08±0.01,1.89±0.20,,1.50±0.16,,,,,,25.27±3.40,,,,,2.25±0.21,1.71±0.07,16.32±0.20,40.44±0.21,,x,x,x,x,x,x,x,x,x,x,x,x,x,x,x,x,x,x,x,x,x,x
D066,"Pumpkin, orange, round (Cucurbita maxima)",6,91.85±0.45,0.84±0.21,0.58±0.09,0.16±0.02,2.56±0.11,1.44±0.14,1.12±0.08,4.00±0.64,97±8,0.03±0.005,0.03±0.003,0.41±0.01,0.18±0.01,0.08±0.015,1.63±0.26,24.14±3.70,8.04±0.87,,1.40±0.14,,,0.59±0.13,0.02±0.00,,,,,0.06±0.04,,0.60±0.13,83.70±1.92,,161±17.5,34.91±4.73,,,,90.74±12.40,149±16.8,1449±167,0.11±0.05,,,23.06±4.30,0.002±0.001,,0.06±0.01,0.36±0.11,,,10.43±2.35,0.07±0.02,,,,22.18±7.47,253±39.2,0.37±0.17,8.81±0.09,0.11±0.04,3.30±0.12,0.33±0.08,1.90±0.24,0.33±0.15,0.74±0.33,,2.97±0.15,,,x,,0.91±0.16,x,34.87±3.37,6.35±0.36,0.68±0.07,0.81±0.09,0.96±0.15,,0.98±0.09,21.04±2.02,,,,36.17±2.35,,x,26.57±3.25,x,,x,x,x,44.58±3.91,22.02±2.07,62.73±5.33,x,1.68±0.10,5.00±0.36,5.32±0.34,3.20±0.48,1.03±0.13,0.68±0.06,4.91±1.13,3.85±0.43,0.77±0.19,6.05±0.50,4.96±0.31,3.65±0.45,12.99±1.28,19.58±1.75,5.05±0.36,3.87±0.24,4.42±0.24,2.85±0.40,41.22±10.34,35.84±11.23,5.38±1.93,1.59±0.33,33.32±14.78,1.35±0.31,3.34±1.11,,4.56±1.56,,,,,,,,,0.06±0.02,0.08±0.01,0.28±0.08,,,,,1.63±0.21,,,,,,,,,,,,,,,,,,,,0.45±0.13,,,15.25±2.07,0.01±0.005,,,,0.17±0.01,0.73±0.02,2.48±0.10,19.72±1.81,,x,x,x,x,x,x,x,x,x,x,x,x,x,x,x,x,x,x,x,x,x,x
D067,"Red gram, tender, fresh (Cajanus cajan)",1,64,8.09,1.64,0.92,5.9,3.66,2.25,19.46,520,0.23,0.09,2.14,0.71,0.3,2.91,94.21,15.13,,28.96,,,0.89,,0.46,0.43,,,,,0.94,14.9,,190,,,,,,165,495,,0.11,0.002,58.58,,0.001,0.45,1.18,0.006,,56.95,0.53,0.05,0.149,0.121,141,616,2.19,2.54,1.1,14.57,14.02,0.22,0.1,0.23,,0.55,,,x,,,x,181,30.02,,,,,,51.13,,,,427,,x,47.24,x,,x,x,x,211,51.13,474,x,3.14,3.31,4.89,6.21,0.41,0.75,8.56,3.87,0.99,4.3,6.6,5.84,10.61,20.95,3.96,4.63,5.09,2.63,19.83,19.29,0.54,,,28.36,0.77,5.19,0.76,5.6,0.23,,0.37,0.32,,0.61,,0.46,,,1.41,0.72,,,1.62,,,,4.25,,,,,,,,,,0.33,,,0.13,,0.06,,,,6.55,0.01,0.03,0.01,,3.15,2.44,32.41,6.22,0.46,x,x,x,x,x,x,x,x,x,x,x,x,x,x,x,x,x,x,x,x,x,x
D068,Ridge gourd (Luffa acutangula),6,94.99±0.35,0.91±0.08,0.44±0.04,0.14±0.01,1.81±0.13,1.20±0.16,0.61±0.08,1.72±0.46,55±7,0.02±0.003,0.01±0.002,0.20±0.01,0.28±0.04,0.07±0.005,2.27±0.18,29.26±3.12,5.42±1.06,,0.37±0.03,,,0.02±0.00,,,,,,0.05±0.01,,0.02±0.00,11.23±0.31,,129±20.5,19.50±3.17,,,,,348±31.4,838±101,0.07±0.03,,,13.70±1.38,0.003±0.000,0.001±0.000,0.10±0.03,0.42±0.05,,0.001±0.001,16.15±2.57,0.11±0.04,,0.003±0.001,0.012±0.005,33.06±5.97,118±4.0,0.59±0.28,4.71±0.20,0.22±0.06,1.40±0.07,0.81±0.12,0.45±0.11,0.08±0.05,0.03±0.00,0.06±0.01,0.62±0.18,,,x,,0.83±0.17,x,42.19±2.81,6.33±0.68,1.22±0.16,1.56±0.18,2.37±0.15,,0.82±0.11,1.75±0.12,,,,28.66±1.37,,x,26.42±0.76,x,,x,x,x,54.49±3.62,2.57±0.22,55.08±2.08,x,1.87±0.14,4.60±0.14,5.34±0.09,4.78±0.37,0.98±0.08,0.40±0.10,4.21±0.38,3.68±0.11,0.72±0.09,5.95±0.30,6.47±0.39,5.15±0.88,9.98±0.63,21.06±1.69,5.04±0.30,3.39±0.52,4.33±0.07,3.27±0.28,29.55±4.23,1.22±0.10,28.33±4.20,0.07±0.01,152±4.8,11.35±1.54,12.36±1.46,32.05±1.81,,,,,,,,,,0.51±0.10,0.54±0.12,0.36±0.11,,,,,,,0.92±0.17,,,,,,,,,,,,,,,,,,,,,8.31±0.73,,,,,0.13±0.02,0.61±0.05,3.93±0.17,14.91±0.79,,x,x,x,x,x,x,x,x,x,x,x,x,x,x,x,x,x,x,x,x,x,x
D071,"Snake gourd, long, dark green (Trichosanthes anguina)",2,94.92,0.89,0.45,0.25,2.27,1.69,0.58,1.23,50,0.03,0.03,0.33,0.27,0.07,2.43,16.52,2.85,,3.08,,,0.01,,,,,,0.05,,0.01,8.4,,39.6,5.41,,,,,61.64,188,0.05,,,27.11,0.002,0.001,0.11,0.47,,0.001,21.7,0.19,,0.001,0.017,31.03,104,,5.04,0.2,1.19,0.74,0.3,0.1,0.01,0.04,0.45,,,x,,,x,72.09,11.77,4.36,4.87,2.78,,,4.77,,,,45.65,,x,53.71,x,,x,x,x,95.87,4.77,99.36,x,1.85,4.85,5.71,5.64,0.93,0.64,3.95,3.86,0.63,5.27,6.59,5.67,10.16,20.07,4.98,4.18,4.72,2.99,13.44,3.53,9.9,1.29,123,1.91,68.18,36.82,,,0.31,,,,,,0.45,0.07,0.4,0.32,,,,,,,,,,,,,,,,,,,,,,,,,,,,6.1,,,,,0.25,0.85,4.46,13.04,,x,x,x,x,x,x,x,x,x,x,x,x,x,x,x,x,x,x,x,x,x,x
D074,"Tomato, green (Lycopersicon esculentum)",6,93.21±0.46,1.12±0.08,0.60±0.03,0.27±0.07,1.62±0.08,1.05±0.07,0.57±0.04,3.18±0.40,87±7,0.08±0.043,0.05±0.043,0.46±0.16,0.30±0.12,0.07±0.024,4.74±1.99,12.51±4.01,16.41±2.52,,1.10±0.22,,,0.37±0.27,,0.11±0.03,,0.04±0.01,,,,0.39±0.27,16.10±1.51,,38.9±8.90,2.48±1.34,35.97±13.4,,5.80±0.79,,32.33±3.91,546±59.3,,0.18±0.07,0.001±0.000,8.49±1.56,0.028±0.013,0.002±0.001,0.06±0.02,0.42±0.08,0.002±0.001,,13.57±2.84,0.12±0.04,,0.005±0.002,0.007±0.005,22.50±3.04,225±10.5,8.25±1.97,13.11±2.73,0.16±0.03,1.31±0.04,0.48±0.03,0.41±0.02,0.42±0.02,,,0.83±0.02,,,x,,,x,33.68±0.98,10.37±0.70,1.36±0.08,0.72±0.01,0.77±0.03,,0.64±0.02,35.51±1.06,,,0.77±0.16,95.45±3.03,,x,13.57±0.71,x,,x,x,x,46.91±0.99,36.91±1.04,109±2.6,x,2.26±1.19,2.69±0.26,3.62±0.37,4.35±0.52,1.01±0.16,0.80±0.07,3.47±0.59,2.62±0.37,0.73±0.07,3.09±0.15,2.46±0.17,3.93±0.46,10.94±0.69,30.29±4.05,3.35±0.17,2.37±0.38,3.76±0.45,2.27±0.08,8.47±2.24,6.95±1.85,1.52±0.50,,135±1.1,0.31±0.02,6.77±0.37,,,,,,0.43±0.07,,,,,,0.05±0.01,1.22±0.21,0.08±0.01,,,,,0.03±0.01,1.90±0.04,,,,,,,,,,,,,,,,,,,,,7.62±0.69,,,,,0.34±0.01,0.86±0.01,3.55±0.02,1.08±0.10,0.37±0.02,x,x,x,x,x,x,x,x,x,x,x,x,x,x,x,x,x,x,x,x,x,x
D076,"Tomato, ripe, local (Lycopersicon esculentum)",6,93.62±0.16,0.90±0.07,0.52±0.08,0.47±0.06,1.77±0.04,1.44±0.11,0.33±0.08,2.71±0.08,82±4,0.03±0.004,0.03±0.004,0.52±0.01,0.20±0.03,0.09±0.005,1.18±0.11,19.46±2.99,27.47±1.77,,12.24±1.05,,,0.19±0.02,,0.75±0.05,,0.02±0.01,,,,0.27±0.02,17.18±1.73,,965±167,17.52±6.44,1736±278,,9.37±0.53,,905±58.4,4656±636,0.04±0.02,,,10.17±1.84,0.005±0.004,,0.06±0.01,0.30±0.09,,,13.65±2.13,0.09±0.01,,,,18.77±3.79,204±34.1,,9.73±2.51,0.12±0.02,1.34±0.19,,1.16±0.18,0.18±0.07,,,1.34±0.19,,,x,,,x,58.47±2.78,16.77±1.47,1.94±0.13,1.23±0.11,1.17±0.14,,1.22±0.15,56.55±6.33,,,0.89±0.23,185±12.9,,x,23.59±4.07,x,,x,x,x,79.56±4.04,58.66±6.57,208±13.4,x,1.36±0.27,2.69±0.38,4.71±0.57,2.33±0.38,0.68±0.34,0.94±0.14,4.30±0.77,2.71±0.40,0.64±0.07,3.26±0.63,4.72±0.84,4.13±0.51,12.71±2.23,39.25±1.68,3.86±0.51,2.87±0.63,3.67±0.45,2.68±0.29,5.58±1.44,4.32±0.84,1.27±0.80,,278±4.0,0.07±0.01,7.15±0.10,,6.77±0.30,2.65±1.34,,,,,,,,0.10±0.02,0.66±0.08,1.89±0.11,0.91±0.03,,,,,2.33±0.22,3.49±0.36,10.68±0.62,0.16±0.02,,,,,,,,,,,,,,,,,,,36.69±2.09,,,,,0.29±0.02,0.76±0.03,2.24±0.12,2.39±0.18,,x,x,x,x,x,x,x,x,x,x,x,x,x,x,x,x,x,x,x,x,x,x
D077,"Zucchini, green (Cucurbita pepo)",2,92.83,1.1,0.93,0.51,2.3,1.42,0.88,2.33,84,0.05,0.09,1.03,0.99,0.25,1.02,18.85,15.78,,0.4,,,3.9,,0.05,,,,,,3.9,41.05,,87.86,16.23,,,,,85.79,963,,,,17.26,0.002,,0.07,0.52,,,15.41,0.13,,,,21.38,178,0.21,0.4,0.29,1.61,1.47,0.12,0.02,,,0.14,,,x,3.29,,x,98.79,16.94,,,,,2.88,36.38,,,,98.72,,x,152,x,,x,x,x,119,37.83,251,x,1.98,4.24,5.68,4.67,0.78,0.57,4.73,3.82,0.85,5.87,6.86,3.8,10.04,22.68,3.48,4.26,4.42,2.87,17.83,2.8,15.03,,47.81,49.65,2.32,,55.3,,0.05,,,,,,,,,,,,,,,,,,1.35,,,,,,,,,,,,,,,,,,34.77,42.94,,,,,1.01,0.35,7.65,10.57,,x,x,x,x,x,x,x,x,x,x,x,x,x,x,x,x,x,x,x,x,x,x
D078,"Zucchini, yellow (Cucurbita pepo)",2,93.15,1.31,1.08,0.44,1.84,1.37,0.47,2.2,79,0.03,0.02,0.42,0.72,0.2,1.13,21.5,16.71,,0.38,,,1.47,,0.15,,,,,,1.48,53.28,,294,25.6,,,,,69.9,1177,,,,20.98,0.003,,0.11,0.34,,,10.82,0.21,,,,32.03,131,0.3,0.39,0.27,1.37,1.07,0.19,0.1,,,0.29,,,x,1.51,,x,49.25,6.08,,,,,1.45,19.87,,,,43,,x,71.42,x,,x,x,x,56.92,21.32,114,x,1.74,4.25,5.5,5.03,0.75,0.68,5.54,3.81,0.86,5.71,6.66,4.25,10.68,22.29,3.56,4.71,4.44,2.89,16.06,2.8,13.26,,47.81,45.17,2.32,,55.3,,0.03,,,,,,,,,,,,,,,,,,1.33,,,,,,,,,,,,,,,,,,2.62,295,,,,,0.88,0.42,8.77,11.5,,x,x,x,x,x,x,x,x,x,x,x,x,x,x,x,x,x,x,x,x,x,x
E002,"Apple, green (Malus domestica)",6,85.54±0.98,0.46±0.07,0.31±0.04,0.50±0.05,2.54±0.26,1.72±0.22,0.81±0.16,10.65±1.00,214±17,0.01±0.023,0.02±0.016,0.21±0.06,0.12±0.04,0.08±0.016,0.41±0.09,3.43±0.68,2.90±0.32,,2.45±0.40,,,0.10±0.04,,,,,,,,0.10±0.04,2.13±0.09,,40.2±18.8,1.91±0.77,,,,,2.20±0.93,196±47.5,,,,6.53±2.48,0.002±0.001,,0.33±0.04,0.20±0.04,,,5.42±0.11,0.02±0.00,,,,7.48±0.11,94.55±2.07,0.25±0.08,1.47±0.65,0.08±0.01,8.39±0.06,,7.19±0.04,1.08±0.03,0.12±0.02,,8.39±0.06,,,x,,,x,77.85±0.61,28.51±1.14,9.74±0.36,,,,,40.99±0.84,,,,173±1.0,,x,49.73±0.55,x,,x,x,x,116±1.5,40.99±0.84,223±1.1,x,2.67±0.21,4.85±0.43,5.75±0.11,3.11±0.20,1.40±0.11,0.67±0.15,3.86±0.30,4.40±0.28,0.78±0.10,3.66±0.30,7.12±0.29,3.96±0.49,20.64±0.61,9.60±0.32,4.79±0.17,4.15±0.17,5.31±0.23,2.10±0.20,17.63±5.77,7.28±3.23,10.34±3.19,,30.98±13.16,2.60±1.22,124±37.3,,29.22±6.30,5.49±1.71,0.81±0.10,,,,,,,,0.27±0.05,1.44±0.14,0.71±0.12,,,,,2.45±0.37,0.55±0.13,2.42±0.45,0.55±0.03,0.64±0.14,,,,,,,,,2.92±0.46,,,0.81±0.06,,,,,,45.76±4.22,,,,,0.22±0.00,0.54±0.00,13.76±0.00,0.64±0.05,,x,x,x,x,x,x,x,x,x,x,x,x,x,x,x,x,x,x,x,x,x,x
E005,"Apricot, dried (Prunus armeniaca)",6,16.68±0.59,3.17±0.29,3.46±0.14,0.74±0.03,3.32±0.13,2.72±0.11,0.60±0.04,72.63±0.27,1321±9,0.04±0.011,0.04±0.006,1.66±0.12,0.62±0.13,0.10±0.005,1.47±0.21,10.50±1.59,0.42±0.14,,3.98±0.06,,,0.07±0.01,,0.07±0.02,0.29±0.04,0.09±0.01,,0.04±0.01,,0.11±0.01,5.17±1.17,,4.98±2.79,2.33±1.08,,,,,1806±106,4313±123,2.11±0.51,0.88±0.44,,28.57±4.32,0.016±0.008,0.002±0.001,0.43±0.04,2.50±0.26,0.008±0.012,0.002±0.001,14.04±2.21,0.31±0.02,,0.018±0.011,0.055±0.016,72.02±6.39,285±5.9,2.05±0.52,3.94±0.12,0.41±0.04,70.10±2.52,44.38±2.30,16.52±0.74,6.98±0.05,2.21±0.02,,25.72±0.71,,,x,,,x,168±5.3,32.58±3.32,,,,,,118±3.4,,,,206±9.6,,x,79.91±4.75,x,,x,x,x,200±5.6,118±3.4,286±9.3,x,1.21±0.29,2.25±0.31,4.22±0.08,3.28±0.19,1.19±0.30,0.86±0.11,2.73±0.41,2.48±0.16,0.70±0.07,2.31±0.33,4.36±0.71,3.89±0.81,18.26±4.95,9.54±1.24,3.29±0.87,8.69±0.30,3.77±1.02,3.43±0.22,113±25.0,20.04±0.65,90.54±2.27,,119±5.6,8.67±0.53,422±3.3,156±4.4,5.42±0.68,,,,,,,,,0.83±0.08,0.12±0.02,,0.28±0.04,,,,,0.96±0.09,0.83±0.10,,2.04±0.70,,,,,,,,,,0.30±0.07,,,3.72±0.64,,,,,,57.33±3.72,0.24±0.039,,,,1.17±0.05,5.18±0.20,7.76±0.18,194±19.5,,x,x,x,x,x,x,x,x,x,x,x,x,x,x,x,x,x,x,x,x,x,x
E007,Avocado fruit (Persea americana),1,73.56,2.95,1.19,13.86,6.69,5.26,1.42,1.75,604,0.07,0.08,0.9,1.26,0.18,1.25,67.17,9.36,,2.1,,,0.02,,,,,,,,0.02,38.74,,25.13,2.5,,,,,12,321,,,,28.48,0.002,,0.39,0.81,,,48.14,0.74,,,,63.14,377,,2.81,0.75,1.75,0.1,1,0.44,0.21,,1.65,,,x,,,x,1237,,,,,,495,8215,,,,1078,,x,62.11,x,11.14,x,x,x,1237,8710,1141,x,2.38,3.45,6.27,5.84,1.66,1.58,4.24,3.48,1.04,4.48,5.38,4.45,15.56,13.37,4.25,4.48,4.46,2.64,2.78,2.02,0.76,,0.12,111,1.02,,111,,,,0.06,,,,,0.12,,,0.16,,,,0.33,,0.23,,,,0.11,,,,,0.36,,,0.34,,,11.35,,,,,,105,,,,,12.88,2.58,156,356,,x,x,x,x,x,x,x,x,x,x,x,x,x,x,x,x,x,x,x,x,x,x
E008,Bael fruit (Aegle marmelos),1,61.36,2.63,0.91,0.57,6.31,3.31,3,28.21,569,0.03,0.04,0.25,1.62,0.03,1.14,55.22,7.5,,1.6,,,0.6,,,,,,,,0.6,4.5,,36.12,2.2,,,,,2.5,172,0.11,0.65,0.027,47.95,0.002,0.419,0.15,0.23,0.077,2.446,34.1,0.1,0.07,0.819,0.042,37.29,409,0.72,1.56,0.14,23.55,7.2,9.58,2.65,4.12,,16.35,,0.45,x,2.81,3.38,x,103,18.55,1.58,0.93,,,4.17,107,,,,87.01,,x,66.18,x,,x,x,x,190,112,154,x,2.52,3.29,5.86,4.86,1.26,0.65,4.81,4.16,0.98,4.62,4.82,3.86,18.2,14.26,3.86,5.26,5.4,2.43,3.87,3.11,0.76,,0.21,1.32,0.33,,,,,,0.09,,,,,0.21,,,0.19,,,,0.41,,0.29,,,,0.19,,,,,0.31,,,0.29,,,10.26,,,,,,21.36,,,,,0.3,0.41,3.39,28.65,,x,x,x,x,x,x,x,x,x,x,x,x,x,x,x,x,x,x,x,x,x,x
E010,"Banana, ripe, poovam (Musa x paradisiaca)",2,71.32,1.49,1.09,0.35,2.33,1.29,1.04,23.41,445,0.01,0.03,0.43,0.4,0.5,1.79,19.95,6.74,,0.24,,,0.07,,0.08,,,,,,0.08,2.6,,34.67,2.75,,,,1.71,57.33,252,,,,8.73,0.01,,0.1,0.35,0.001,0.001,43.79,0.3,,0.002,0.01,33.63,335,,1,0.17,17.26,4.72,5.43,6.12,0.99,,12.54,,,x,,,x,105,8.02,,,,,3.83,28.45,,,,65.5,,x,69.67,x,,x,x,x,113,32.29,135,x,6.42,3.79,9.41,4.89,1.05,0.75,5.32,5.08,0.9,6.11,5.46,3.18,13.03,16.88,6.7,4.59,5.67,2.22,2.38,2.05,0.34,0.77,285,0.9,2.87,,,4.05,,,,,0.12,,,,,,,,,,,,,,,,,,,,,,,,,0.56,0.61,0.52,,,,,,18.6,,,,,1.31,1.46,12.1,11.03,,x,x,x,x,x,x,x,x,x,x,x,x,x,x,x,x,x,x,x,x,x,x
E013,Black berry (Rubus fruticosus),5,82.94±0.42,0.92±0.10,0.52±0.04,0.63±0.02,4.35±0.25,3.44±0.16,0.91±0.13,10.64±0.35,227±6,0.01±0.002,0.02±0.005,0.40±0.09,0.21±0.12,0.05±0.011,1.65±0.19,22.95±1.38,19.45±1.54,,14.65±0.40,,,0.49±0.04,,,,0.07±0.02,0.05±0.01,,,0.52±0.04,1.82±0.04,,105±17.5,2.37±0.98,,,,,52.32±2.65,166±2.4,,,,23.81±2.70,,,0.05±0.01,0.63±0.21,,0.002±0.000,30.90±4.17,0.47±0.01,,,0.027±0.004,20.08±4.50,205±40.5,,1.21±0.33,0.11±0.03,7.61±0.27,,4.47±0.28,2.50±0.04,0.64±0.02,,7.61±0.27,,,x,,5.89±0.46,x,134±0.9,30.33±1.74,7.71±1.33,5.86±0.92,11.65±1.36,,6.15±0.53,81.56±4.26,,,,153±1.9,,x,80.24±2.19,x,,x,x,x,195±5.6,87.71±4.44,234±1.7,x,3.09±0.34,4.86±0.26,7.82±0.34,4.72±0.13,1.49±0.16,0.66±0.12,5.18±0.91,4.76±0.43,0.83±0.06,6.57±0.58,6.40±0.24,4.31±2.14,12.08±0.69,15.66±0.50,6.02±0.65,5.55±0.42,5.36±0.50,3.03±0.26,5.33±1.58,0.98±0.03,4.35±1.58,0.05±0.02,396±2.9,1.44±0.29,262±4.4,2.59±0.26,,,,,,,4.68±0.19,,,,0.46±0.06,,,,,,,,,3.18±0.50,3.58±0.32,4.36±0.54,,,,,,,,,11.46±0.27,0.56±0.05,,1.44±0.35,,,,,3.11±0.43,165±6.8,,,,,0.80±0.03,0.12±0.01,34.65±1.66,8.97±0.17,,x,x,x,x,x,x,x,x,x,x,x,x,x,x,x,x,x,x,x,x,x,x
E014,"Cherries, red (Prunus cerasus)",4,83.61±0.21,1.49±0.22,0.45±0.02,0.46±0.05,2.12±0.12,1.35±0.09,0.78±0.06,11.87±0.31,250±4,0.07±0.006,0.02±0.004,0.19±0.01,0.23±0.03,0.04±0.005,1.52±0.25,4.92±1.30,8.82±0.57,,4.30±0.44,,,0.07±0.02,,,,,,,,0.06±0.04,5.56±1.10,,92.9±12.4,5.69±2.12,,,,,40.78±1.15,259±36.4,0.37±0.05,,,23.88±5.01,0.010±0.003,,0.07±0.02,0.36±0.10,,,14.37±4.80,0.15±0.08,,,0.002±0.001,25.31±8.43,165±44.4,,1.64±0.09,0.12±0.04,10.72±0.05,,5.91±0.05,4.61±0.02,0.20±0.03,,10.72±0.05,,,x,,,x,84±5,33.98±1.52,6.81±0.69,,,,,95.85±2.36,,,,116±4.3,,x,71.55±3.27,x,,x,x,x,125±5.9,95.85±2.36,187±4.2,x,1.76±0.23,3.46±0.88,5.88±1.42,3.88±0.27,1.68±0.61,0.92±0.10,4.10±1.05,4.06±0.75,0.50±0.06,4.78±1.02,4.99±1.97,1.77±0.53,28.46±12.91,15.62±3.07,6.51±2.15,4.22±0.96,4.61±0.88,2.20±0.41,6.15±1.36,4.44±0.67,1.71±1.36,0.28±0.06,18.84±1.08,0.33±0.06,289±5.0,5.53±0.42,30.22±5.50,3.25±1.45,,,,0.65±0.13,,,,0.08±0.01,0.38±0.11,5.93±0.02,0.32±0.05,,,,,1.39±0.43,0.88±0.02,,,,0.10±0.02,2.07±0.63,,,,,,,1.66±0.29,0.07±0.01,,2.61±0.20,,,,,,126±2.1,,,,,0.56±0.01,0.07±0.00,17.65±0.18,39.88±0.57,1.60±0.02,x,x,x,x,x,x,x,x,x,x,x,x,x,x,x,x,x,x,x,x,x,x
E015,"Currants, black (Ribes nigrum)",1,83.27,1.51,0.69,0.53,4.07,2.43,1.64,9.93,227,0.03,0.03,0.35,0.28,0.09,2.41,8.48,182,,3.01,,,0.45,,,,,,,,0.45,27.52,,242,12.9,,,,,62.48,453,0.5,,0.001,40.32,0.031,,0.08,1.36,,,16.66,0.11,,,0.005,78.8,283,1.51,1.45,0.21,8.89,2.56,2.98,2.85,0.5,,6.33,,,x,,,x,51.94,24.41,,2.05,4.93,,,298,3.22,,,30.58,,x,8.47,x,,x,x,x,83.33,302,39.06,x,2.25,4.35,8.33,3.82,1.77,0.44,4.42,4.14,1.47,5.11,3.69,6.97,10.42,20.94,5.36,5.03,5.23,2.89,10.8,1.95,8.84,,421,2.76,389,,,382,,,,,,,,,,,,,,,,0.02,3.12,,4.65,,0.08,0.08,,,,,,,0.47,0.48,,0.7,,,,,,68.29,,,,,3.53,1.72,17.88,9.6,1.6,x,x,x,x,x,x,x,x,x,x,x,x,x,x,x,x,x,x,x,x,x,x
E016,Custard apple (Annona squamosa),1,71.55,1.62,0.68,0.67,5.1,3.17,1.93,20.38,414,0.13,0.09,0.69,0.19,0.07,0.76,7.6,21.51,,0.18,,,0.19,0.01,,,,,,,0.19,58,,12.45,1.8,,,,,,142,,,,28.2,0.003,,0.19,0.42,,,38.47,0.15,,,,40.81,278,,3.11,0.22,13.69,0.34,9.1,4.25,,,13.35,,,x,,,x,90.45,30.45,5.67,3.87,7.56,,4.89,34.85,,,,78.56,,x,53.47,x,,x,x,x,138,39.74,132,x,5.25,2.26,4.88,4.26,0.99,0.48,4.16,4.37,0.86,4.86,7.08,3.87,18.32,17.32,4.86,4.82,5.12,1.97,35.1,22.28,13.35,,11.23,12.81,1.11,,6.53,,,,,,,,,,,,,,,,,,,,,,,,,,,,,,5.63,,,0.58,,,,,,13.91,,,,,0.65,2.19,3.81,15.22,,x,x,x,x,x,x,x,x,x,x,x,x,x,x,x,x,x,x,x,x,x,x
E017,"Dates, dry, pale brown (Phoenix dactylifera)",6,11.14±0.73,2.45±0.24,2.20±0.07,0.35±0.03,8.95±0.23,7.53±0.22,1.42±0.14,74.91±0.52,1340±12,0.03±0.012,0.03±0.008,1.47±0.07,0.51±0.07,0.14±0.009,0.82±0.11,18.65±1.39,4.42±0.54,,2.60±0.23,,,0.02±0.00,,,,0.03±0.00,,,,0.03±0.00,3.34±0.26,,281±77.8,8.95±1.88,,,,,2700±345,3483±551,2.47±0.62,,,71.20±4.51,0.022±0.008,0.001±0.000,0.36±0.05,3.20±0.45,0.013±0.005,0.006±0.002,73.79±6.51,0.82±0.10,,0.005±0.003,0.030±0.009,73.02±10.73,804±49.5,0.78±0.10,3.27±0.37,0.70±0.06,67.50±2.87,0.87±0.08,14.90±0.05,6.15±0.02,45.58±2.94,,66.63±2.90,,,x,,,x,78.83±3.65,18.20±1.50,,,,,,30.43±3.94,,,,140±8.4,,x,19.49±1.13,x,,x,x,x,97.03±4.87,30.43±3.94,159±9.4,x,1.84±0.38,1.92±0.39,5.17±0.79,2.44±0.77,1.03±0.20,1.33±0.12,3.55±0.72,3.73±0.43,0.85±0.12,2.85±0.46,6.94±0.51,4.08±0.44,12.80±0.35,15.76±1.09,6.18±0.41,5.78±0.90,5.08±0.24,2.15±0.40,2.11±0.86,1.63±0.22,0.29±0.17,,58.61±1.75,3.55±0.51,34.17±2.47,16.04±0.46,1.75±0.49,,,,0.51±0.31,0.59±0.22,1.55±0.03,,,2.90±0.53,0.25±0.03,0.64±0.21,1.18±0.87,,,,,,0.02±0.01,,,,,,,,,,,,,,,,,,5.19±0.56,,,102±7.1,,,,,1.83±0.08,1.35±0.14,29.78±0.34,134±20.5,,x,x,x,x,x,x,x,x,x,x,x,x,x,x,x,x,x,x,x,x,x,x
E018,"Dates, dry, dark brown (Phoenix dactylifera)",2,13.13,2.38,2.39,0.35,9.1,7.57,1.53,72.67,1301,0.02,0.03,1.09,0.53,0.153,0.94,12.8,3.84,,0.68,,,0.01,,,,0.06,,,,0.03,4.53,,285,4.83,,,,,2705,3280,2.43,,,66.13,0.017,0.001,0.44,4.79,0.006,0.006,75.23,0.84,,0.004,0.022,70.26,782,0.77,3.09,0.58,69.83,0.99,15.04,6.26,47.54,,68.84,,,x,,,x,91.15,22.69,,,,,,21,,,,129,,x,16.35,x,,x,x,x,114,21,145,x,2.06,3.05,5.23,2.81,1.25,1.26,3.46,3.27,1.83,3.3,7.02,3.9,9.68,14.85,5.96,5.62,4.86,2,1.98,0.99,0.98,,3.01,3.21,33.23,3.02,2.17,,,,1.36,1.27,1.57,,,,0.03,0.29,0.13,,,,,,0.03,,,,,,,,,,,,,,,,,,6.06,,,263,,,,,1.73,1.27,27.24,126,,x,x,x,x,x,x,x,x,x,x,x,x,x,x,x,x,x,x,x,x,x,x
E020,Fig (Ficus carica),6,75.60±1.16,2.03±0.22,1.08±0.18,0.37±0.06,4.64±0.41,2.59±0.22,2.05±0.23,16.28±1.13,341±18,0.04±0.020,0.02±0.008,0.27±0.08,0.26±0.08,0.15±0.016,2.64±1.09,13.67±3.81,16.92±4.26,,1.47±0.15,,,0.42±0.16,,1.17±0.08,,,,,,0.54±0.17,5.75±1.51,,19.0±2.27,2.01±0.64,,,,,2.40±0.59,454±51.3,0.71±0.24,,,78.52±16.48,0.017±0.004,,0.19±0.02,0.69±0.06,,,26.18±2.34,0.07±0.01,,,0.013±0.003,21.62±1.97,231±7.2,,2.37±1.29,0.22±0.01,9.79±0.07,1.15±0.02,5.89±0.02,1.20±0.01,1.55±0.03,,8.64±0.06,,,x,,,x,71.61±0.74,7.19±0.20,8.46±0.13,3.48±0.13,2.26±0.17,,,41.38±1.12,,,,50.57±0.50,,x,46.52±0.54,x,,x,x,x,89.44±9.07,41.38±1.12,97.09±0.80,x,1.16±0.05,4.84±0.20,5.80±0.19,3.19±0.18,0.90±0.14,1.68±0.12,3.36±0.28,4.24±0.35,0.85±0.03,5.34±0.14,5.74±0.47,2.02±0.15,20.90±0.89,19.36±1.12,4.71±0.32,4.89±0.36,4.63±0.20,2.80±0.18,46.71±10.69,5.26±0.71,41.69±11.14,,216±2.7,1.51±0.27,23.51±2.59,134±2.3,132±3.5,,,,,,,,,,,0.04±0.00,0.01±0.00,,,,,,0.01±0.00,,,,,,,,,,,,0.03±0.00,,,0.01±0.00,,,,,,25.16±0.00,,,,,0.58±0.00,1.67±0.00,32.31±0.00,48.59±4.55,1.00±0.17,x,x,x,x,x,x,x,x,x,x,x,x,x,x,x,x,x,x,x,x,x,x
E021,Gooseberry (Emblica officinalis),5,87.02±0.78,0.34±0.03,0.34±0.05,0.16±0.04,7.75±0.64,6.20±0.43,1.55±0.43,4.39±1.09,99±19,0.01±0.009,0.03±0.012,0.12±0.02,0.35±0.04,0.27±0.054,1.42±0.35,7.86±1.27,252±30.4,,0.27±0.02,,,0.11±0.01,,0.01±0.00,0.06±0.01,0.05±0.01,,,,0.12±0.02,1.64±0.31,,38.7±9.78,2.86±1.61,,,,,1.58±0.09,62.01±6.45,0.08±0.02,,,20.14±2.51,0.007±0.003,,0.12±0.08,1.25±0.08,0.004±0.002,0.001±0.001,6.50±0.93,0.11±0.02,,0.001±0.000,0.010±0.003,21.85±1.87,223±12.6,,1.37±0.19,0.05±0.01,3.95±0.05,0.56±0.03,2.10±0.02,1.29±0.02,,,3.39±0.02,,,x,,,x,26.48±3.16,11.99±0.26,,,,,,23.93±1.89,,,,47.41±2.23,,x,27.83±2.51,x,,x,x,x,38.48±3.26,23.93±1.89,75.24±4.62,x,2.40±0.26,1.94±0.34,4.25±0.42,4.06±0.50,0.73±0.17,0.61±0.16,4.85±2.04,3.30±0.69,0.75±0.08,2.99±0.39,6.47±1.67,3.87±0.45,14.90±2.63,23.90±2.39,5.01±0.47,4.48±0.48,4.95±0.23,2.60±0.39,7.96±0.91,5.40±0.74,2.81±1.28,,751±8.5,1.65±0.28,7.58±1.17,,44.33±6.23,14.06±1.11,1.34±0.18,,0.47±0.10,,93.12±4.37,,,0.66±0.07,0.20±0.01,0.56±0.04,0.30±0.09,,0.23±0.04,,,0.84±0.04,1.26±0.05,1.37±0.03,7.81±0.82,,,,,,,,,,,,,,,,,,,1031±3.8,,,,,0.23±0.01,0.23±0.01,11.50±0.27,49.34±3.36,0.40±0.12,x,x,x,x,x,x,x,x,x,x,x,x,x,x,x,x,x,x,x,x,x,x
E022,"Grapes, seeded, round, black (Vitis vinifera)",4,83.88±0.56,0.76±0.13,0.46±0.04,0.32±0.02,1.35±0.14,0.82±0.06,0.52±0.09,13.23±0.60,254±11,0.03±0.009,0.03±0.005,0.14±0.03,0.07±0.00,0.11±0.020,1.14±0.22,8.69±1.60,18.30±2.32,,6.19±0.19,,,0.05±0.02,,0.02±0.00,,,,0.01±0.00,,0.05±0.02,3.65±0.40,,27.8±8.85,3.59±2.20,,,,,29.36±8.37,213±29.4,,,,10.57±2.03,0.008±0.007,,0.06±0.01,0.22±0.04,0.001±0.000,,7.47±0.92,0.08±0.03,,,0.003±0.002,21.04±3.63,171±26.5,,1.93±0.19,0.05±0.02,10.02±0.05,,7.10±0.02,2.77±0.03,0.15±0.03,,10.02±0.05,,,x,,,x,72.49±3.32,15.26±1.74,4.45±0.15,8.15±1.27,5.60±1.35,,,12.73±2.37,,,,94.88±6.61,,x,44.44±2.81,x,,x,x,x,106±6.7,12.73±2.37,139±8.6,x,2.59±0.25,1.98±0.37,5.92±0.81,2.15±0.18,1.13±0.31,1.17±0.02,3.59±0.35,4.90±0.39,0.49±0.03,2.60±0.18,6.56±0.46,5.97±0.35,9.65±0.78,22.50±3.32,3.35±0.42,4.72±0.68,4.59±0.51,2.24±0.68,26.12±10.48,12.96±4.29,10.53±7.96,0.03±0.01,3.12±0.98,1.14±0.45,288±3.6,,,280±5.3,,,0.54±0.18,0.43±0.28,,,,2.63±0.44,0.10±0.01,0.63±0.08,0.95±0.08,,,,,0.15±0.03,0.70±0.06,,0.11±0.01,,,0.38±0.11,0.04±0.01,0.02±0.01,,,,,7.83±0.45,0.03±0.01,3.01±0.16,11.04±1.47,,0.05±0.01,,,,144±10.0,,,,,0.55±0.02,0.26±0.01,12.34±0.20,1.52±0.22,,x,x,x,x,x,x,x,x,x,x,x,x,x,x,x,x,x,x,x,x,x,x
E023,"Grapes, seeded, round, green (Vitis vinifera)",5,85.07±0.29,0.77±0.12,0.43±0.05,0.29±0.03,1.25±0.04,0.81±0.02,0.44±0.02,12.19±0.20,235±4,0.03±0.005,0.02±0.004,0.13±0.02,0.07±0.01,0.09±0.015,1.08±0.15,8.35±0.75,17.10±5.63,,3.59±0.15,,,0.07±0.02,,0.03±0.01,,,,0.02±0.01,,0.07±0.02,7.26±0.43,,31.3±8.77,4.06±1.60,,,,,30.77±11.10,208±28.8,,,,11.16±2.02,0.003±0.000,,0.07±0.01,0.24±0.10,0.001±0.000,0.001±0.001,6.87±1.10,0.07±0.01,,,0.002±0.001,19.50±3.45,166±28.0,,1.89±0.19,0.05±0.01,9.59±0.02,,7.11±0.03,2.38±0.02,0.10±0.01,,9.59±0.02,,,x,,,x,62.35±3.72,12.95±0.85,3.74±0.25,7.38±0.66,6.01±0.50,,,11.10±1.44,,,,82.21±4.28,,x,36.68±2.24,x,,x,x,x,92.42±3.73,11.10±1.44,119±6.3,x,2.61±0.31,2.20±0.09,6.31±0.72,2.34±0.16,1.04±0.16,1.25±0.11,3.12±0.33,5.33±0.31,0.66±0.06,2.46±0.24,7.11±0.65,6.58±0.22,10.41±0.69,21.65±1.32,3.44±0.28,4.29±1.41,4.61±0.48,2.34±0.61,25.74±6.18,18.79±2.51,7.09±4.59,0.03±0.02,3.36±0.17,1.47±0.54,286±4.1,,,276±20.9,,,1.61±0.83,2.15±0.85,,,,2.71±0.20,0.25±0.09,0.56±0.28,2.46±1.07,,,,,0.13±0.07,0.70±0.03,,0.10±0.01,,,0.52±0.24,0.03±0.01,0.02±0.01,,,,,0.46±0.29,0.03±0.01,2.10±1.21,2.93±1.88,,0.03±0.01,,,,29.60±13.81,,,,,0.47±0.01,0.24±0.02,10.29±0.15,1.27±0.11,,x,x,x,x,x,x,x,x,x,x,x,x,x,x,x,x,x,x,x,x,x,x
E024,"Grapes, seeded, round, red (Vitis vinifera)",5,84.46±1.60,0.95±0.11,0.48±0.07,0.29±0.04,1.28±0.10,0.85±0.05,0.43±0.09,12.55±1.38,244±26,0.04±0.027,0.03±0.018,0.10±0.03,0.11±0.03,0.10±0.017,1.09±0.27,7.49±1.15,20.59±3.45,,6.87±0.22,,,0.07±0.02,,0.04±0.02,,,,0.01±0.00,,0.07±0.02,5.20±0.59,,17.2±3.04,7.58±2.28,,,,,19.94±1.29,314±99.9,,,,11.27±3.54,0.003±0.002,,0.05±0.01,0.33±0.04,,0.001±0.000,7.06±0.84,0.11±0.01,,,0.003±0.002,27.91±4.51,188±10.2,,1.59±0.71,0.07±0.01,10.47±0.07,,7.80±0.02,2.57±0.04,0.10±0.02,,10.47±0.07,,,x,,,x,66.06±1.13,14.28±0.24,3.79±0.22,6.27±0.91,4.77±0.20,,,12.18±0.22,,,,83.32±0.24,,x,39.64±1.05,x,,x,x,x,92.04±4.41,12.18±0.22,123±1.0,x,2.34±0.19,3.49±0.30,5.86±0.40,1.92±0.13,0.94±0.16,1.14±0.12,4.14±0.53,4.87±0.72,0.69±0.13,2.83±0.25,6.32±1.55,6.50±0.24,10.87±0.98,19.45±0.92,3.18±0.14,4.72±0.27,4.79±0.19,2.49±0.30,23.92±5.49,12.77±5.37,11.15±1.27,0.06±0.01,1.82±1.39,1.57±0.22,291±33.7,,,272±75.9,,,2.84±0.00,2.63±0.00,,,,2.96±0.00,0.37±0.00,0.52±0.00,2.78±0.00,,,,,0.34±0.00,0.71±0.00,,0.09±0.00,,,0.57±0.00,0.06±0.00,0.03±0.00,,,,,2.68±0.00,0.06±0.00,0.98±0.00,7.93±0.00,,0.06±0.00,,,,14.61±0.00,,,,,0.46±0.07,0.28±0.03,10.66±0.67,1.60±0.19,,x,x,x,x,x,x,x,x,x,x,x,x,x,x,x,x,x,x,x,x,x,x
E028,"Guava, white flesh (Psidium guajava)",5,83.79±0.30,1.44±0.09,0.72±0.05,0.32±0.03,8.59±0.05,7.14±0.02,1.45±0.04,5.13±0.33,135±5,0.05±0.006,0.04±0.008,0.60±0.04,0.25±0.02,0.11±0.014,0.74±0.13,29.76±0.66,214±13.6,,1.68±0.23,,,0.06±0.01,0.02±0.01,,,0.04±0.01,,0.03±0.01,0.74±0.03,0.09±0.01,3.68±0.38,,19.7±4.59,5.92±3.06,,,,,298±32.8,996±108,,,,18.52±2.10,0.004±0.002,0.003±0.002,0.16±0.04,0.32±0.07,,,15.26±2.22,0.22±0.07,,,0.009±0.002,23.54±3.12,283±47.1,1.84±0.64,2.87±0.09,0.23±0.03,4.74±0.08,0.63±0.02,2.00±0.04,1.90±0.02,0.20±0.03,,4.10±0.07,,,x,,0.70±0.07,x,28.95±2.42,16.48±1.53,1.97±0.30,0.55±0.06,0.65±0.06,,,35.08±3.38,0.64±0.08,,,165±13.4,,x,11.08±1.05,x,,x,x,x,49.30±3.97,35.72±3.43,176±14.4,x,2.04±0.07,4.08±0.82,6.77±0.86,2.55±0.19,0.96±0.05,0.97±0.12,1.34±0.13,3.15±0.46,0.83±0.12,3.27±0.21,6.26±0.88,3.18±0.23,19.73±3.56,15.70±1.14,6.12±0.61,5.56±0.51,3.80±0.59,2.66±0.07,13.05±3.69,0.32±0.28,10.61±6.06,0.62±0.16,384±176,1.83±0.80,77.02±1.63,,2.83±0.48,1.39±0.26,,,,,2.51±0.36,,,,,,,3.61±0.30,,,,,1.44±0.10,,,,,4.57±0.55,,,,,,,,,,,,,,,0.53±0.08,96.93±3.85,,,,,0.57±0.01,0.11±0.01,43.09±1.33,55.36±2.30,,x,x,x,x,x,x,x,x,x,x,x,x,x,x,x,x,x,x,x,x,x,x
E030,"Jack fruit, ripe (Artocarpus heterophyllus)",5,78.56±0.34,2.74±0.47,0.91±0.08,0.15±0.02,3.62±0.17,2.21±0.17,1.41±0.06,14.01±0.56,302±3,0.05±0.004,0.01±0.004,0.42±0.08,0.16±0.01,0.22±0.010,4.00±0.37,32.15±2.27,6.73±1.59,,7.49±0.25,,,0.06±0.01,,,0.06±0.01,,0.09±0.01,,,0.07±0.01,37.00±3.73,,19.3±6.91,2.42±1.27,,,,,23.53±1.24,59.61±4.90,,,,35.03±4.50,0.005±0.002,,0.19±0.09,0.36±0.16,0.002±0.001,,31.84±5.19,0.35±0.17,,,0.005±0.003,23.02±9.21,279±58.8,,1.62±0.08,0.17±0.07,12.71±0.04,0.50±0.03,4.12±0.03,3.33±0.03,4.76±0.03,,12.21±0.02,,,x,,,x,30.69±2.30,1.70±0.26,1.77±0.17,2.35±0.35,1.15±0.13,,0.75±0.13,9.34±1.06,3.86±0.60,28.77±3.05,1.56±0.24,22.63±2.96,,x,15.44±1.58,x,,x,x,x,37.66±2.83,44.27±4.43,38.07±4.41,x,1.63±0.23,3.49±0.55,6.76±0.90,3.32±0.40,0.54±0.13,0.50±0.09,4.49±1.06,4.35±0.71,0.62±0.51,5.18±1.28,6.16±0.67,3.22±0.88,26.27±5.38,9.24±1.33,5.40±1.49,4.42±0.76,5.39±1.72,3.22±1.06,8.45±3.18,5.49±2.17,2.96±2.40,2.57±0.85,35.40±1.14,11.19±2.03,219±5.1,347±1.4,,,2.90±0.28,,,,,,,,1.54±0.36,2.48±0.42,1.23±0.45,,,,,,,,,,,,,,,,,,,,,,,,,,,53.74±1.44,,,,,1.04±0.04,19.21±1.16,34.84±1.02,52.94±3.15,,x,x,x,x,x,x,x,x,x,x,x,x,x,x,x,x,x,x,x,x,x,x
E031,"Jambu fruit, ripe (Syzygium cumini)",2,83.33,0.82,0.31,0.17,3.07,2.4,0.67,12.3,235,0.02,0.02,0.14,0.31,0.03,2.57,7.63,16.47,,0.82,,,0.04,,,,,,,,0.04,7.94,,18.49,5.68,,,,,1.55,66.5,0.45,,,25.36,0.015,,0.02,0.33,0.001,,27.97,0.04,,,0.016,9.6,103,,2.64,0.06,8.32,1.48,4.47,2.21,0.16,,6.84,,,x,,,x,43.42,19.46,3.62,,,,3.17,17.56,,,,42.4,,x,6.37,x,,x,x,x,66.49,20.73,48.77,x,2.38,5.21,8.52,1.99,1.85,0.93,5.63,5.32,0.83,6.99,7.04,1.54,11.99,15.22,6.59,6.09,5.54,3.23,9.6,7.24,2.37,0.16,72.26,0.42,23.69,,,,,,0.06,,0.39,,,,0.02,0.13,,,,,,,,,,,,,,,,,,,,,,,,,,,,68.47,,,,,0.76,0.14,25.45,8.65,1.55,x,x,x,x,x,x,x,x,x,x,x,x,x,x,x,x,x,x,x,x,x,x
E033,"Lemon, juice (Citrus limon)",6,91.59±0.53,0.41±0.05,0.28±0.03,0.75±0.02,,6.97±0.56,,,153±9,0.04±0.007,0.01±0.000,0.10±0.01,0.12±0.01,0.03±0.004,1.92±0.14,12.43±1.85,48.16±4.35,,0.39±0.04,,,0.06±0.01,,,,,,,,0.06±0.01,1.80±0.63,,9.68±2.22,1.72±0.50,,,,,2.62±0.34,85.99±3.36,0.11±0.04,,,22.68±2.90,0.002±0.002,,0.03±0.01,0.12±0.05,0.003±0.002,,8.90±0.55,0.02±0.00,,0.009±0.006,0.001±0.000,9.86±0.52,113±19.1,,1.21±0.23,0.08±0.02,2.59±0.06,,1.01±0.03,1.28±0.04,0.30±0.02,,2.59±0.06,,,x,,,x,147±5.2,27.67±1.91,,27.55±4.69,,,,47.40±6.45,,,,270±9.5,,x,83.53±3.97,x,,x,x,x,202±7.3,47.40±6.45,353±13.4,x,1.99±0.16,2.72±0.15,2.51±0.49,5.07±0.09,1.10±0.07,1.28±0.30,3.54±0.20,1.69±0.17,0.45±0.21,2.90±0.42,5.22±0.55,4.28±0.47,20.55±1.50,15.10±0.71,2.03±0.27,7.60±0.83,3.86±0.33,1.35±0.19,,,,0.80±0.24,3490±7.1,0.04±0.03,243±5.0,,338±73.8,2.36±0.21,,,,,,,,1.61±0.22,3.04±0.58,,,,,,1.59±0.11,,0.07±0.01,,,,,0.15±0.02,,2.64±0.27,0.51±0.34,17.33±0.44,,,,,,,,,,,,24.24±3.09,,,,,,,,,,x,x,x,x,x,x,x,x,x,x,x,x,x,x,x,x,x,x,x,x,x,x
E034,"Lime, sweet,pulp (Citrus limetta)",6,91.32±0.33,0.76±0.09,0.47±0.03,0.20±0.06,2.07±0.11,1.33±0.04,0.74±0.08,5.18±0.37,114±5,0.06±0.005,0.01±0.003,0.17±0.02,0.25±0.03,0.05±0.013,2.23±0.23,15.38±4.15,46.96±7.64,,0.30±0.09,,,0.07±0.02,,,,,,,,0.07±0.02,2.20±1.01,,13.2±3.54,1.89±0.44,,,,,2.54±0.30,85.13±10.71,,,,25.79±5.02,0.017±0.007,,0.03±0.00,0.11±0.02,0.000±0.000,,15.40±1.42,0.04±0.01,,0.001±0.001,0.001±0.000,20.55±1.27,182±39.4,0.72±0.46,1.17±0.45,0.05±0.01,3.94±0.03,0.52±0.03,0.70±0.02,2.60±0.01,0.12±0.01,,3.42±0.01,,,x,,,x,65.42±3.97,10.98±0.66,,,,,8.30±0.93,26.88±1.81,,,,67.81±3.12,,x,16.60±1.75,x,,x,x,x,76.40±4.34,35.18±2.49,84.41±4.19,x,3.40±0.31,2.12±0.09,2.66±0.27,2.31±0.17,0.97±0.59,1.33±0.04,1.32±0.23,1.29±0.17,0.48±0.09,1.73±0.22,3.39±0.72,1.30±0.81,19.78±1.90,5.41±1.07,2.16±0.39,6.81±1.29,3.40±0.46,0.80±0.19,0.57±0.30,0.24±0.15,0.34±0.16,,3416±46.1,0.48±0.34,125±5.8,,418±5.8,,,,,,,,,,,1.48±0.51,0.02±0.01,,,,,,0.08±0.01,,,,,,,22.17±21.06,1.64±0.17,13.45±0.56,,,,,,,,,,,,117±12.0,,,,,,,,,,x,x,x,x,x,x,x,x,x,x,x,x,x,x,x,x,x,x,x,x,x,x
E035,Litchi (Nephelium litchi),4,85.56±0.27,0.99±0.09,0.44±0.06,0.26±0.02,1.34±0.05,0.81±0.10,0.53±0.06,11.41±0.20,225±5,0.02±0.003,0.06±0.008,0.23±0.02,0.19±0.10,0.07±0.010,2.80±0.34,15.69±5.09,33.82±5.24,,0.33±0.09,,,0.06±0.01,,,,,,,,0.06±0.01,7.81±2.06,,27.33±9.81,1.61±0.62,,,,,1.47±0.21,129±15.1,0.54±0.07,0.21±0.11,,5.77±0.80,0.010±0.004,,0.11±0.02,0.79±0.21,,,14.58±1.67,0.04±0.01,,,0.007±0.002,23.32±3.13,161±35.6,0.46±0.22,0.54±0.14,0.24±0.09,9.30±0.06,,4.05±0.04,2.17±0.04,3.08±0.02,,9.30±0.06,,,x,,,x,68.53±3.97,14.13±0.14,,2.64±0.41,6.19±0.77,,4.04±0.37,41.60±3.12,,,,51.98±4.49,,x,26.91±1.89,x,,x,x,x,91.48±4.93,45.63±3.45,78.89±6.36,x,1.84±0.27,4.73±0.36,8.08±0.63,4.95±0.22,1.46±0.23,1.22±0.15,5.39±0.39,4.74±0.52,0.74±0.04,6.05±0.58,10.56±1.75,2.24±0.75,11.65±0.62,16.07±1.40,5.56±0.45,5.72±1.59,5.16±0.51,2.92±0.73,15.28±4.29,11.12±3.07,4.16±1.71,,24.21±4.56,6.06±0.72,97.11±1.87,46.55±2.64,13.53±1.04,,,,2.26±0.85,,0.70±0.30,,,,2.12±0.41,1.47±0.17,,,,,,,0.55±0.33,2.72±0.43,1.38±0.12,1.40±0.35,,,,0.53±0.10,,,,,,,,,,,,,,124±7.2,,,,,5.30±0.03,1.43±0.03,10.67±0.15,2.57±0.14,1.04±0.04,x,x,x,x,x,x,x,x,x,x,x,x,x,x,x,x,x,x,x,x,x,x
E036,"Mango, ripe, banganapalli (Mangifera indica)",6,88.44±0.55,0.54±0.10,0.42±0.04,0.55±0.03,1.88±0.15,1.01±0.08,0.87±0.11,8.18±0.49,175±9,0.03±0.005,0.04±0.004,0.26±0.03,0.12±0.02,0.12±0.02,1.60±0.11,82.05±7.90,32.97±7.14,,3.71±0.21,,,0.26±0.06,,0.20±0.04,,,,,,0.28±0.06,4.77±0.20,,3.19±1.51,1.62±0.22,,2.72±1.31,,,1168±141,1424±308,,,,15.77±1.64,0.020±0.010,,0.10±0.01,0.51±0.17,0.002±0.001,,13.35±1.07,0.22±0.08,,,0.007±0.002,11.07±2.00,144±15.3,1.91±0.745,1.34±0.06,0.12±0.04,7.77±0.07,,2.38±0.03,0.73±0.02,4.66±0.09,,7.77±0.07,,,x,,7.01±1.49,x,150±6.1,7.12±0.55,,1.90±0.23,3.96±0.64,,52.48±6.23,81.18±8.57,,,,30.72±2.87,,x,101±5.5,x,,x,x,x,170±6.6,134±10.3,132±7.5,x,2.69±0.29,3.73±0.48,8.18±1.05,5.69±0.24,1.57±0.13,0.78±0.19,3.20±0.17,5.10±0.44,0.94±0.32,5.92±0.91,8.21±0.31,4.26±1.36,11.58±0.78,15.60±1.03,5.88±0.57,4.07±1.13,4.14±0.35,2.21±0.49,7.94±2.05,4.72±1.64,3.23±1.71,0.29±0.05,446±9.1,0.43±0.22,76.71±1.12,,2.95±0.74,,,,,,0.43±0.12,,,0.74±0.19,0.64±0.13,1.79±0.52,,1.42±0.41,,,,0.99±0.75,,2.17±0.56,,0.92±0.50,,,,,,,,,,,,1.55±0.38,,,,,,18.39±3.44,,,,,0.87±0.04,0.47±0.01,11.41±0.68,85.83±3.60,,x,x,x,x,x,x,x,x,x,x,x,x,x,x,x,x,x,x,x,x,x,x
E045,"Musk melon, orange flesh (Cucumis melon)",5,92.97±0.38,0.42±0.06,0.52±0.02,0.35±0.02,1.51±0.28,0.84±0.20,0.67±0.11,4.24±0.40,97±8,0.01±0.000,0.01±0.003,0.41±0.05,0.13±0.02,0.05±0.005,0.75±0.18,22.31±2.48,22.76±3.42,,4.41±0.57,,,0.01±0.00,,,,,,,,0.01±0.00,5.70±0.27,,20.17±3.03,2.52±0.84,,,,,771±96.4,925±43.6,0.02±0.01,0.03±0.04,,9.80±2.14,0.004±0.002,0.001±0.001,0.03±0.02,0.18±0.04,0.003±0.001,,11.62±3.20,0.04±0.01,,,0.006±0.003,17.28±1.65,206±41.9,0.88±0.32,14.94±2.71,0.09±0.03,2.99±0.05,,0.62±0.02,0.71±0.01,1.65±0.06,,2.99±0.05,,,x,,,x,76.84±3.38,16.10±1.58,,,,,7.32±0.96,17.86±1.61,,,,97.34±6.29,,x,61.33±2.46,x,,x,x,x,92.94±4.13,25.18±2.14,159±7.2,x,0.93±0.14,1.75±0.37,4.09±1.02,1.84±0.25,0.89±0.10,0.79±0.07,1.82±0.48,3.60±0.83,0.56±0.17,3.33±0.42,12.72±1.30,2.12±0.39,10.60±0.69,28.92±5.33,3.89±0.82,2.97±0.30,4.26±0.82,1.65±0.29,2.62±1.10,2.17±1.12,0.44±0.34,0.41±0.14,5.71±3.09,0.42±0.04,1.32±0.33,,82.54±2.04,2.06±0.55,,,,,,,,0.04±0.01,,0.05±0.01,0.03±0.01,,,,0.49±0.03,,,,,,,,,,,,,,,,,,,,,,,4.95±1.22,,,,,0.15±0.00,0.38±0.01,2.74±0.07,12.18±1.26,,x,x,x,x,x,x,x,x,x,x,x,x,x,x,x,x,x,x,x,x,x,x
E047,"Orange, pulp (Citrus aurantium)",6,89.61±0.19,0.70±0.12,0.36±0.02,0.13±0.02,1.29±0.05,0.73±0.05,0.56±0.02,7.92±0.27,156±4,0.07±0.009,0.02±0.005,0.28±0.04,0.20±0.05,0.04±0.003,2.88±0.42,19.46±1.09,42.72±4.81,,0.34±0.08,,,0.03±0.01,,,,0.02±0.01,,,,0.04±0.01,2.50±0.75,,13.8±1.83,31.88±6.66,,44.02±13.91,,5.76±1.79,31.94±2.12,675±11.0,,,,19.52±1.48,0.012±0.003,,0.03±0.01,0.81±0.04,,,11.05±0.52,0.02±0.00,,0.001±0.001,0.001±0.000,12.90±4.47,164±23.6,0.19±0.16,1.47±0.05,0.04±0.01,6.86±0.06,,2.86±0.03,1.21±0.02,2.79±0.03,,6.86±0.06,,,x,,,x,29.46±4.92,7.66±1.10,,,,,4.27±0.79,14.99±1.78,,,,36.52±6.20,,x,11.11±1.73,x,,x,x,x,37.11±5.94,19.26±2.41,47.63±7.82,x,0.70±0.16,1.39±0.34,2.11±0.12,2.98±0.38,0.53±0.10,0.48±0.06,1.77±0.20,1.52±0.13,0.54±0.05,2.12±0.39,2.28±1.28,6.51±0.26,13.29±2.66,5.82±1.15,2.46±0.27,12.17±2.77,3.38±0.25,1.08±0.15,8.06±2.47,5.59±2.30,2.47±0.43,,1281±6.4,0.28±0.04,122±37.1,25.51±2.15,45.04±1.69,,,,,,,,,,,0.42±0.02,0.19±0.01,,,,0.06±0.02,0.14±0.02,1.07±0.04,,,,,,,37.19±5.42,12.73±1.22,24.13±2.65,,,,,,,,,,,,54.73±9.78,,,,,,,,,,x,x,x,x,x,x,x,x,x,x,x,x,x,x,x,x,x,x,x,x,x,x
E048,"Palm fruit, tender (Borassus flabellifer)",1,91.93,0.5,0.13,0.12,2.4,1.87,0.53,4.92,101,0.01,0.46,,0.13,0.07,2.49,24.4,0.25,,,,,0.01,,,,0.03,,,,0.02,3.6,,5.8,1.5,,,,,,50,,,,,,,,,,,,,,,,,158,,1.25,0.05,1.03,0.84,0.17,0.02,,,0.19,,,x,,2.45,x,22.45,8.46,,,,,5.47,32.85,,,,50.64,,x,25.78,x,,x,x,x,33.36,38.32,76.42,x,3.14,4.16,3.74,2.35,0.85,1.1,2.76,4.32,0.44,4.31,6.84,3.85,13.86,16.82,4.56,4.17,5.18,1.25,1.05,0.64,0.41,,1.31,3.73,,,3.73,,0.03,,,0.09,,,,0.12,,,,,,,,,1.12,,,,,,,,,,,,0.12,0.21,0.06,0.15,,,,,,28.36,,,,,,,,2.8,,x,x,x,x,x,x,x,x,x,x,x,x,x,x,x,x,x,x,x,x,x,x
E049,"Papaya, ripe (Carcia papaya)",6,91.47±0.76,0.42±0.05,0.51±0.03,0.16±0.01,2.83±0.26,1.75±0.16,1.08±0.10,4.61±0.48,100±9,0.03±0.009,0.11±0.008,0.33±0.03,0.44±0.07,0.04±0.003,3.05±0.27,60.90±6.64,43.09±7.02,,11.47±1.00,,,0.03±0.01,,,,0.02±0.00,,,,0.04±0.01,2.59±0.35,,5.43±0.87,280±43.9,833±82.9,648±85.2,,,694±84.5,2472±81.1,0.05±0.01,,,15.02±1.47,0.003±0.000,,0.04±0.01,0.23±0.02,,,10.97±2.21,0.03±0.00,,0.001±0.000,0.002±0.001,17.73±3.53,173±12.4,12.78±5.71,6.68±0.16,0.08±0.03,4.09±0.17,,2.44±0.13,1.15±0.02,0.50±0.03,,4.09±0.17,,,x,,5.52±0.62,x,45.26±4.02,5.30±0.61,,,,,9.53±0.95,16.83±1.70,,,,10.33±0.91,,x,37.91±3.34,x,,x,x,x,56.08±5.03,26.35±2.27,48.24±3.59,x,0.87±0.36,2.27±0.24,4.43±0.26,4.91±0.40,0.68±0.06,0.73±0.07,1.93±0.11,3.27±0.64,1.66±0.09,3.93±0.79,4.23±0.42,2.59±0.51,15.42±1.42,13.85±3.84,5.23±0.19,4.55±0.97,4.70±0.95,2.85±0.63,5.96±1.97,2.27±0.89,3.70±1.17,0.03±0.01,146±1.7,0.52±0.08,43.40±0.69,3.73±0.70,39.37±2.24,,,,,,,,,,,2.02±0.53,1.65±0.14,,,,0.06±0.02,0.11±0.02,0.03±0.02,,,,,,,,,,,,,,,,,,,,,17.88±1.20,,,,,1.80±0.04,1.12±0.04,4.82±0.14,25.44±1.66,0.49±0.06,x,x,x,x,x,x,x,x,x,x,x,x,x,x,x,x,x,x,x,x,x,x
E050,Peach (Prunus communis),1,88.31,0.86,0.51,0.37,2.13,1.22,0.91,7.82,168,0.02,0.02,0.29,0.15,0.1,1.43,6.34,5.49,,2.41,,,0.02,,,,,,,,0.02,4.4,,5.8,1.5,,,,,,50,0.18,0.11,0.197,6.98,0.006,0.276,0.08,0.35,0.011,0.179,8.06,0.05,0.01,0.713,0.138,19.08,281,0.67,1.15,0.1,6.95,,1.15,0.89,4.61,0.3,6.95,,,x,,0.32,x,17.24,5.98,0.03,,,0.03,1.32,207,0.3,,,62.16,,x,0.44,x,,x,x,x,23.9,209,62.61,x,1.53,2.54,5.49,2.75,0.98,1.21,2.95,4.92,0.43,5.43,5.77,4.14,21.02,19.19,3.23,4.07,4.79,1.78,6.35,4.05,2.3,,127,1.65,267.01,,,,0.03,,,,,,,,,,,,,,,,,,,,,,,,,,,,5.64,,,2.33,,,,,,279,,,,,0.5,0.71,14.42,4.55,,x,x,x,x,x,x,x,x,x,x,x,x,x,x,x,x,x,x,x,x,x,x
E051,Pear (Pyrus sp.),6,86.49±0.18,0.36±0.04,0.32±0.02,0.27±0.04,4.48±0.08,4.02±0.07,0.46±0.03,8.09±0.23,157±3,0.02±0.005,0.02±0.008,0.13±0.03,0.05±0.01,0.09±0.015,1.41±0.27,5.28±1.17,3.31±0.90,,1.48±0.19,,,0.29±0.10,,,,0.04±0.02,,,,0.30±0.10,12.57±1.55,,14.7±1.34,2.77±1.18,,1.44±0.28,,,13.16±1.78,92.30±8.23,0.59±0.03,,,6.55±1.39,0.009±0.003,0.001±0.000,0.08±0.02,0.28±0.10,0.002±0.001,0.001±0.001,7.61±1.23,0.08±0.01,,,0.008±0.004,6.74±1.79,106±6.6,,1.64±0.08,0.07±0.02,7.39±0.77,,3.51±0.21,2.74±0.30,1.12±0.01,,7.39±0.77,,,x,,,x,47.91±5.65,15.80±2.38,4.52±0.59,4.73±0.98,2.98±0.55,,,24.26±3.22,,,,84.54±10.16,,x,16.58±2.38,x,,x,x,x,75.94±8.40,24.26±3.22,101±12.4,x,1.39±0.30,3.65±0.28,4.95±0.89,2.27±0.35,1.05±0.22,0.87±0.33,3.04±1.21,3.64±0.51,0.58±0.13,5.10±0.31,6.55±0.35,2.48±0.41,25.05±2.31,11.67±1.81,4.31±0.62,3.64±0.62,4.46±0.26,1.36±0.13,2.41±0.86,1.35±0.19,1.27±0.64,5.05±0.99,81±23.8,0.04±0.02,63.72±0.77,68.62±4.55,5.05±0.99,,,0.05±0.01,0.39±0.05,,,,,,,1.27±0.02,,,,,,,1.56±0.25,,0.99±0.09,,0.08±0.01,,,,,,,,1.09±0.36,,,0.04±0.01,,,,,,10.50±1.95,,,,,0.64±0.02,0.23±0.02,13.33±0.08,4.83±0.81,0.99±0.05,x,x,x,x,x,x,x,x,x,x,x,x,x,x,x,x,x,x,x,x,x,x
E053,Pineapple (Ananas comosus),6,86.06±1.19,0.52±0.09,0.38±0.04,0.16±0.02,3.46±0.12,2.88±0.08,0.59±0.06,9.42±1.15,180±19,0.05±0.007,0.03±0.011,0.12±0.02,0.13±0.02,0.13±0.015,1.05±0.23,18.21±1.65,36.37±3.65,,0.21±0.01,,,0.36±0.09,,,,0.31±0.01,,,,0.45±0.09,2.40±0.29,,8.11±1.14,1.80±1.23,,,,,31.21±4.33,86.31±10.74,0.08±0.04,0.24±0.25,,10.88±1.91,0.008±0.006,0.001±0.000,0.07±0.03,0.28±0.11,0.002±0.001,,12.68±4.32,1.28±0.35,,,0.017±0.004,13.56±4.36,143±22.2,0.08±0.06,1.43±0.10,0.10±0.02,8.56±0.05,,1.21±0.02,3.12±0.02,4.23±0.02,,8.56±0.05,,,x,,,x,42.57±5.87,8.52±1.57,,,,,,31.15±4.54,,,,17.75±2.51,,x,30.00±3.84,x,,x,x,x,51.09±7.38,31.15±4.54,47.76±6.32,x,1.37±0.58,2.61±0.69,3.97±0.44,4.03±0.10,1.06±0.28,2.23±0.06,2.59±0.70,3.01±0.87,1.09±0.14,4.07±0.92,6.94±0.99,2.64±0.71,27.04±8.48,14.92±3.44,5.32±1.65,3.76±0.81,5.31±1.27,3.10±0.21,3.39±0.60,2.55±0.10,0.84±0.61,4.89±0.95,605±11.3,0.04±0.01,92.39±1.61,3.71±0.69,4.89±0.95,,,,,,,,,0.62±0.06,0.90±0.04,0.74±0.05,,,,,,,0.09±0.02,,,,,,,,,,,,,,,,,,,1.43±0.16,,22.69±1.07,,,,,1.38±0.06,0.22±0.02,9.25±0.16,8.59±0.33,1.13±0.11,x,x,x,x,x,x,x,x,x,x,x,x,x,x,x,x,x,x,x,x,x,x
E054,Plum (Prunus domestica),3,84.44±1.25,0.64±0.13,0.35±0.16,0.40±0.16,2.07±0.36,1.23±0.22,0.84±0.16,12.10±1.47,238±19,0.02±0.011,0.02±0.001,0.44±0.02,0.16±0.05,0.05±0.007,0.30±0.17,14.29±1.96,2.26±0.00,,3.32±0.42,,,0.50±0.04,,,,,,,,0.50±0.04,8.50±0.74,,5.67±0.98,2.39±1.04,,,,,1.32±0.22,430±82.9,0.20±0.05,0.03±0.04,0.057±0.021,7.61±0.94,0.002±0.000,0.297±0.024,0.41±0.39,0.25±0.09,0.003±0.001,0.070±0.002,7.79±1.00,0.06±0.02,0.01±0.00,0.115±0.162,0.052±0.023,13.83±3.85,162±3.3,0.56±0.04,1.55±0.09,0.10±0.04,10.13±0.03,,3.50±0.03,3.42±0.03,3.21±0.03,,10.13±0.03,,,x,,,x,16.00±0.07,4.05±0.11,,,,,4.09±0.22,166±0.5,,,,59.08±1.47,,x,,x,,x,x,x,20.05±0.03,170±0.3,59.08±1.47,x,1.33±0.18,2.20±0.22,3.82±0.10,2.97±0.13,1.08±0.12,1.89±0.15,2.75±0.14,2.33±0.18,1.21±0.10,3.63±0.18,4.25±0.23,2.67±0.25,32.17±0.94,4.85±0.07,2.06±0.19,5.83±0.09,4.23±0.12,1.61±0.14,0.74±0.13,0.19±0.13,0.70±0.13,87.64±7.75,62.32±11.93,0.83±0.21,96.33±14.39,,87.64±7.75,,,,,,,,,,,,,,,,,,,,5.58±0.44,,,,,,,,,,2.16±0.07,,,4.58±0.44,,,,,,28.36±0.00,,,,,0.86±0.10,0.45±0.09,13.63±3.20,3.81±0.32,,x,x,x,x,x,x,x,x,x,x,x,x,x,x,x,x,x,x,x,x,x,x
E055,"Pomegranate, maroon seeds (Punica granatum)",6,83.55±0.39,1.33±0.07,0.57±0.04,0.15±0.02,2.83±0.06,2.26±0.05,0.57±0.02,11.58±0.43,229±6,0.06±0.005,0.01±0.004,0.20±0.03,0.42±0.04,0.29±0.032,0.60±0.09,38.64±2.93,12.69±1.36,,109±2.1,,,0.01±0.01,,,,0.05±0.00,,,,0.03±0.01,18.50±2.35,,27.8±7.62,2.51±0.82,,,,,2.05±0.58,47.28±7.09,0.05±0.01,,,10.65±1.82,0.010±0.003,0.001±0.000,0.13±0.03,0.31±0.06,0.003±0.001,,11.07±0.96,0.13±0.03,,,0.005±0.003,27.20±10.01,206±32.9,0.55±0.22,2.13±0.10,0.18±0.04,10.87±0.05,,1.01±0.03,1.74±0.04,8.12±0.04,,10.87±0.05,,,x,1.14±0.18,0.48±0.12,x,22.64±3.44,13.25±2.35,2.90±0.56,1.33±0.26,0.77±0.21,,,35.30±4.74,3.22±0.74,,,39.16±5.95,,x,1.82±0.52,x,,x,x,x,42.50±6.80,38.51±5.16,40.99±5.90,x,1.94±0.16,1.67±0.57,4.87±0.64,1.15±0.44,0.61±0.25,0.89±0.29,3.18±0.55,2.59±0.42,0.46±0.08,2.40±0.42,4.80±0.80,8.35±2.12,8.50±0.32,27.33±2.29,3.55±0.14,3.46±0.43,4.83±0.49,1.83±0.39,253±53.6,178±52.9,75.75±13.77,,1239±8.9,0.05±0.01,123±2.0,5.94±0.76,,0.39±0.19,,,,,0.09±0.02,,,,,1.60±0.23,,,,,,,2.52±0.42,,,,,,1.44±0.14,,,,,,0.09±0.02,0.10±0.03,0.22±0.08,0.44±0.05,0.31±0.12,,,,,67.10±3.36,,,,,0.83±0.03,0.34±0.02,20.79±0.46,45.71±2.97,0.44±0.05,x,x,x,x,x,x,x,x,x,x,x,x,x,x,x,x,x,x,x,x,x,x
E056,Pummelo (Citrus maxima),3,86.97±1.52,0.68±0.06,0.49±0.03,0.42±0.01,0.80±0.04,0.49±0.03,0.31±0.01,10.64±1.54,210±26,0.06±0.045,0.02±0.011,0.23±0.08,0.05±0.03,0.04±0.011,1.81±0.30,13.44±1.47,48.89±1.52,,0.98±0.11,,,0.46±0.10,0.03±0.02,,,,,,,0.50±0.09,4.88±0.82,,22.5±8.14,5.90±1.56,,10.43±1.83,,,1.55±0.35,337±83.6,,0.33±0.10,,14.03±4.73,0.001±0.000,,0.03±0.01,0.06±0.01,0.006±0.003,,6.83±1.69,0.01±0.00,0.03±0.01,0.001±0.000,,13.99±1.75,189±15.4,,1.06±0.49,0.06±0.01,4.85±0.05,0.46±0.02,2.09±0.02,1.44±0.03,0.86±0.04,,4.38±0.07,,,x,,,x,88.03±0.05,19.32±0.32,,3.66±0.20,4.27±0.30,,8.70±0.34,32.30±0.31,,,,134±0.6,,x,53.21±0.30,x,,x,x,x,115±0.2,41.00±0.09,187±0.3,x,1.76±0.15,2.81±0.19,4.69±0.20,3.78±0.21,0.87±0.05,0.81±0.14,2.45±0.35,3.19±0.22,0.48±0.03,4.23±0.14,7.62±0.38,5.19±0.54,27.70±1.20,12.35±0.25,2.74±0.17,9.41±0.30,4.78±0.11,1.83±0.08,16.25±5.51,8.78±3.02,7.47±2.62,,2013±0.0,0.84±0.00,74.78±0.00,,,,,,,,,,,,,15.68±0.00,,0.82±0.00,,,,,,,,,,,,8.26±0.00,2.54±0.00,,,,,,,,,,,,,25.35±0.00,,,,,34.39±2.85,0.92±0.09,23.70±3.22,20.36±0.51,88.76±4.50,x,x,x,x,x,x,x,x,x,x,x,x,x,x,x,x,x,x,x,x,x,x
E057,"Raisins, dried, black (Vitis vinifera)",6,19.69±0.59,2.57±0.20,2.19±0.14,0.34±0.02,3.92±0.23,2.55±0.30,1.37±0.17,71.29±0.48,1279±12,0.09±0.013,0.04±0.017,0.48±0.04,0.21±0.05,0.17±0.020,0.73±0.11,38.30±4.98,2.05±0.14,,1.76±0.17,,,0.01±0.01,,,,0.02±0.01,,,,0.02±0.01,1.63±0.32,,9.13±1.70,2.18±0.95,,,,,3.71±1.08,207±44.7,3.06±0.49,,,73.24±5.48,0.024±0.009,0.003±0.001,0.47±0.12,6.81±0.91,0.005±0.001,0.054±0.043,33.76±6.09,0.52±0.09,,0.016±0.020,0.025±0.004,77.62±8.95,1105±145,1.86±0.98,10.99±1.77,0.22±0.07,62.80±2.05,1.29±0.03,23.12±1.79,16.22±0.66,22.17±0.93,,61.51±2.02,,,x,,,x,46.97±2.24,15.49±0.72,,,,,,46.53±3.32,,,,147±10.0,,x,11.91±1.51,x,,x,x,x,62.47±2.78,46.53±3.32,159±10.7,x,2.17±0.32,1.97±0.25,4.80±0.71,2.90±0.60,0.97±0.13,0.61±0.12,2.44±0.24,2.91±0.32,0.97±0.07,2.87±0.06,6.28±0.60,13.13±2.04,7.35±1.24,10.49±0.33,3.29±0.87,8.53±0.43,4.32±0.37,2.20±0.71,10.71±1.36,5.24±0.75,5.47±1.00,5.89±1.11,24.92±1.60,1.13±0.20,61.00±9.45,63.62±8.66,5.89±1.11,,,,,,,,,0.55±0.04,0.71±0.06,7.10±1.09,,,,,,,,,6.20±0.76,,,,,,1.29±0.10,,0.05±0.01,0.06±0.01,2.34±0.07,,,1.44±0.33,,,,,,286±2.8,,,,,1.89±0.04,1.05±0.05,41.10±0.10,20.34±1.86,2.60±0.13,x,x,x,x,x,x,x,x,x,x,x,x,x,x,x,x,x,x,x,x,x,x
E059,Rambutan (Nephelium lappaceum),1,80.87,0.68,0.43,0.16,1.02,0.71,0.3,16.84,306,0.11,0.01,0.26,0.14,0.04,0.64,7.35,65,,2.4,,,0.08,,,,,,,,0.08,19.7,,16.8,2.5,,,,,2.9,175,,,,8.67,0.003,,0.08,0.37,,,21.38,0.37,,,,6.98,131,,1.75,0.53,15.8,,8.78,6,1.02,,15.8,,,x,,,x,120,24.12,,,,,14.25,145,,,,160,,x,202,x,,x,x,x,144,160,362,x,3.38,1.9,4.66,3.54,1.12,0.76,2.41,4.01,1.25,4.77,5.87,6.75,12.73,28.08,6.62,4.66,2.69,2.7,1.89,1.24,0.65,,12.65,1.77,,,,,0.06,,,0.12,,,,1.21,1.32,0.56,,,,,,,,,0.12,,,,,,0.16,,0.21,0.06,,,,1.21,,,,,,11.21,,,,,,,,5.65,,x,x,x,x,x,x,x,x,x,x,x,x,x,x,x,x,x,x,x,x,x,x
E061,Soursop (Annona muricata),1,80.85,0.74,0.58,0.94,4.95,3.79,1.16,11.94,260,0.03,0.04,0.85,0.12,0.03,0.23,6.09,59.54,,3.24,,,0.06,,,,,,,,0.06,2.6,,29.8,5.3,,,,,2.2,78,,,,10.05,0.001,,0.14,0.29,0.013,0.821,17.7,0.07,,,,25.83,264,,6.78,0.12,9.95,0.12,7.99,1.66,0.18,,9.83,,,x,,,x,89,28.84,4.98,4.01,7.98,,4.56,33.98,,,,77.98,,x,54.02,x,,x,x,x,135,38.54,132,x,2.93,4.45,6.62,4.67,1.02,0.57,4.99,4.56,0.84,5.91,4.3,3.63,15.84,19.99,5.07,5.69,5.17,3.31,1.07,0.31,0.76,,12.33,,,,,2.25,,,,0.55,,,,,0.12,,,,,,0.16,,,,0.66,,,,,,,,,,,1.01,0.16,0.21,,,,,,16.54,,,,,4.71,1.12,10.88,2.75,,x,x,x,x,x,x,x,x,x,x,x,x,x,x,x,x,x,x,x,x,x,x
E062,Star fruit (Averrhoa carambola),1,91.18,0.79,0.33,0.39,2.81,2.17,0.64,4.51,110,0.08,0.02,0.34,0.26,0.06,0.13,8.43,33.55,,0.96,,,0.4,,,,,,,,0.4,2,,26.8,2.6,,,,,1.4,152,0.43,0.05,0.852,4.97,0.023,0.002,0.07,0.45,0.01,0.176,11.53,0.06,0.04,0.01,0.028,11.67,159,0.56,1.56,0.24,3.95,,2.22,1.73,,,3.95,,,x,,,x,10.23,10.54,,,,,3.5,30.12,,,,151,,x,39.9,x,,x,x,x,20.77,33.62,191,x,2.6,2.8,5.67,5.3,0.91,0.74,4.07,3.89,0.87,4.21,6.1,5.37,17.4,18.55,4.45,3.35,4.67,3.89,1.23,0.97,0.26,0.15,886,1.23,,,0.15,,,,,0.49,,,,,,,,,,,,0.32,0.16,,,,,,,0.63,,,,,,1.21,,0.99,,,,,,21.69,,,,,0.96,0.41,41.65,3.8,,x,x,x,x,x,x,x,x,x,x,x,x,x,x,x,x,x,x,x,x,x,x
E063,Strawberry (Fragaria ananassa),6,92.03±0.64,0.97±0.10,0.54±0.02,0.56±0.02,2.50±0.03,1.51±0.08,0.99±0.08,3.40±0.64,103±11,0.06±0.063,0.01±0.003,0.48±0.11,0.18±0.06,0.09±0.026,0.07±0.04,8.91±3.84,50.20±4.97,,3.95±0.18,,,0.26±0.05,,,,,,,,0.26±0.05,19.81±1.60,,19.3±4.86,1.45±0.22,,,,,2.19±0.17,218±71.1,,,,15.28±3.37,0.001±0.000,,0.07±0.01,0.36±0.03,,,15.53±1.31,0.43±0.02,,,,26.31±2.09,140±5.7,0.30±0.11,1.19±0.67,0.14±0.02,3.66±0.11,0.10±0.01,1.90±0.05,1.60±0.14,0.07±0.03,,3.56±0.11,,,x,,,x,50.68±4.43,10.62±0.38,3.81±0.56,1.11±0.11,,,,77.87±0.85,,,,179±0.9,,x,112±6.1,x,,x,x,x,66.21±4.91,77.87±0.85,291±6.2,x,2.56±0.31,3.61±0.53,5.61±0.44,3.14±0.29,0.86±0.09,0.67±0.11,2.50±0.28,4.32±0.24,0.93±0.17,4.51±0.38,4.98±0.30,4.51±0.30,19.70±1.69,15.88±0.98,5.63±0.39,3.41±0.18,4.10±0.28,2.88±0.29,2.04±0.44,1.50±0.37,0.52±0.32,,0.11±0.11,0.19±0.07,2.55±1.35,,0.82±0.14,,,,,,,0.22±0.03,,0.20±0.08,,,,,,,,,,,,,,,0.36±0.03,,,,,,,0.05±0.02,,6.42±0.15,,0.03±0.01,,,,135±17.1,,,,,1.71±0.10,0.33±0.02,9.00±0.96,25.07±3.24,,x,x,x,x,x,x,x,x,x,x,x,x,x,x,x,x,x,x,x,x,x,x
E064,"Tamarind, pulp (Tamarindus indicus)",6,20.83±0.57,2.92±0.22,3.44±0.31,0.15±0.02,5.31±0.27,3.73±0.24,1.58±0.09,67.35±0.45,1207±7,0.34±0.039,0.07±0.004,1.56±0.16,0.17±0.02,0.08±0.013,0.66±0.04,9.79±0.80,3.62±0.85,,25.65±1.86,,,0.10±0.01,,,,,,,,0.10±0.01,1.67±0.33,,28.4±2.99,11.61±5.64,,,,,1.54±0.42,188±21.3,4.03±0.81,,0.001±0.001,149±13.9,0.066±0.007,0.002±0.001,0.50±0.09,9.16±1.71,0.014±0.003,0.007±0.005,82.73±8.55,0.52±0.14,,0.070±0.060,0.032±0.020,113±18.1,836±8.1,2.05±0.48,24.92±2.45,0.58±0.05,52.88±2.38,,12.31±1.27,14.53±0.83,26.04±1.08,,52.88±2.38,,,x,,,x,20.58±0.51,3.14±0.38,1.02±0.05,1.05±0.05,1.46±0.25,,,34.89±0.45,,,,4.99±0.72,,x,12.86±0.91,x,,x,x,x,27.26±0.67,34.89±0.45,17.85±0.38,x,2.58±0.50,3.28±0.75,5.58±0.54,5.18±0.61,0.84±0.15,0.71±0.15,5.46±0.73,3.26±0.51,0.85±0.15,4.02±0.72,4.34±0.41,3.15±0.42,12.28±0.72,15.19±0.82,4.01±0.43,5.04±0.48,3.51±0.39,3.43±0.49,48.91±16.19,21.42±1.80,27.50±16.79,,0.06±0.02,0.18±0.03,2.81±1.16,,0.80±0.26,12.25±2.11,,,,,,,,,,,,3.13±0.45,,,2.59±0.77,,,,,,,,,,,,,,7.88±0.97,,,4.00±0.68,,,,,,183±3.2,,,,,4.30±0.20,0.54±0.02,43.29±1.46,3.07±0.32,,x,x,x,x,x,x,x,x,x,x,x,x,x,x,x,x,x,x,x,x,x,x
E065,"Water melon, dark green (sugar baby) (Citrullus vulgaris)",6,94.54±0.63,0.60±0.06,0.13±0.02,0.16±0.01,0.70±0.14,0.35±0.11,0.34±0.05,3.86±0.59,85±10,0.02±0.004,0.02±0.003,0.28±0.03,0.19±0.01,0.10±0.019,0.59±0.06,5.88±0.55,13.26±2.66,,0.56±0.03,,,0.04±0.00,,,,,,,,0.04±0.00,2.10±1.22,,914±211,25.95±11.73,1477±347,,,,605±121,4176±537,,,,5.29±1.09,0.002±0.001,0.001±0.001,0.04±0.01,0.22±0.14,0.001±0.001,,9.91±0.73,0.04±0.02,,,0.010±0.008,11.33±2.50,124±7.5,,1.89±0.33,0.10±0.02,3.66±0.27,,1.91±0.15,0.31±0.03,1.44±0.02,,3.66±0.27,,,x,,,x,32.40±2.17,7.31±0.63,,,,,,24.84±1.71,,,,51.90±3.73,,x,15.55±0.97,x,,x,x,x,39.70±2.75,24.84±1.71,67.46±4.22,x,2.34±0.16,3.34±0.18,2.87±0.19,3.36±0.23,0.78±0.08,0.77±0.05,2.58±0.28,4.60±0.38,1.15±0.24,3.54±0.21,3.86±0.15,7.87±0.29,16.26±1.09,13.85±0.41,1.74±0.26,3.70±0.15,2.51±0.19,1.89±0.20,0.72±0.40,0.47±0.35,0.25±0.18,0.92±0.04,47.35±2.04,14.58±0.90,7.27±0.46,,,,0.34±0.10,,,,,,,1.77±0.13,0.38±0.10,0.58±0.14,,,,0.53±0.14,0.58±0.08,0.27±0.02,,,,,,,,,,,,,,,,,,,,,,5.89±0.40,,,,,,,,0.61±0.09,,x,x,x,x,x,x,x,x,x,x,x,x,x,x,x,x,x,x,x,x,x,x
E067,Wood Apple (Limonia acidissima),3,79.36±0.17,3.14±0.30,1.15±0.05,3.62±0.03,5.21±0.38,3.77±0.08,1.44±0.40,7.52±0.58,327±3,0.04±0.009,0.01±0.001,0.55±0.05,0.22±0.02,0.17±0.021,1.65±0.14,6.51±0.44,22.17±7.49,,28.71±2.87,,,0.01±0.00,0.15±0.01,,,,,,,0.07±0.01,6.80±0.58,,11.0±1.56,2.57±0.83,,,,,3.81±1.28,77.06±7.46,0.09±0.03,,,55.71±7.46,0.004±0.002,0.001±0.000,0.20±0.04,0.45±0.06,0.004±0.001,,23.70±1.68,0.20±0.02,,,0.025±0.006,84.32±4.00,347±28.5,2.32±0.21,1.48±0.36,0.31±0.03,6.60±0.04,2.79±0.02,1.38±0.02,1.41±0.02,1.02±0.02,,3.81±0.02,,,x,,,x,657±19,162±14.0,28.01±4.59,16.23±2.07,12.98±0.13,,35.39±5.97,559±19.0,,,,799±19.0,,x,636±46.2,x,,x,x,x,877±4.3,595±24.7,1435±27.7,x,1.20±0.21,3.93±0.09,3.17±0.10,2.58±0.05,0.85±0.13,0.41±0.11,2.98±2.82,2.01±0.30,0.85±0.05,3.72±0.29,5.51±0.81,7.54±1.48,31.42±4.82,15.65±3.76,2.92±0.77,4.20±1.18,4.26±0.53,2.51±0.21,55.80±8.41,7.91±0.35,47.88±8.06,0.26±0.03,257±6.4,0.65±0.11,13.83±1.00,4.86±1.00,18.49±0.93,2.90±0.47,,,,,,,,0.02±0.01,1.11±0.14,14.71±4.19,0.32±0.04,,,,,,,,,,,,,,,,,,,,,,,,,,,411±5.4,0.01±0.000,0.01±0.000,,,3.86±0.10,4.63±0.02,20.55±0.40,101±7.7,0.28±0.01,x,x,x,x,x,x,x,x,x,x,x,x,x,x,x,x,x,x,x,x,x,x
F001,Beet root (Beta vulgaris),6,86.95±0.50,1.95±0.14,1.46±0.21,0.14±0.01,3.31±0.32,2.60±0.30,0.71±0.06,6.18±0.61,149±9,0.01±0.001,0.01±0.002,0.21±0.01,0.26±0.04,0.07±0.011,2.56±0.19,97.37±7.06,5.26±0.85,,0.18±0.01,,,0.09±0.01,,,,,,,,0.09±0.01,2.98±0.94,,28.6±10.9 ,4.57±2.69 ,,,,,10.14±2.52 ,12.88±1.58,0.33±0.08 ,,,17.28±2.25 ,0.008±0.001 ,0.001±0.000 ,0.12±0.03 ,0.76±0.12 ,,0.003±0.002,33.21±2.70 ,0.57±0.11 ,,0.002±0.001 ,0.008±0.002 ,36.33±4.84 ,306±26.9 ,0.25±0.05 ,69.44±0.83 ,0.30±0.09,6.04±0.94,1.69±0.43,1.67±0.02,1.46±0.02,1.21±0.03,,4.35±0.02,,,x,,,x,27.82±2.97 ,1.57±0.14 ,,0.70±0.09 ,1.08±0.16 ,,,21.96±2.57,,,,57.23±5.65 ,,x,6.98±0.71 ,x,,x,x,x,31.17±3.30 ,21.96±2.57 ,64.21±6.24,x,2.21±0.36 ,3.90±0.46 ,5.08±0.47 ,4.58±0.48 ,0.88±0.20 ,0.61±0.07 ,2.31±0.43 ,3.60±0.68 ,0.86±0.14 ,5.60±0.58,8.76±0.71 ,3.51±0.25 ,7.52±0.76 ,28.73±0.85 ,3.37±0.44 ,3.35±0.32 ,4.28±0.36 ,2.76±0.56,71.37±13.10 ,30.15±1.79 ,41.21±12.20 ,45.43±3.34 ,134±16.2 ,0.02±0.01 ,0.33±0.18 ,,0.29±0.12,,,,,0.29±0.03 ,,,,0.05±0.02 ,0.14±0.02,0.38±0.08 ,,,,,0.34±0.08 ,,0.15±0.05,,,,,,,,,,,,,,,,,,,,,57.56±1.74,0.01±0.005 ,,,,0.44±0.02 ,3.34±0.09 ,12.15±0.91 ,10.82±0.41,,x,x,x,x,x,x,x,x,x,x,x,x,x,x,x,x,x,x,x,x,x,x
F002,"Carrot, orange (Dacus carota)",6,87.69±0.56,0.95±0.15,1.16±0.09,0.47±0.02,4.18±0.30,2.81±0.18,1.37±0.21,5.55±0.48,139±9,0.04±0.003,0.03±0.003,0.22±0.02,0.30±0.03,0.11±0.016,1.50±0.23,24.04±2.07,6.22±1.99,,1.36±0.13,,,0.19±0.01,,0.18±0.01,,0.03±0.00,,,,0.21±0.01,18.35±0.19,,257±63.1,13.93±4.31,157±44.9,,,2654±524,5423±450,9377±1093,0.36±0.14,,,35.09±5.89,0.004±0.001,,0.08±0.01,0.60±0.24,,0.001±0.001,16.73±3.20,0.23±0.07,,0.002±0.002,0.010±0.004,43.06±6.46,273±28.2,0.22±0.06,52.33±0.62,0.25±0.03,4.48±0.65,1.24±0.27,0.11±0.02,1.15±0.03,1.98±0.02,,3.23±0.03,,,x,,,x,72.82±2.63,6.87±0.57,3.03±0.42,2.91±0.40,2.08±0.44,,,21.01±1.26,,,,241±10.5,,x,24.38±1.90,x,,x,x,x,87.71±3.56,21.01±1.26,266±12.0,x,1.38±0.21,3.56±0.57,4.84±0.52,3.36±0.23,0.78±0.11,0.90±0.14,2.84±0.64,3.98±0.62,1.01±0.08,4.58±1.24,10.44±1.52,3.30±0.91,14.35±1.39,26.56±3.69,3.64±0.66,3.74±0.72,3.72±0.53,1.71±0.78,17.45±6.32,12.63±5.24,4.82±4.30,37.50±1.80,222±11.2,5.62±0.33,4.83±1.42,,5.58±1.00,,,,,,,,,,0.73±0.12,2.66±0.41,5.35±0.58,,,,2.66±0.25,1.49±0.22,0.54±0.09,,,,,,,,,,,,,,,,,,,,,49.44±2.56,0.01±0.005,,,,1.63±0.15,2.47±0.12,17.22±0.78,19.60±0.28,,x,x,x,x,x,x,x,x,x,x,x,x,x,x,x,x,x,x,x,x,x,x
F008,"Potato, red skin (Solanum tuberosum)",1,79.72,1.83,1.13,0.22,1.68,1.11,0.57,15.43,306,0.06,0.01,1.13,0.39,0.1,1.68,17.83,25.04,,0.2,,,0.06,,,,,,,,0.06,2.3,,8.12,123,,,,,,226,0.16,,0.002,8.62,0.006,0.001,0.15,0.66,,,25.54,0.14,,,0.012,30.39,501,0.32,4.36,0.34,13.46,13.08,0.22,0.1,0.05,,0.38,,,x,,,x,32.95,6.92,,,,,12.38,2.53,,,,92.44,,x,28.78,x,,x,x,x,39.87,14.91,121,x,1.25,3.19,5.64,5.46,0.96,0.79,4.59,4.06,1.2,3.26,7.52,3.64,6.81,20.4,2.8,3.36,4.54,3.92,12.37,10.21,2.16,14.52,57.82,1.52,93.8,,6.81,,,,,,,,,,4.18,2.63,,2.18,,,,0.15,0.12,6.01,,,,2.84,,,,,,,,,,,,,,,,20.35,,,,,0.03,0.15,2.07,59.74,,x,x,x,x,x,x,x,x,x,x,x,x,x,x,x,x,x,x,x,x,x,x
F009,"Radish, elongate, red skin (Raphanus sativus)",3,89.32±0.29,0.67±0.03,0.73±0.02,0.13±0.02,2.46±0.16,1.96±0.03,0.49±0.15,6.71±0.12,134±3,0.03±0.007,0.02±0.004,0.31±0.02,0.13±0.01,0.07±0.002,2.65±0.07,24.65±5.84,17.63±3.89,,0.04±0.02,,,0.01±0.01,,,,,,,,0.01±0.01,2.10±0.12,,8.68±1.90,2.38±0.93,,,,,1.62±0.37,17.61±5.77,0.26±0.23,,,28.44±1.88,0.004±0.003,0.001±0.000,0.03±0.00,0.37±0.11,,,13.34±1.14,0.09±0.01,,0.011±0.007,0.005±0.002,27.51±6.96,255±6.0,0.13±0.01,24.73±2.82,0.16±0.02,1.56±0.04,0.41±0.02,0.48±0.06,0.27±0.04,0.40±0.04,,1.15±0.03,,,x,,,x,33.13±2.78,5.52±0.77,1.31±0.21,1.35±0.07,1.35±0.27,,1.11±0.15,6.17±0.65,,,,23.71±1.6,,x,33.02±4.55,x,,x,x,x,42.65±3.07,7.29±0.74,56.73±5.71,x,1.70±0.03,3.49±0.68,5.47±0.36,3.35±0.29,0.76±0.10,0.99±0.12,3.41±0.12,4.20±0.42,0.56±0.07,5.15±0.02,7.36±0.11,4.53±0.01,9.70±0.96,28.02±1.14,4.08±0.05,4.29±0.13,4.33±0.05,1.62±0.30,12.73±2.11,5.37±1.13,7.36±1.01,4.20±1.14,2.94±0.52,1.34±0.27,4.53±1.12,,2.59±0.39,,,,,,0.05±0.01,,,4.27±1.30,2.17±0.85,1.79±0.05,,,,,,0.56±0.03,,,,,,,,,,,,,,,,,,,0.03±0.01,0.14±0.01,,49.75±4.86,,,,,1.57±0.10,0.34±0.01,9.55±0.11,6.90±1.06,,x,x,x,x,x,x,x,x,x,x,x,x,x,x,x,x,x,x,x,x,x,x
F010,"Radish, elongate, white skin (Raphanus sativus)",6,89.05±0.72,0.77±0.08,0.82±0.10,0.15±0.02,2.65±0.15,1.98±0.16,0.67±0.08,6.56±0.70,135±11,0.02±0.004,0.02±0.003,0.30±0.03,0.15±0.03,0.07±0.008,2.48±0.21,29.75±8.30,19.91±5.69,,0.05±0.02,,,0.01±0.00,,,,,,,,0.01±0.00,2.50±0.19,,5.34±0.84,2.08±0.84,,,,,,10.60±1.22,0.20±0.13,,,30.20±3.58,0.003±0.001,0.001±0.001,0.03±0.01,0.36±0.22,,,16.07±3.27,0.10±0.04,,0.009±0.003,0.005±0.003,30.10±10.91,288±30.9,0.10±0.01,28.20±5.92,0.22±0.09,1.54±0.11,0.59±0.09,0.31±0.05,0.03±0.01,0.62±0.03,,0.95±0.04,,,x,,,x,34.72±2.68,5.15±0.83,1.39±0.34,1.25±0.31,1.38±0.18,,1.20±0.18,7.94±0.71,,,,21.64±2.09,,x,32.00±1.60,x,,x,x,x,43.88±3.78,9.14±0.86,53.64±3.41,x,1.78±0.15,3.33±0.50,6.14±1.31,3.02±0.19,0.77±0.15,0.85±0.14,3.26±0.12,4.03±0.49,0.52±0.08,5.57±0.81,7.49±1.02,4.15±0.94,9.78±1.30,26.26±6.49,4.51±1.56,4.28±1.11,4.55±1.16,1.73±0.32,12.72±3.34,8.06±3.60,4.66±2.09,4.35±1.07,3.65±0.68,1.35±0.17,4.90±1.31,,1.84±0.83,,,,,,0.03±0.01,,,4.39±0.60,2.46±0.33,1.74±0.43,,,,,,0.59±0.07,,,,,,,,,,,,,,,,,,,0.03±0.01,0.12±0.02,,46.74±3.58,,,,,1.61±0.09,0.36±0.02,9.71±0.21,1.75±0.06,,x,x,x,x,x,x,x,x,x,x,x,x,x,x,x,x,x,x,x,x,x,x
F014,"Sweet potato, pink skin (Ipomoes batatas)",3,69.58±0.22,1.27±0.09,0.95±0.01,0.33±0.06,3.94±0.10,2.53±0.04,1.41±0.07,23.93±0.15,452±4,0.06±0.012,0.04±0.001,0.69±0.12,0.56±0.34,0.09±0.007,5.71±0.28,14.44±2.06,22.20±2.32,,1.64±0.25,,,0.01±0.01,,,,,,,,0.01±0.01,3.50±0.95,,208±54.2,133±11.7,,,,,11.12±1.45,95.93±16.07,,0.09±0.04,,28.93±3.24,0.002±0.001,0.001±0.001,0.15±0.03,0.51±0.16,,,21.05±3.95,0.20±0.03,,0.005±0.000,0.009±0.004,37.60±4.74,329±37.6,,29.04±3.64,0.14±0.03,23.91±1.54,19.88±1.53,0.90±0.03,0.97±0.02,2.16±0.04,,4.03±0.03,,,x,11.17±0.84,,x,72.86±4.19,17.06±1.03,,,,,,9.35±1.72,,,,154±7.2,,x,25.92±2.35,x,,x,x,x,101±4.4,9.35±1.72,180±6.1,x,1.86±0.30,4.42±0.54,7.23±0.51,4.00±0.81,1.67±0.25,1.12±0.12,5.35±0.50,5.21±0.57,1.46±0.06,5.72±0.40,8.18±2.81,3.19±0.54,14.21±1.92,10.60±1.50,5.46±0.72,3.98±0.77,5.26±0.27,2.69±0.30,14.14±3.58,9.04±2.43,5.10±1.16,,25.69±1.12,0.23±0.01,147±4.8,0.08±0.01,334±8.0,17.95±0.61,,,0.52±0.10,,,,,,0.09±0.01,2.51±0.53,0.14±0.02,1.79±0.57,,,0.05±0.01,0.04±0.02,0.04±0.01,,,,,0.06±0.02,,,,,,,,,,,,,,,,11.74±0.97,,,,,2.31±0.03,0.57±0.01,13.68±0.28,63.69±3.86,1.56±0.10,x,x,x,x,x,x,x,x,x,x,x,x,x,x,x,x,x,x,x,x,x,x
F018,"Yam, ordinary (Amorphophallus campanulatus)",4,74.28±0.63,2.18±0.26,1.64±0.19,0.17±0.02,4.08±0.07,3.32±0.32,0.76±0.25,17.65±0.57,349±12,0.04±0.003,0.02±0.006,0.56±0.06,0.32±0.04,0.17±0.06,4.19±0.41,15.68±1.61,13.88±3.43,,0.23±0.00,,,0.23±0.01,0.35±0.11,,,0.04±0.00,,0.43±0.03,,0.39±0.04,5.50±1.02,,273±51.3,8.69±3.43,,,,,158±31.8,51.04±7.68,0.46±0.14,,,16.19±2.79,0.006±0.002,0.001±0.000,0.23±0.08,0.77±0.22,,,30.40±3.90,0.14±0.10,,0.002±0.001,0.013±0.003,49.46±8.37,463±74.1,0.57±0.08,15.28±0.07,0.33±0.09,16.09±1.00,14.94±0.35,0.42±0.24,0.11±0.06,0.62±0.48,,1.15±0.75,,,x,,,x,39.42±1.05,3.21±0.38,,,,,,13.04±1.03,,,,56.32±3.93,,x,16.02±0.85,x,,x,x,x,42.63±1.24,13.04±1.03,72.34±4.73,x,2.86±0.65,3.82±0.72,6.71±0.18,4.27±0.28,1.42±0.21,1.65±0.16,4.54±1.15,3.54±0.28,0.96±0.14,4.62±0.90,5.82±1.28,7.78±1.35,11.40±1.41,14.97±1.28,4.52±0.84,4.47±0.77,5.48±1.22,3.09±0.56,13.99±4.21,11.21±4.28,2.78±0.26,4.55±1.51,556±2.7,1.62±0.50,50.48±5.36,13.37±4.92,18.56±0.71,,,,,0.13±0.01,,,,,,,,,,,,0.48±0.02,,,,,,,,,,,,,,,,,,,,,,46.30±1.98,0.02±0.016,,,,2.51±0.10,1.56±0.15,19.00±0.72,20.99±1.37,,x,x,x,x,x,x,x,x,x,x,x,x,x,x,x,x,x,x,x,x,x,x
G008,"Chillies, green - all varieties (Capsicum annum)",6,85.39±0.68,2.36±0.34,0.91±0.12,0.72±0.05,4.77±0.61,3.41±0.52,1.37±0.34,5.86±0.77,177±14,0.09±0.033,0.11±0.038,0.89±0.15,0.22±0.06,0.28±0.100,0.63±0.16,21.50±4.83,94.07±11.67,,3.11±0.81,,,0.06±0.02,,2.04±0.28,,,,,,0.27±0.03,19.18±3.42,,261±60.9,31.47±13.46,,,,,125±122,1347±382,0.45±0.57,,0.001±0.001,18.45±4.86,0.005±0.002,0.004±0.003,0.15±0.06,1.20±0.30,0.002±0.002,0.005±0.003,29.51±7.13,0.28±0.10,,0.002±0.002,0.029±0.022,50.91±11.79,341±64.6,,2.50±0.80,0.27±0.09,2.63±0.37,1.96±0.26,0.55±0.17,0.11±0.05,0.02±0.00,,0.67±0.18,,,x,,5.58±1.41,x,88.25±8.70,22.68±4.67,4.43±1.35,4.00±1.27,3.94±1.53,,4.32±0.88,27.88±4.64,,,,370±26.7,,x,43.14±5.96,x,,x,x,x,129±14.9,32.20±4.48,413±29.5,x,1.72±0.28,3.14±0.47,5.05±0.54,3.66±0.51,1.09±0.18,1.40±0.29,4.69±0.82,3.66±0.47,0.77±0.11,4.02±0.72,4.86±0.62,4.79±0.79,17.24±1.50,17.94±1.20,4.46±0.65,2.85±0.41,4.42±0.42,2.64±0.38,28.54±8.17,22.66±6.46,4.92±1.68,1.43±0.57,5.13±2.46,3.42±1.46,30.91±5.46,,126±9.0,18.88±4.33,,,,,0.08±0.02,,,0.35±0.25,3.03±0.88,,,4.37±1.98,,10.27±4.19,,,,,,,,,,,,,,,,,,,,,,,,55.66±4.56,,,,,3.64±0.26,0.86±0.07,15.06±0.49,13.38±2.05,,x,x,x,x,x,x,x,x,x,x,x,x,x,x,x,x,x,x,x,x,x,x
G009,Coriander leaves (Coriandrum sativum),6,86.99±0.41,3.52±0.26,2.19±0.15,0.70±0.06,4.66±0.24,3.24±0.21,1.42±0.15,1.93±0.27,130±9,0.09±0.005,0.05±0.004,0.73±0.03,0.63±0.07,0.19±0.025,4.17±0.89,51.01±3.98,23.87±7.33,,3.55±0.21,,,0.42±0.03,,,,0.12±0.00,,0.07±0.02,,0.46±0.03,274±23.4,,6351±1069,28.30±14.89,,,,,3808±891,13808±2107,1.84±0.49,,,146±13.0,0.033±0.007,0.002±0.001,0.24±0.04,5.30±1.55,0.001±0.001,0.006±0.002,72.68±14.20,0.96±0.25,,0.014±0.009,0.044±0.015,64.69±13.00,546±134,0.45±0.26,37.00±8.01,0.68±0.16,1.23±0.13,1.06±0.09,0.07±0.04,0.06±0.03,0.05±0.02,,0.17±0.04,,,x,,18.14±1.33,x,144±11.6,49.06±4.06,3.05±0.33,6.52±0.90,6.77±0.74,,,8.31±0.49,0.75±0.12,,,151±10.6,,x,169±20.1,x,,x,x,x,228±16.0,9.06±0.59,320±29.4,x,2.48±0.39,4.37±0.24,6.08±0.63,5.19±0.28,1.30±0.14,0.63±0.05,5.35±0.50,4.00±0.45,1.08±0.07,6.44±0.30,5.56±0.51,5.04±0.18,14.75±1.81,12.31±1.23,5.07±0.69,4.09±0.27,3.94±0.63,3.42±0.36,20.42±9.35,15.75±9.45,4.68±1.97,11.59±1.59,546±3.9,23.95±3.20,65.96±1.91,16.17±1.24,,,2.38±0.69,,2.29±0.59,,,,,,0.80±0.12,0.53±0.26,0.95±0.39,,,,,,7.74±0.81,2.55±0.36,,,,,,,,,,,,,,,,,,,,60.28±3.95,0.01±0.004,,,,0.73±0.03,9.35±0.18,18.49±0.97,38.68±0.55,,x,x,x,x,x,x,x,x,x,x,x,x,x,x,x,x,x,x,x,x,x,x
G010,Curry leaves (Murraya koenigii),6,65.33±1.57,7.41±0.26,4.86±0.58,1.06±0.04,16.83±0.78,13.81±0.43,3.02±0.44,4.51±1.79,266±32,0.07±0.016,0.13±0.008,0.85±0.10,0.51±0.04,0.57±0.096,1.77±0.22,117±19.3,6.04±1.36,,117±4.5,,,1.71±0.27,,,0.82±0.07,0.34±0.12,,,,1.82±0.30,275±14.8,,2945±381,36.13±12.13,,,,144±14.5,7663±704,21862±2168,4.10±0.44,7.42±1.16,0.002±0.000,659±77.4,0.060±0.012,0.005±0.002,0.46±0.09,8.67±0.42,0.037±0.018,0.051±0.033,182±44.8,1.23±0.25,,0.013±0.006,0.093±0.030,83.29±14.06,584±113,17.25±5.96,18.66±4.13,1.18±0.51,3.66±0.17,3.08±0.16,0.41±0.03,0.20±0.01,,,0.60±0.03,,,x,,,x,236±27.4,30.80±2.54,,,,,,44.57±5.15,,,,152±19.6,,x,417±39.3,x,,x,x,x,267±29.4,44.57±5.15,569±58.4,x,1.73±0.13,3.75±0.17,6.51±0.30,3.66±0.30,0.50±0.09,0.60±0.06,3.50±0.33,3.88±0.26,1.64±0.25,3.92±0.15,7.75±0.50,4.64±0.53,15.17±0.79,11.12±0.54,6.48±0.49,6.19±0.33,5.94±0.38,2.81±0.17,154±84.6,10.93±0.38,143±84.4,0.73±0.06,65.27±1.25,1.62±0.46,7.45±1.11,13.66±1.11,37.87±2.28,7.21±1.28,,,,,,,,,0.15±0.03,0.18±0.03,,,,,,0.24±0.02,,,,,,1.55±0.27,,,,,,,,,,,,,,,,153±1.2,,,,,10.47±0.13,0.74±0.03,73.92±1.71,40.99±2.41,0.23±0.02,x,x,x,x,x,x,x,x,x,x,x,x,x,x,x,x,x,x,x,x,x,x
G011,"Garlic, big clove (Allium sativum)",6,64.38±0.56,6.92±0.20,1.40±0.11,0.16±0.02,5.22±0.41,2.56±0.38,2.66±0.17,21.93±0.82,518±12,0.20±0.029,0.25±0.026,0.38±0.05,1.57±0.16,0.56±0.039,2.55±0.34,85.77±15.61,12.62±1.15,,1.88±0.37,,,0.07±0.01,,,,,,,,0.07±0.01,2.80±1.70,,4.02±1.61,1.55±0.28,,,,,,33.91±6.10,0.05±0.02,,0.001±0.001,20.08±5.73,0.004±0.002,0.001±0.000,0.19±0.02,1.05±0.15,0.001±0.000,0.001±0.000,27.08±7.89,0.34±0.03,,0.001±0.000,0.019±0.009,119±10.9,430±84,,9.42±0.07,0.89±0.18,20.81±1.23,14.84±0.97,4.20±0.34,1.20±0.02,0.57±0.21,,5.97±0.43,,,x,,,x,26.56±3.24,3.16±0.72,1.03±0.27,1.74±0.27,1.03±0.26,,,14.24±2.48,,,,60.62±7.90,,x,6.28±0.63,x,,x,x,x,33.52±4.39,14.24±2.48,66.90±8.48,x,1.33±0.17,2.25±0.33,3.79±0.24,4.11±0.29,0.75±0.19,1.71±0.38,3.53±0.52,3.18±0.47,0.83±0.09,3.17±0.63,4.44±0.23,16.46±1.08,11.11±1.68,16.97±1.37,3.03±0.40,3.47±0.50,3.65±0.40,3.31±0.53,159±38.1,130±30.8,28.47±14.59,,0.64±0.16,0.05±0.02,,,20.73±1.90,,,,,2.13±0.87,,,,5.88±1.32,6.88±0.30,,0.03±0.02,,,,,0.52±0.19,2.05±0.58,,,,,1.83±0.51,,,,,0.04±0.01,0.04±0.01,,,,,,,,,,95.26±4.55,0.13±0.047,0.13±0.034,0.06±0.022,,1.27±0.03,0.32±0.01,12.36±1.10,36.55±4.46,,x,x,x,x,x,x,x,x,x,x,x,x,x,x,x,x,x,x,x,x,x,x
G014,"Ginger, fresh (Zinziber officinale)",6,81.27±0.22,2.22±0.16,1.33±0.13,0.85±0.03,5.36±0.40,4.28±0.25,1.08±0.21,8.97±0.28,230±4,0.04±0.005,0.04±0.003,0.42±0.05,0.24±0.02,0.20±0.025,1.07±0.15,10.82±1.61,5.43±1.22,,4.09±0.35,,,0.28±0.03,,0.47±0.08,,,,,,0.32±0.03,25.55±2.45,,15.0±4.48,5.97±3.00,,,,,88.85±0.92,329±53.7,1.71±0.47,,,18.88±2.87,0.013±0.005,0.003±0.001,0.13±0.02,1.90±0.55,0.004±0.003,0.001±0.001,54.66±7.12,3.85±1.56,,0.002±0.001,0.030±0.017,44.36±2.16,407±49.5,,10.03±1.91,0.39±0.17,5.11±0.11,3.80±0.04,1.00±0.07,0.15±0.03,0.17±0.14,,1.31±0.12,,,x,24.21±3.10,11.05±1.24,x,176±6.2,19.86±1.24,,,,,,67.97±8.76,,,,302±14.0,,x,78.99±9.71,x,,x,x,x,231±7.4,67.97±8.76,381±16.4,x,1.58±0.17,3.98±0.47,6.49±0.51,2.31±0.48,0.89±0.29,0.82±0.18,4.36±0.40,4.35±0.47,0.99±0.17,4.35±0.65,4.73±0.69,5.93±0.68,15.34±1.84,13.82±1.64,4.91±0.73,3.28±0.71,4.80±0.87,3.78±0.32,259±73.9,18.26±1.86,241±75.5,,5.95±0.74,1.43±0.38,,,2.16±0.39,,,,,,,,,,11.84±0.41,,,,,0.27±0.05,4.81±0.11,32.23±1.84,,,,,,,,,,,,,,,,,,,,,,225±8.1,,,,,1.34±0.04,1.16±0.09,13.29±0.20,14.50±1.26,,x,x,x,x,x,x,x,x,x,x,x,x,x,x,x,x,x,x,x,x,x,x
G016,Mint leaves (Mentha spicata ),4,84.24±0.71,4.66±0.15,2.18±0.17,0.65±0.05,5.89±0.49,4.49±0.54,1.40±0.06,2.39±0.36,155±4,0.02±0.005,0.19±0.029,0.74±0.23,0.34±0.09,0.17±0.028,2.21±0.43,106±6.3,17.16±6.75,,3.37±0.16,,,0.45±0.07,,0.07±0.02,,,,,,0.46±0.07,164±37.2,,2526±730,300±51.2,,,,,4602±553,18693±1938,1.17±0.16,5.26±0.00,,205±31.8,0.063±0.000,0.007±0.000,0.37±0.18,8.56±3.21,0.019±0.000,0.009±0.000,110±30.9,1.06±0.57,0.21±0.00,0.020±0.000,0.042±0.000,65.25±16.18,539±2.7,10.79±1.48,16.87±5.37,0.75±0.08,1.10±0.03,1.02±0.03,0.01±0.00,0.07±0.02,,,0.08±0.02,,,x,,2.18±0.18,x,105±8.6,17.59±1.10,,,,,,13.23±1.01,,,,65.09±4.74,,x,286±20.5,x,,x,x,x,125±9.7,13.23±1.01,352±25.2,x,1.62±0.29,4.34±0.30,8.22±0.38,2.93±0.19,1.41±0.09,0.72±0.08,5.34±0.47,4.57±0.30,1.23±0.17,5.73±0.38,5.25±0.12,4.96±0.14,13.21±1.43,15.47±0.99,5.46±0.49,4.81±0.72,4.54±0.20,3.32±0.28,97.07±12.11,8.30±5.87,88.76±11.05,,25.86±1.24,3.83±0.21,14.80±0.79,26.33±0.55,27.22±0.52,,,,,,0.99±0.15,,,0.03±0.02,5.66±0.40,0.09±0.01,4.64±0.46,0.43±0.07,,,1.49±0.07,,,,,,,,,,,,,,,,,,,,,,,79.99±9.66,0.01±0.009,0.02±0.005,,,1.74±0.03,2.45±0.03,36.70±1.42,48.05±1.69,0.35±0.06,x,x,x,x,x,x,x,x,x,x,x,x,x,x,x,x,x,x,x,x,x,x
G017,"Onion, big (Allium cepa)",6,85.76±0.43,1.50±0.10,0.50±0.04,0.24±0.03,2.45±0.21,1.92±0.15,0.53±0.08,9.56±0.44,201±9,0.04±0.005,0.01±0.001,0.34±0.10,0.30±0.05,0.10±0.014,2.61±0.19,28.88±2.85,6.69±0.63,,0.73±0.19,,,0.05±0.01,,,,,,,,0.05±0.01,4.50±1.47,,1.77±0.64,1.81±0.69,,,,,1.08±0.28,89.10±6.38,0.08±0.03,,0.001±0.001,21.03±6.68,0.003±0.002,0.002±0.001,0.11±0.09,0.43±0.11,0.003±0.002,,17.96±5.17,0.24±0.21,,,0.008±0.005,32.34±7.63,171±38.6,0.35±0.10,5.50±1.14,0.35±0.29,6.68±0.09,0.80±0.03,1.89±0.19,1.47±0.04,2.52±0.10,,5.88±0.09,,,x,,,x,47.96±0.96,4.65±0.34,,3.80±0.29,4.40±0.32,,,39.36±0.89,,,,100±1.5,,x,6.63±0.54,x,,x,x,x,60.81±0.53,39.36±0.89,107±1.9,x,1.76±0.20,2.08±0.40,3.25±0.23,3.52±0.62,0.92±0.13,0.88±0.12,2.77±0.20,2.10±0.36,1.23±0.08,2.75±0.61,3.61±0.64,13.21±0.46,8.96±0.84,25.10±0.60,3.86±0.64,2.01±0.33,2.68±0.54,1.92±0.23,4.03±1.85,3.42±0.35,0.61±2.10,43.05±3.98,33.89±1.32,0.63±0.20,392±4.5,,105±16.3,12.21±1.79,,,2.91±0.49,,,,,,,0.19±0.05,0.08±0.02,0.05±0.02,,,0.04±0.02,0.68±0.24,1.62±0.16,2.79±0.21,0.36±0.06,,7.24±0.73,0.08±0.01,,,,,,,,,,,,,,,,35.12±3.56,1.64±0.153,1.31±0.143,0.85±0.242,,0.47±0.02,0.31±0.02,7.35±0.48,13.90±2.11,,x,x,x,x,x,x,x,x,x,x,x,x,x,x,x,x,x,x,x,x,x,x
H001,Almond (Prunus amygdalus),6,4.37±0.31,18.41±0.04,2.62±0.13,58.49±0.04,13.06±0.31,10.55±0.22,2.52±0.34,3.04±0.24,2549±4,0.15±0.024,0.26±0.046,3.71±0.24,0.73±0.09,0.09±0.005,2.39±0.35,36.46±5.67,0.74±0.07,,1.61±0.16,,,24.88±3.55,1.87±0.06,1.68±0.19,0.08±0.01,0.21±0.02,,,,25.86±3.54,8.40±0.93,,5.93±1.89,1.79±0.12,,,,,,11.31±1.57,0.88±0.32,,,228±10.2,0.006±0.003,0.007±0.002,1.08±0.06,4.59±0.61,0.002±0.002,0.001±0.001,318±49.5,2.54±0.20,,0.033±0.012,0.130±0.027,446±23.2,699±43.4,3.61±1.30,1.50±0.51,3.50±0.10,2.24±0.21,0.01±0.01,1.20±0.22,0.76±0.02,0.27±0.01,,2.23±0.21,,,x,,30.36±3.96,x,3553±20.3,717±24.8,57.98±10.77,,,,281±6.5,38012±162,43.69±6.16,,,13183±153,,x,32.04±3.78,x,,x,x,x,4358±22.4,38336±159,13215±156,x,2.22±0.43,2.38±0.38,4.02±0.57,2.28±0.19,1.24±0.27,0.84±0.12,5.61±0.22,2.82±0.40,0.89±0.04,4.45±0.40,4.20±0.75,11.01±0.22,11.77±0.43,27.98±0.71,6.04±0.15,4.03±0.13,4.27±0.44,3.38±0.73,344±55.7,110±4.9,235±54.2,,11.88±0.66,0.29±0.07,97.52±0.93,,1.31±0.15,1.18±0.29,,,0.43±0.14,0.36±0.02,,,,,,,,,,,,3.61±0.26,,0.08±0.01,0.64±0.04,0.84±0.03,0.51±0.11,,,,0.07±0.01,,,0.03±0.01,,,2.52±0.11,1.24±0.25,0.55±0.04,,,,,84.94±1.88,0.10±0.025,0.02±0.007,,,3.73±0.15,2.81±0.10,184±2.8,964±13.4,9.05±0.58,x,x,x,x,x,x,x,x,x,x,x,x,x,x,x,x,x,x,x,x,x,x
H005,Cashew nut (Anacardium occidentale),6,4.44±0.22,18.78±0.58,2.25±0.08,45.20±0.07,3.86±0.47,2.23±0.35,1.63±0.24,25.46±0.70,2438±11,0.61±0.042,0.03±0.017,1.03±0.06,1.40±0.19,0.16±0.010,2.58±0.33,25.20±5.11,,,3.85±0.23,,,1.05±0.05,0.05±0.01,5.26±0.05,,,,,,1.05±0.06,1.83±0.21,,5.87±1.91,3.21±1.77,,,,,,16.94±3.30,0.18±0.11,,,34±2.98,0.002±0.001,0.004±0.001,2.23±0.13,5.95±0.44,0.005±0.004,,307±46.6,1.78±0.08,,0.025±0.011,0.607±0.145,500±35.3,635±35.2,13.08±1.07,9.00±0.19,5.34±0.27,23.23±1.11,20.11±1.08,1.97±0.05,1.05±0.04,0.10±0.02,,3.11±0.08,,,x,,,x,4033±59,3447±89.3,233±5.2,47.13±1.73,56.25±3.84,,163±7.9,27678±303,66.58±3.22,,,7427±205,,x,55.04±6.90,x,,x,x,x,7816±148,27907±309,7482±203,x,2.27±0.36,3.86±0.30,7.02±0.23,4.80±0.26,1.38±0.11,1.33±0.09,4.87±0.70,3.12±0.17,1.05±0.11,3.23±0.19,5.35±0.37,9.75±0.07,9.85±0.19,22.76±0.64,5.25±0.39,3.97±0.20,6.39±0.35,2.81±0.11,189±11.8,149±11.4,39.52±17.31,,7.73±0.46,34.66±1.06,,,27.73±2.55,,,,,,,,,,,,,,,,,,0.03±0.01,,,,,,,,,,,0.03±0.01,2.43±0.18,0.94±0.10,0.42±0.08,1.55±0.35,,,,,,32.86±1.76,2.62±0.433,0.21±0.047,0.01±0.002,,3.64±0.07,0.89±0.04,110±2.5,929±22.9,9.84±0.31,x,x,x,x,x,x,x,x,x,x,x,x,x,x,x,x,x,x,x,x,x,x
H007,"Coconut, kernel, fresh (Cocos nucifera)",6,36.14±0.36,3.84±0.04,1.93±0.15,41.38±0.42,10.42±0.28,9.43±0.24,0.99±0.07,6.30±0.43,1711±13,0.03±0.003,0.08±0.006,0.30±0.02,0.21±0.02,0.10±0.008,0.63±0.04,25.41±2.66,0.80±0.24,,,,,2.39±1.11,0.05±0.02,3.19±0.45,,,,,,2.72±1.09,23.22±1.76,,122±15.4,4.84±1.66,,,,,2.66±0.28,204±11.3,0.03±0.01,,0.001±0.000,8±1.42,0.003±0.002,0.004±0.002,0.36±0.19,1.30±0.51,0.002±0.000,,35±11.30,0.74±0.15,,0.012±0.008,0.050±0.025,67.73±15.15,246±81.2,,8.12±2.48,0.58±0.16,6.20±0.26,,1.00±0.08,0.89±0.04,4.31±0.20,,6.20±0.26,,1699±59.3,x,15442±303,6736±195,x,3067±157,1043±166,32.77±8.25,10.93±1.65,17.37±2.38,,,2434±59.5,15.62±0.99,,,639±40.1,,x,,x,,x,x,x,28048±174,2449±59.3,639±40.1,x,2.40±0.23,4.37±0.41,6.93±0.38,4.08±0.19,2.19±0.14,1.47±0.13,4.51±0.20,3.25±0.26,1.20±0.15,5.83±0.36,5.27±0.18,13.87±0.44,9.62±0.23,19.12±0.56,4.63±0.19,4.61±0.21,5.33±0.20,3.20±0.31,3.44±1.52,1.68±0.33,1.76±1.33,1.71±0.75,1.82±0.20,,15.15±0.49,,119±1.4,,0.31±0.04,,,,0.18±0.04,,,0.26±0.06,0.02±0.01,0.45±0.06,0.02±0.01,,,,,,,0.59±0.12,,,,,,,,,,,,,,,,,,,,35.22±3.14,,,,,1.17±0.06,2.45±0.07,14.59±0.20,136±2.5,,x,x,x,x,x,x,x,x,x,x,x,x,x,x,x,x,x,x,x,x,x,x
H012,Peanut (Arachis hypogea),6,6.97±0.69,23.65±0.85,2.11±0.07,39.63±0.29,10.38±0.18,8.58±0.15,1.79±0.22,17.27±0.33,2176±9,0.57±0.052,0.12±0.017,11.35±0.36,1.01±0.03,0.23±0.023,1.61±0.22,90.87±4.80,,,7.10±0.72,,,4.26±0.10,,,,0.04±0.01,,,,0.28±0.10,2.50±0.75,,4.42±1.04,8.07±2.32,,,,,22.75±2.13,82.80±6.06,3.16±0.39,,0.002±0.001,54±7.37,0.007±0.002,0.009±0.003,0.92±0.08,3.44±0.36,0.003±0.002,0.002±0.002,197±15.5,1.62±0.07,1.37±0.00,0.108±0.024,0.174±0.065,391±13.0,679±48.9,3.41±0.74,12.21±0.47,3.18±0.14,14.61±0.87,10.19±0.52,0.60±0.30,0.25±0.04,3.57±0.40,,4.42±0.51,,,x,,,x,4520±84.5,1303±96.2,598±66.3,1247±133,478±70,,242±22.6,17719±562,376±30.0,,,11584±426,,x,0.00±0.00,x,,x,x,x,8144±214,18337±552,11584±426,x,2.24±0.20,4.67±0.38,6.40±0.57,3.39±0.28,1.21±0.14,1.33±0.11,5.40±1.08,2.54±0.17,0.90±0.14,3.92±0.93,4.23±0.30,10.85±0.78,11.68±1.66,19.41±1.16,5.56±0.38,3.74±0.97,5.05±0.37,3.86±0.37,60.98±11.01,39.67±3.31,21.31±10.21,,61.34±11.36,1.05±0.38,6.21±0.77,12.48±0.64,9.70±1.98,154±7.8,,,,,2.60±0.26,,,0.59±0.06,0.86±0.04,2.89±0.82,,2.64±0.19,,,,0.05±0.01,,,,,1.35±0.43,,,,,,,,,,,,,,,,,127±10.6,0.03±0.020,0.06±0.019,,,17.23±0.58,9.46±0.29,124±3.6,582±9.8,3.58±0.36,x,x,x,x,x,x,x,x,x,x,x,x,x,x,x,x,x,x,x,x,x,x
H018,Pistachio nuts (Pistacla vera),6,4.68±0.22,23.35±0.35,3.02±0.13,42.49±0.34,10.64±0.16,8.23±0.15,2.41±0.11,15.82±0.52,2257±10,0.98±0.144,0.04±0.002,0.86±0.01,0.58±0.03,0.96±0.029,11.82±2.20,64.90±7.22,,,1.80±0.34,,,31.41±5.46,4.10±0.67,8.48±1.38,1.55±0.23,0.02±0.01,,,,33.92±5.53,18.65±0.70,,171±6.8,,,,,,110±10.4,519±31.3,,3.09±0.56,0.001±0.000,135±22.4,0.003±0.004,0.001±0.000,0.89±0.05,4.50±0.63,0.014±0.007,,149±3.0,0.87±0.06,0.65±0.33,0.022±0.003,0.087±0.009,537±9.2,1053±11.7,10.46±2.65,6.93±1.84,2.42±0.14,14.55±0.30,6.65±0.33,4.11±0.02,2.65±0.16,1.15±0.03,,7.90±0.19,,,x,,39.96±3.16,x,3473±81.9,425±34.4,49.82±2.80,38.10±7.85,18.11±3.13,,285±12.9,18478±209,144±2.7,,13.87±1.80,11776±277,,x,171±5.2,x,,x,x,x,4043±94.4,18922±207,11946±281,x,2.28±0.13,5.22±0.15,7.55±0.30,3.32±0.18,1.45±0.12,1.46±0.13,5.52±0.51,4.60±0.17,1.42±0.19,5.27±0.22,5.17±0.15,8.52±0.36,9.94±0.38,16.37±0.62,5.99±0.17,3.69±0.12,4.19±0.30,3.18±0.29,46.42±7.95,22.88±2.45,23.54±7.90,,3.24±0.34,1.22±0.21,139±3.6,53.79±2.27,6.12±0.37,4.21±1.04,,,,,,,,,,,,,,,1.46±0.11,,0.43±0.28,,0.03±0.01,,,,0.14±0.07,,,,0.09±0.02,0.59±0.02,1.78±0.30,,2.99±0.30,0.69±0.30,,,,,,132±6.4,4.21±0.421,0.13±0.032,,,12.38±0.17,2.22±0.08,369±4.2,808±16.5,3.01±0.15,x,x,x,x,x,x,x,x,x,x,x,x,x,x,x,x,x,x,x,x,x,x
H019,Safflower seeds (Carthamus tinctorius),5,5.24±0.16,17.66±0.54,2.57±0.15,30.87±0.98,13.49±0.45,10.24±0.27,3.25±0.22,30.18±1.20,1981±20,0.85±0.019,0.15±0.006,1.12±0.02,0.89±0.05,0.93±0.072,17.37±2.17,82.41±1.80,,,1.91±0.17,,,31.74±6.84,5.88±0.69,9.62±3.19,1.98±0.15,0.06±0.01,,,,35.09±7.13,8.80±1.13,,27.6±7.88,11.04±2.45,,,,,2.07±0.58,142±13.8,,1.19±0.21,0.005±0.002,211±14.5,0.003±0.002,0.003±0.001,0.56±0.13,4.06±0.42,0.032±0.044,,321±49.5,0.56±0.81,0.36±0.10,0.020±0.010,0.053±0.016,644±56.5,550±64.3,6.33±1.14,3.05±0.91,3.90±0.76,28.15±0.85,25.48±0.76,0.80±0.02,0.52±0.07,1.35±0.06,,2.67±0.11,,,x,,28.06±1.91,x,1789±132,546±21.4,90.69±5.27,58.62±3.79,36.13±3.31,,17.08±2.37,3487±27,49.34±1.37,,36.44±2.22,18760±227,,x,21.90±0.73,x,,x,x,x,2548±115,3589±26.7,18781±226,x,2.44±0.21,3.69±0.33,6.32±0.14,3.55±0.09,0.74±0.06,1.60±0.12,4.27±0.19,3.30±0.13,1.43±0.14,4.35±0.24,5.71±0.19,9.34±0.23,10.22±0.38,20.14±0.86,5.96±0.16,4.05±0.21,5.56±0.12,3.24±0.21,215±27.2,92.57±6.98,122±33.5,,1.95±0.53,1.94±0.93,133±7.0,25.63±0.79,9.02±0.62,5.67±0.64,,,,,,,,0.25±0.02,0.05±0.02,0.03±0.01,0.14±0.01,,,,0.17±0.04,0.17±0.03,,,,,0.27±0.02,,,,,,,,,,,,,,,,,22.09±1.13,3.07±0.209,0.10±0.006,0.36±0.022,,17.59±0.31,6.63±0.21,144±2.1,1083±10.7,4.41±0.30,x,x,x,x,x,x,x,x,x,x,x,x,x,x,x,x,x,x,x,x,x,x
H020,Sunflower seeds (Helianthus annuus),5,3.53±0.29,23.53±0.56,3.44±0.26,51.85±0.07,10.80±0.13,8.51±0.17,2.29±0.07,6.85±0.99,2453±8,0.59±0.064,0.13±0.027,1.60±0.27,0.97±0.05,0.94±0.150,2.44±0.18,81.79±21.37,,,1.54±0.18,,,21.39±0.37,3.42±0.67,3.41±0.32,,,,,,12.93±1.24,9.20±0.89,,20.0±2.52,2.48±0.71,,,,,8.15±1.18,249±12.0,1.33±0.51,,0.005±0.000,176±27.0,0.009±0.002,0.021±0.001,2.78±0.99,5.85±1.09,0.009±0.003,0.006±0.000,413±33.5,2.35±0.91,,0.047±0.020,0.322±0.144,752±118,559±8.0,,1.90±0.44,7.07±0.52,6.79±0.56,3.97±0.45,0.74±0.08,0.60±0.02,1.48±0.15,,2.81±0.13,,,x,,47.49±10.65,x,3215±109,2166±179,175±7.7,411±33.7,145±12.2,,71.56±7.04,17649±467,82.25±11.93,,,25545±308,,x,35.6±5.78,x,,x,x,x,6159±310,17803±471,25580±305,x,2.30±0.10,4.21±0.08,6.38±0.34,3.26±0.26,0.84±0.19,1.43±0.15,4.97±0.31,3.31±0.16,1.14±0.06,4.99±0.19,5.69±0.33,8.55±0.37,9.80±0.29,22.29±0.81,6.29±0.18,4.76±0.28,5.51±0.08,2.47±0.11,23.70±5.39,6.13±0.72,17.57±5.94,,33.42±1.26,1.46±0.23,7.47±1.05,,0.60±0.05,57.95±9.16,,,,,,,,0.50±0.08,0.16±0.01,8.29±1.69,3.81±0.87,,,,,,,,,,,,,,,,,,,,,,,,,,,289±6.8,0.09±0.018,,,,11.76±0.26,14.42±0.58,175±3.0,423±15.4,13.93±0.81,x,x,x,x,x,x,x,x,x,x,x,x,x,x,x,x,x,x,x,x,x,x
H021,Walnut (Juglans regia),6,3.56±0.22,14.92±0.62,1.72±0.08,64.27±0.05,5.39±0.19,4.74±0.17,0.65±0.03,10.14±0.69,2809±3,0.40±0.020,0.12±0.006,0.86±0.03,0.84±0.03,0.80±0.072,13.05±1.48,57.95±9.72,0.88±0.10,,46.31±2.64,,,2.65±1.09,3.50±0.44,0.43±0.15,0.16±0.03,0.10±0.00,,,,4.12±1.14,84.92±1.55,,21.7±10.05,2.30±0.82,,4.94±0.79,,,9.53±0.91,122±5.8,0.37±0.15,0.46±0.52,,105±5.9,0.006±0.007,0.009±0.003,1.52±0.33,3.21±0.17,0.015±0.012,,180±16.2,3.47±0.32,,0.020±0.006,0.300±0.079,400±43.0,457±33.2,6.53±3.72,1.33±0.56,2.94±0.25,10.05±0.73,6.63±0.34,1.10±0.02,0.36±0.03,1.76±0.10,,3.22±0.08,,,x,,,x,3661±50.6,1502±36.3,44.18±21.48,,,,39.95±6.12,11168±799,108±13.5,,,36205±626,,x,8710±238,x,,x,x,x,5208±74.2,11316±796,44915±830,x,2.34±0.24,4.74±0.12,6.87±0.50,2.18±0.54,0.73±0.13,1.36±0.13,4.41±0.68,3.08±0.28,1.04±0.13,5.78±0.36,5.44±0.60,13.47±0.49,10.18±0.90,20.50±0.77,5.55±0.32,3.42±0.35,6.54±0.50,2.73±0.34,37.03±9.41,27.31±4.89,9.72±5.45,3.33±0.85,15.32±0.80,,24.59±0.82,,279±3.7,81.29±11.73,0.10±0.03,,6.61±0.88,,,,,,,,,,,,,,,,,,,,,,,,,,,,,,,,,,1.23±0.30,216±1.2,,,,,2.99±0.13,1.36±0.08,125±3.2,1001±17.3,10.03±0.14,x,x,x,x,x,x,x,x,x,x,x,x,x,x,x,x,x,x,x,x,x,x
I001,"Jaggery, cane (Saccharum officinarum)",6,11.20±0.49,1.85±0.19,1.92±0.17,0.16±0.02,,,,84.87±0.63,1480±9,0.04±0.006,0.01±0.000,0.02±0.00,0.23±0.01,0.71±0.084,0.58±0.06,14.40±2.40,,,0.47±0.06,,,0.04±0.01,,,,,,,,0.04±0.01,,,5.90±1.83,,,,,,,18.49±2.26,2.40±0.82,,,107±19.7,0.011±0.006,0.006±0.004,0.07±0.04,4.63±1.23,0.008±0.002,0.005±0.004,115±27.9,0.72±0.39,,,0.017±0.006,74.53±12.20,488±103,,25.38±7.47,0.45±0.22,84.32±3.22,,22.31±1.92,3.79±0.79,58.23±1.21,,84.32±3.22,,,x,,,x,45.00±3.15,24.23±1.77,,,,,,21.67±1.45,,,,33.10±2.09,,x,,x,,x,x,x,69.23±4.91,21.67±1.45,33.10±2.09,x,1.64±0.41,2.27±0.57,2.97±0.14,2.73±0.15,0.44±0.11,0.49±0.10,4.82±0.46,2.18±0.25,0.59±0.18,3.45±0.30,4.53±0.25,3.01±0.42,31.24±0.90,12.89±2.93,2.72±0.71,1.71±0.74,3.34±0.28,1.00±0.18,,,,,5.24±1.14,3.31±0.70,36.91±1.90,60.69±2.73,46.62±2.59,3.21±0.98,0.95±0.19,,0.50±0.44,0.18±0.17,0.63±0.29,,,0.07±0.02,0.15±0.02,0.49±0.26,,,,7.76±0.93,,0.18±0.02,,,,,,,,,,,,,,,,,,,0.06±0.01,,,127±5.1,,,,,,,,,,x,x,x,x,x,x,x,x,x,x,x,x,x,x,x,x,x,x,x,x,x,x
I002,"Sugarcane, juice (Saccharum officinarum)",6,85.54±0.99,0.16±0.03,0.23±0.02,0.40±0.05,0.56±0.09,0.40±0.05,0.16±0.05,13.11±0.93,242±18,0.03±0.003,0.04±0.004,0.14±0.02,0.07±0.01,0.40±0.089,0.59±0.06,44.53±4.14,6.73±1.56,,0.41±0.01,,,0.02±0.01,,,,,,,,0.02±0.01,,,8.36±2.40,,,,,,7.87±0.37,41.23±4.16,0.14±0.12,,,18±4.07,0.002±0.000,0.001±0.000,0.03±0.01,1.12±0.27,0.001±0.001,0.001±0.000,13.03±6.37,0.33±0.23,,,0.002±0.000,22.08±5.08,150±47.2,,1.16±0.28,0.14±0.07,12.85±0.80,,0.55±0.22,2.27±0.49,10.03±0.33,,12.85±0.80,,,x,,,x,119±4.4,20.80±2.38,,,,,,29.70±2.99,,,,145±12.5,,x,28.34±4.27,x,,x,x,x,140±3.1,29.70±2.99,173±16.1,x,1.79±0.17,3.81±0.15,3.55±0.08,2.53±0.29,0.40±0.06,0.52±0.14,5.11±0.29,3.02±0.10,0.75±0.16,4.19±0.27,5.22±0.36,3.43±0.16,30.49±1.15,11.60±0.54,2.70±0.22,2.46±0.25,3.55±0.31,2.35±0.19,,,,,3.55±1.01,,2.04±0.49,132±6.2,459±5.4,,,,,,,,,0.61±0.07,0.55±0.25,,0.31±0.08,,,,,,,,,,,,,,,,,,,,,,,,,,,5.25±1.27,0.03±0.011,,,,,,,,,x,x,x,x,x,x,x,x,x,x,x,x,x,x,x,x,x,x,x,x,x,x
J001,"Button mushroom, fresh (Agaricus sp.)",1,90.09,3.68,0.71,0.42,3.11,2.76,0.35,1.98,115,0.01,0.03,0.68,0.43,0.12,9.23,8.28,,,20.54,,,0.01,,,,,,,,0.01,12.5,,,,,,,,,,0.13,0.15,0.288,18.38,0.01,0.001,0.09,0.29,1.725,1.275,18.3,0.15,,0.002,0.009,87.11,318,,7.72,0.17,0.8,0.7,0.1,,,,0.1,,,x,,1.83,x,40.06,12.95,5.07,2.98,,,1.23,5.25,0.34,,,263,,x,,x,,x,x,x,62.89,6.82,263,x,2.68,4.36,6.88,6.82,1.66,0.98,4.63,4.4,1.26,5.48,5.6,6.6,10.24,14.35,5.38,3.8,4.32,3.2,10.23,2.46,7.77,,5.61,0.81,3.5,,,,,,,,,,,,,,,,,,,,,,,,,,,,,,,,,,,,,,,,,,,,,,0.93,1.25,7.04,,,x,x,x,x,x,x,x,x,x,x,x,x,x,x,x,x,x,x,x,x,x,x
K002,Coconut Water,6,95.77±0.42,0.26±0.04,0.65±0.06,0.16±0.02,,,,3.16±0.39,64±7,0.01±0.000,0.01±0.000,0.04±0.01,0.26±0.02,0.06±0.006,0.21±0.02,10.88±1.86,0.64±0.11,,,,,0.45±0.03,,,,,,,,0.45±0.03,2.69±0.18,,4.53±2.12,,,,,,,46.12±7.32,0.04±0.02,,,27.47±4.28,0.001±0.001,,0.02±0.01,0.06±0.01,0.003±0.003,,18.19±6.03,0.48±0.16,,,0.043±0.034,18.05±7.06,215±40.0,,28.09±4.41,0.04±0.01,3.06±0.07,,3.06±0.07,,,,3.06±0.07,,,x,47.14±3.52,24.62±2.06,x,16.18±0.97,5.56±1.10,,,,,,10.78±0.38,,,,3.73±0.91,,x,,x,,x,x,x,93.49±4.64,24.11±32.54,3.73±0.91,x,1.75±0.46,1.58±0.28,2.35±0.56,3.84±2.33,0.59±0.12,0.99±0.13,1.95±0.89,2.69±0.66,0.78±0.18,3.02±0.59,20.28±2.26,5.13±1.26,10.81±0.71,31.01±1.65,1.97±0.64,4.25±1.56,5.05±1.71,1.57±0.31,,,,0.82±0.07,,1.74±0.92,,,124±15.5,4.20±1.10,0.15±0.03,,,,0.23±0.03,,,,,0.43±0.15,,,,,,,,0.13±0.02,,,,,,,,,,,,,,,,,,,,19.76±3.14,,,,,0.02±0.00,0.04±0.00,0.05±0.00,,,x,x,x,x,x,x,x,x,x,x,x,x,x,x,x,x,x,x,x,x,x,x
L002,"Milk, whole, Cow",6,86.64±1.10,3.26±0.06,0.68±0.02,4.48±0.29,,,,4.94±1.02,305±23,0.03±0.006,0.11±0.019,0.08±0.01,0.34±0.01,0.04±0.007,1.98±0.13,7.03±0.39,2.01±0.28,,1.22±0.21,,,0.14±0.02,0.11±0.01,,,0.15±0.02,,0.08±0.01,,0.22±0.02,,,9.62±1.51,5.01±1.15,,,,,13.67±3.79,200±55.9,,,0.01±0.00,118±2.9,0.004±0.001,0.004±0.001,0.03±0.01,0.15±0.02,0.002±0.001,,8.28±1.38,0.01±0.00,,,,96.56±9.10,115±4.1,0.95±0.17,25.46±2.86,0.33±0.03,4.94±0.18,,0.20±0.04,0.18±0.04,0.24±0.03,,4.89±0.14,4.28±0.10,172±8.8,x,98±3.08,451±11.8,x,1033±40.3,518±15.7,,,,,37.90±2.11,1176±30.3,,,,106±2.9,,x,20.52±2.24,x,7.03±0.49,x,x,x,2707±29.9,1214±29.4,138±2.6,x,2.14±0.13,6.20±0.55,10.66±0.41,8.59±0.20,2.51±0.12,1.22±0.04,5.09±0.42,4.81±0.07,1.46±0.11,6.40±0.24,3.87±0.27,3.25±0.34,8.84±0.36,17.88±0.43,2.35±0.07,6.82±0.13,6.36±0.51,5.48±0.35,,,,,,,,,,,,,,,,,,,,,,,,,,,,,,,,,,,,,,,,,,,,,,,,,,,,,,,,,,x,x,x,x,x,x,x,x,x,x,x,x,x,x,x,x,x,x,x,x,x,x
L003,Paneer,6,51.96±0.76,18.86±0.75,1.98±0.08,14.78±0.17,,,,12.41±0.12,1079±13,0.02±0.000,0.10±0.019,0.13±0.03,0.49±0.01,0.04±0.006,21.04±0.57,93.31±14.37,,,0.13±0.04,,,0.02±0.01,,,,,,,,0.02±0.01,,,7.58±0.97,,,,,,4.39±1.44,194±1.7,2.53±0.51,,,476±35.7,0.110±0.012,0.001±0.001,0.10±0.05,0.90±0.24,,,26.62±1.87,0.13±0.05,,,0.010±0.006,330±34.6,63.53±9.96,23.14±1.37,18.04±1.25,2.74±0.14,12.01±0.08,,0.50±0.03,1.11±0.24,0.84±0.08,,11.57±0.28,9.12±0.20,230±10.0,x,340±29.6,1600±60.9,x,4792±199,1755±166,88.14±15.40,28.73±6.32,17.14±2.69,,385±33.5,3914±206,,,,206±69.1,,x,233±14.6,x,,x,x,x,8851±136,4300±202,439±59.0,x,2.04±0.45,4.79±0.19,9.76±0.14,5.79±0.93,2.28±0.21,0.72±0.16,5.08±0.16,4.37±0.16,1.42±0.87,5.68±0.20,3.39±1.05,3.56±0.46,7.69±0.14,20.24±1.09,2.18±0.19,10.45±0.59,5.27±0.13,5.36±0.31,,,,,5.21±0.82,,,64.28±2.59,1.42±0.22,,,,,,,,,,,,,,,,,,,,,,,,,,,,,,,,,,,,,,,,,,,,,,,,,x,x,x,x,x,x,x,x,x,x,x,x,x,x,x,x,x,x,x,x,x,x
M004,"Egg, poultry, whole, boiled",6,73.46±0.22,13.43±0.28,0.86±0.04,10.54±0.19,,,,,618±6,0.06±0.01,0.18±0.01,0.21±0.01,1.42±0.03,0.14±0.01,15.36±1.41,48.25±2.37,,180±10.5,,0.74±0.10,,1.31±0.11,0.04±0.01,0.02±0.01,,0.03±0.02,0.01±0.01,,,1.34±0.10,,13.02±1.35,14.69±3.40,26.29±11.09,,1.07±0.53,,,13.19±0.49,136±7.3,,,,55.12±3.14,,,0.07±0.02,1.87±0.16,,,13.76±0.25,0.03±0.00,,,,209±16.3,127±1.4,46.12±3.87,121±2.8,1.31±0.11,x,x,x,x,x,x,x,x,x,,,40.12±3.58,,2524±112,713±54.2,13.50±0.80,157±12.4,16.48±2.66,,333±29.3,3573±92.5,26.62±1.90,,58.25±7.43,1169±90.3,,x,29.40±4.07,29.73±2.17,,,,65.26±20.53,3464±131,3991±103,1294±91.7,365±1.8,4.56±0.30,2.29±0.16,7.30±0.07,8.17±0.12,6.66±0.09,10.13±0.56,6.25±0.40,6.42±0.25,1.38±0.14,6.04±0.09,2.86±0.23,13.69±0.39,3.20±0.12,2.30±0.29,3.88±0.17,5.23±0.11,6.85±0.21,4.03±0.15,,,,,,,,,,,,,,,,,,,,,,,,,,,,,,,,,,,,,,,,,,,,,,,,,,,,,,,,,,x,x,x,x,x,x,x,x,x,x,x,x,x,x,x,x,x,x,x,x,x,x
M005,"Egg, poultry, white, boiled",6,83.54±0.18,12.37±0.16,0.81±0.04,0.26±0.02,,,,,220±3,0.02±0.01,0.18±0.01,0.01±0.00,0.18±0.00,4.37±0.27,,4.10±0.21,,,,0.18±0.02,,,,,,,,,,,,,,,,,,,,5.30±0.31,,,,8.07±0.03,,,0.05±0.01,0.15±0.05,,,11.62±0.57,,,,,23±3.3,147±15.0,14.86±1.51,144±15.3,0.09±0.03,x,x,x,x,x,x,x,x,x,,,,,,,,,,,,,,,,,,x,,,,,,,,,,,4.48±0.15,2.21±0.21,7.57±0.16,8.31±0.27,6.16±0.39,10.20±0.40,5.37±0.16,6.70±0.40,1.45±0.08,6.81±0.30,3.34±0.27,13.03±0.64,3.42±0.25,2.25±0.04,4.53±0.71,5.24±0.11,7.36±0.35,3.48±0.22,,,,,,,,,,,,,,,,,,,,,,,,,,,,,,,,,,,,,,,,,,,,,,,,,,,,,,,,,,x,x,x,x,x,x,x,x,x,x,x,x,x,x,x,x,x,x,x,x,x,x
M006,"Egg, poultry, yolk, boiled",6,51.42±0.22,16.13±0.45,1.38±0.14,27.46±0.24,,,,,1290±8,0.17±0.01,0.15±0.01,0.45±0.02,2.57±0.10,0.27±0.02,58.43±6.73,110±6.1,,456±31.2,,3.04±0.33,,2.77±0.27,0.02±0.01,0.01±0.00,0.03±0.01,0.05±0.02,0.01±0.01,,,2.80±0.28,,40.29±6.52,19.36±3.98,54.75±12.66,,1.69±0.77,,,68.59±2.93,218±9.8,,,,120±2.2,,,0.13±0.00,4.92±0.33,,,15.52±2.19,0.05±0.01,,,,586±2.9,106±7.7,38.57±3.23,44.83±2.04,3.59±0.20,x,x,x,x,x,x,x,x,x,,,105±7.6,,6448±64.3,1800±130,30.23±4.27,401±33.5,34.76±2.89,,897±51.9,9525±182,70.89±2.46,,150±23.7,3009±147,,x,63.64±8.26,74.14±5.99,,,,187±25.6,8819±128,10643±174,3333±149,1085±2.4,5.44±0.50,2.16±0.18,7.99±0.33,8.46±0.38,6.43±0.82,9.36±0.24,6.94±0.49,5.86±0.46,1.35±0.08,5.70±0.23,2.43±0.31,13.06±0.74,3.04±0.06,2.08±0.05,3.46±0.25,5.29±0.13,7.44±0.38,4.06±0.62,,,,,,,,,,,,,,,,,,,,,,,,,,,,,,,,,,,,,,,,,,,,,,,,,,,,,,,,,,x,x,x,x,x,x,x,x,x,x,x,x,x,x,x,x,x,x,x,x,x,x
M007,"Egg, poultry, omlet",3,68.48±0.13,16.53±0.43,0.96±0.03,11.60±0.22,,,,,710±4,0.11±0.02,0.20±0.00,0.33±0.01,2.06±0.04,0.14±0.01,17.13±2.25,37.66±1.03,,181±18.0,,2.98±0.27,,1.82±0.17,0.06±0.01,0.03±0.01,0.25±0.10,0.11±0.02,0.01±0.01,,,1.88±0.17,,16.62±1.49,14.47±0.35,19.03±0.96,,0.75±0.10,,,11.36±0.84,111±1.0,,,,53.26±4.25,,,0.15±0.09,2.16±0.39,,,14.84±0.34,0.02±0.00,,,,222±30.3,163±10.6,42.18±3.37,169±19.9,1.31±0.13,x,x,x,x,x,x,x,x,x,,,39.43±1.66,,2335±26.9,653±9.5,10.40±0.57,126±12.8,14.05±0.64,,291±14.7,4247±26.5,30.49±0.64,,46.96±1.69,2679±18.3,,x,34.36±6.04,28.27±1.68,380±63.9,,,46.76±1.69,3179±28.4,4615±27.1,3168±53.0,316±1.4,4.65±0.03,2.12±0.14,7.48±0.05,8.34±0.06,6.81±1.01,9.76±0.28,6.09±0.27,6.43±0.08,1.36±0.14,5.85±0.24,2.98±0.06,13.73±0.07,3.32±0.07,2.04±0.40,4.91±1.51,5.24±0.03,6.68±0.15,3.93±0.04,,,,,,,,,,,,,,,,,,,,,,,,,,,,,,,,,,,,,,,,,,,,,,,,,,,,,,,,,,x,x,x,x,x,x,x,x,x,x,x,x,x,x,x,x,x,x,x,x,x,x
M011,"Egg, duck, whole, boiled",1,71.61,13.8,0.97,13.61,,,,,738,0.21,0.07,0.18,1.14,0.15,13.87,73.32,,171,,1.9,,2.04,,0.04,,0.04,,,,2.06,,117,22.21,10.16,,9.25,,,34.59,228,,,,56.12,,,0.12,2.61,,,12,0.06,,,,263,221,43.66,110,1.58,x,x,x,x,x,x,x,x,x,1.12,3.38,37.51,1.14,2791,713,33.49,17.38,,7.95,445,5623,5.77,16.22,,1495,,x,45.95,,153,35.29,,15.04,3598,6098,1745,856,4.36,1.8,7.39,8.9,6.36,10.12,5.08,6.52,1.36,6.58,3.03,13.41,2.76,2.12,3.59,5.42,5.74,3.93,,,,,,,,,,,,,,,,,,,,,,,,,,,,,,,,,,,,,,,,,,,,,,,,,,,,,,,,,,x,x,x,x,x,x,x,x,x,x,x,x,x,x,x,x,x,x,x,x,x,x
M012,"Egg, duck, whole, raw",1,70.53,14.6,0.99,13.83,,,,,760,0.18,0.07,0.13,0.51,0.15,14.52,75.48,,181,,2.67,,2.45,,0.04,,0.05,,,,2.47,,118,29.5,17.96,,11.08,,,35.66,249,,,,52.46,,,0.11,2.46,,,12,0.06,,,,247,228,46.33,113,1.49,x,x,x,x,x,x,x,x,x,1.12,4.51,38.65,1.14,2640,632,36.95,18.54,,10.22,399,5638,5.77,10.43,,1453,,x,45.94,,133,35.97,,16.2,3373,6063,1684,839,4.79,1.83,7.55,8.85,6.45,10.29,5.22,6.84,1.38,6.6,2.82,13.61,3.62,2.08,3.5,5.24,6.49,3.96,,,,,,,,,,,,,,,,,,,,,,,,,,,,,,,,,,,,,,,,,,,,,,,,,,,,,,,,,,x,x,x,x,x,x,x,x,x,x,x,x,x,x,x,x,x,x,x,x,x,x
M013,"Egg, duck, whole, omlet",1,68.9,15.1,1.18,14.8,,,,,804,0.31,0.09,0.14,1.05,0.15,13.81,67.95,,166,,2.1,,2.62,,0.06,,0.11,,,,2.66,,111,20.05,9.55,,8.98,,,30.08,213,,,,71.79,,,0.17,3.28,,,15,0.08,,,,309,154,42.02,175,1.89,x,x,x,x,x,x,x,x,x,1.2,6.03,42.55,1.22,2983,775,40.76,21.07,,9.72,488,5963,7.41,14.87,,1579,,x,61.43,,185,41.93,,18.57,3871,6483,1886,815,4.24,1.8,7.76,8.4,6.74,9.74,5.08,6.34,1.36,6.38,3.18,13.88,2.88,1.98,3.91,5.42,5.61,3.53,,,,,,,,,,,,,,,,,,,,,,,,,,,,,,,,,,,,,,,,,,,,,,,,,,,,,,,,,,x,x,x,x,x,x,x,x,x,x,x,x,x,x,x,x,x,x,x,x,x,x
M014,"Egg, quial, whole, raw",1,75.11,12.39,0.94,11.46,,,,,635,0.15,0.11,0.12,0.93,0.17,18.82,54.86,,151,,5.72,,0.98,,0.01,,0.05,,,,0.99,,8.19,14.83,28.48,,3.57,,,12.96,242,,,,60.67,,,0.09,2.55,,,11,0.03,,,,236,119,50.63,132,1.51,x,x,x,x,x,x,x,x,x,0.93,1.87,71.59,2.79,2049,637,9.57,14.4,,18.83,446,3717,24.87,3.84,,2112,,x,42.84,,192,30.2,,22.06,2788,4210,2399,833,4.86,2.4,7.11,7.96,6.18,10.79,6.03,6.5,,5.73,2.64,13.77,4.14,1.85,3.36,5.77,6.43,3.73,,,,,,,,,,,,,,,,,,,,,,,,,,,,,,,,,,,,,,,,,,,,,,,,,,,,,,,,,,x,x,x,x,x,x,x,x,x,x,x,x,x,x,x,x,x,x,x,x,x,x
M015,"Egg, quial, whole, boiled",1,74.41,13.03,0.99,11.5,,,,,647,0.11,0.08,0.15,0.81,0.15,16.53,51.72,,140,,4.91,,0.82,,0.01,,0.04,,,,0.84,,4.46,12.55,14.75,,1.86,,,10.55,230,,,,61.35,,,0.13,2.63,,,12,0.03,,,,237,115,42.6,130,1.55,x,x,x,x,x,x,x,x,x,0.93,1.97,73.73,2.18,2083,535,11.52,15.42,,21.73,427,3919,21.12,2.89,,2137,,x,41.07,,173,22.05,,30.79,2726,4391,2403,855,4.31,2.39,7.37,8.02,5.34,9.93,5.48,6.33,1.47,5.57,2.72,13.44,3.45,1.88,3.71,5.82,6,3.89,,,,,,,,,,,,,,,,,,,,,,,,,,,,,,,,,,,,,,,,,,,,,,,,,,,,,,,,,,x,x,x,x,x,x,x,x,x,x,x,x,x,x,x,x,x,x,x,x,x,x
N001,"Chicken, poultry, leg, skinless",4,67.61±0.30,19.44±0.79,1.14±0.08,12.64±0.53,,,,,1605±23,0.17±0.04,0.13±0.02,5.60±0.96,1.28±0.24,0.33±0.01,4.58±0.71,7.47±0.19,,10.95±2.21,,1.12,0.02±0.00,0.60±0.10,,0.10±0.00,,0.02±0.01,0.01±0.01,,,0.61±0.10,,10.78±1.41,x,x,x,x,x,x,x,x,0.01±0.00,,,20.52±0.33,,,0.25±0.11,1.27±0.23,0.002±0.000,,23.82±1.59,0.03±0.01,,,0.01±0.00,199±13.7,283±28.5,20.22±1.67,65.07±13.68,1.77±0.14,x,x,x,x,x,x,x,x,x,,,22.52±2.93,,827±51.7,272±9.5,5.66±0.88,13.14±0.97,17.23±2.74,,205±27.5,1342±88.5,13.35±0.81,,,627±35.4,,x,25.97±5.33,8.33±1.08,,,,,1157±61.0,1560±115,661±37.7,84.25±1.38,4.47±0.17,2.76±0.18,7.84±0.17,7.26±0.28,6.04±0.32,9.35±0.51,7.07±0.21,5.66±0.29,1.16±0.22,4.92±0.22,2.39±0.21,16.40±0.68,4.98±0.12,1.16±0.14,4.30±0.17,4.75±0.25,3.91±0.25,3.71±0.17,,,,,,,,,,,,,,,,,,,,,,,,,,,,,,,,,,,,,,,,,,,,,,,,,,,,,,,,,,x,x,x,x,x,x,x,x,x,x,x,x,x,x,x,x,x,x,x,x,x,x
N002,"Chicken, poultry, thigh, skinless",6,67.58±0.46,18.18±0.57,1.14±0.10,14.23±0.84,,,,,836±38,0.13±0.01,0.10±0.01,5.62±1.05,1.06±0.46,0.38±0.07,3.86±0.74,9.00±0.62,,16.48±2.85,,1.22,0.02±0.00,0.65±0.13,,0.10±0.00,,0.01±0.01,0.02±0.01,,,0.66±0.13,,16.17±1.12,x,x,x,x,x,x,x,x,0.10±0.00,,,18.37±0.39,,,0.23±0.20,1.11±0.16,,,22.55±0.64,0.02±0.00,,,,186±12.6,263±33.7,18.69±2.12,64.59±14.32,1.42±0.07,x,x,x,x,x,x,x,x,x,,,22.25±2.82,,794±18.8,234±16.5,4.84±1.24,7.97±1.11,7.88±1.00,,185±11.5,1263±43.6,12.79±1.77,,,490±21.1,,x,22.52±6.11,7.36±1.97,,,,,1071±29.1,1461±48.5,520±24.4,91.93±1.10,4.57±0.21,2.54±0.25,7.87±0.13,8.06±0.22,6.04±0.32,9.05±0.56,7.01±0.15,5.94±0.44,1.20±0.21,4.63±0.29,2.63±0.32,16.87±0.37,4.85±0.46,1.20±0.12,3.93±0.47,4.89±0.16,4.01±0.36,3.51±0.23,,,,,,,,,,,,,,,,,,,,,,,,,,,,,,,,,,,,,,,,,,,,,,,,,,,,,,,,,,x,x,x,x,x,x,x,x,x,x,x,x,x,x,x,x,x,x,x,x,x,x
N003,"Chicken, poultry, breast, skinless",5,67.15±0.18,21.81±0.81,1.19±0.09,9.00±0.52,,,,,704±24,0.10±0.04,0.06±0.01,8.06±0.87,1.15±0.18,0.53±0.05,4.11±0.49,10.44±0.55,,6.96±1.36,,1.38,,0.29±0.10,,0.05±0.00,,0.01±0.01,,0.02±0.01,,0.29±0.10,,27.80±5.84,x,x,x,x,x,x,x,x,0.03±0.00,,,12.91±3.41,,,0.27±0.23,0.83±0.16,,,20.20±0.14,0.02±0.01,,,,178±0.5,295±15.6,18.56±2.12,36.70±3.29,0.78±0.30,x,x,x,x,x,x,x,x,x,,,14.36±3.18,,586±17.1,189±6.3,3.66±0.24,11.95±0.32,11.21±1.47,,120±6.3,862±32,9.10±0.31,,,346±13.8,,x,12.63±0.88,7.82±0.38,,,,,816±23.7,991±37.4,367±14.5,61.55±0.93,4.87±0.22,3.57±0.11,7.89±0.34,6.34±0.42,6.31±0.37,9.16±0.45,7.23±0.23,5.66±0.23,1.20±0.21,4.97±0.23,2.49±0.20,16.92±0.43,4.80±0.25,1.08±0.12,4.77±0.31,5.48±0.37,4.15±0.39,3.89±0.16,,,,,,,,,,,,,,,,,,,,,,,,,,,,,,,,,,,,,,,,,,,,,,,,,,,,,,,,,,x,x,x,x,x,x,x,x,x,x,x,x,x,x,x,x,x,x,x,x,x,x
N004,"Chicken, poultry, wing, skinless",5,67.48±0.21,17.42±0.60,1.13±0.05,13.81±0.26,,,,,807±17,0.08±0.02,0.07±0.01,6.66±1.00,1.28±0.14,0.39±0.06,3.61±0.55,7.87±0.45,,31.21±4.75,,1.11±0.12,,0.57±0.14,,0.08±0.00,,0.01±0.01,,0.02±0.01,,0.58±0.14,,28.17±3.06,x,x,x,x,x,x,x,x,0.02±0.00,,,28.13±3.66,,,0.43±0.29,1.38±0.29,,,22.81±0.71,0.04±0.02,,,0.01±0.00,189±12.7,185±5.8,20.52±2.52,72.78±9.61,1.48±0.23,x,x,x,x,x,x,x,x,x,,,24.51±2.38,,914±38.4,274±24.8,5.68±1.37,11.85±1.68,10.85±1.73,,238±14.9,1524±63,15.00±1.25,,,623±20.6,,x,27.64±5.06,7.31±0.38,,,,,1241±55.1,1777±73.9,658±22.3,54.52±0.78,4.46±0.20,2.62±0.18,8.51±0.17,7.74±0.20,6.26±0.33,9.42±0.37,6.84±0.20,5.02±0.33,1.21±0.21,4.55±0.16,2.69±0.18,16.01±0.45,5.01±0.27,1.42±0.13,4.37±0.43,4.77±0.15,3.85±0.20,3.15±0.05,,,,,,,,,,,,,,,,,,,,,,,,,,,,,,,,,,,,,,,,,,,,,,,,,,,,,,,,,,x,x,x,x,x,x,x,x,x,x,x,x,x,x,x,x,x,x,x,x,x,x
N005,"Poultry, chicken, liver",1,73.2,21.57,1.11,4.08,,,,,518,0.28,0.2,4.44,6.39,0.92,4.07,1032,,3486,,2.62,0.02,0.72,,0.1,,,,,,0.73,,14.3,x,x,x,x,x,x,x,x,,,,4.1,,,0.29,9.92,,,16,0.21,,,,244,241,46.35,61.58,2.65,x,x,x,x,x,x,x,x,x,,,,,677,651,,,,,,681,,,,680,,x,140,,,,,194,1328,681,1013,268,4.82,3.2,8.2,9.93,6.12,9.33,6.59,6.3,1.52,5.82,2.53,12.74,4.65,1.44,4.51,5.11,4.44,3.81,,,,,,,,,,,,,,,,,,,,,,,,,,,,,,,,,,,,,,,,,,,,,,,,,,,,,,,,,,x,x,x,x,x,x,x,x,x,x,x,x,x,x,x,x,x,x,x,x,x,x
N006,"Poultry, chicken, gizzard",1,78.05,18.22,1.46,2.07,,,,,386,0.01,0.11,2.87,0.7,0.14,5.12,8.72,,46.78,,1.6,,0.63,,,,,,,,0.63,,28.58,x,x,x,x,x,x,x,x,,,,5.46,,,0.2,3.19,,,14,0.03,,,,119,244,54.66,50.6,2.65,x,x,x,x,x,x,x,x,x,,,9.91,,495,256,5.92,4.36,,,98,604,13.85,,,342,,x,,,122,,,,772,716,464,57.24,4.3,2.61,8.82,7.67,6.22,8.56,7.97,4.59,1.83,4.48,2.55,14.29,5.63,1.67,5.9,4.53,4.01,3.78,,,,,,,,,,,,,,,,,,,,,,,,,,,,,,,,,,,,,,,,,,,,,,,,,,,,,,,,,,x,x,x,x,x,x,x,x,x,x,x,x,x,x,x,x,x,x,x,x,x,x
N011,"Duck, meat, with skin",1,73.49,19.07,1.22,6.03,,,,,547,0.22,0.13,2.24,0.74,0.31,4.27,27.98,,48.86,,0.91,,0.7,,,,0.01,,,,0.7,,7.88,x,x,x,x,x,x,x,x,,,,22.77,0.001,,1,4.26,,,26,0.06,,,,237,273,23.55,82.25,2.92,x,x,x,x,x,x,x,x,x,,,,,287,58,,,,,1467,748,,,,217,,x,86.54,,,,,,345,2215,304,81.76,5.31,3.26,7.31,8.36,6.44,9.31,7.45,5.09,1.54,5.34,2.65,14.99,4.8,1.14,4.47,5.46,4.43,4.59,,,,,,,,,,,,,,,,,,,,,,,,,,,,,,,,,,,,,,,,,,,,,,,,,,,,,,,,,,x,x,x,x,x,x,x,x,x,x,x,x,x,x,x,x,x,x,x,x,x,x
N014,"Pigeon, meat, with skin",1,74.61,17.94,1.32,6.03,,,,,528,0.18,0.39,3.45,0.79,0.48,NA,8.41,,15.25,,1.2,,1.52,,0.15,,,0.01,,,1.54,,7.1,x,x,x,x,x,x,x,x,,,,18.11,,,0.1,3.81,,,29,0.04,,,,255,346,19.32,56.1,2.48,x,x,x,x,x,x,x,x,x,,,10.72,,939,879,,,,,283,2305,,,,958,,x,,,200,94.93,,29.29,1828,2588,1282,107,4.88,2.47,7.22,8.32,6.31,8.95,6.59,5.28,1.62,4.51,3.02,14.38,4.77,1.16,4.14,5.33,4.19,3.62,,,,,,,,,,,,,,,,,,,,,,,,,,,,,,,,,,,,,,,,,,,,,,,,,,,,,,,,,,x,x,x,x,x,x,x,x,x,x,x,x,x,x,x,x,x,x,x,x,x,x
N015,"Quail, meat, skinless",1,71.58,20.92,1.35,5.95,,,,,576,0.05,0.24,4.69,0.81,0.56,NA,9.33,,12.84,,1.53,,1.59,,0.81,,0.01,,,,1.67,,7.3,x,x,x,x,x,x,x,x,,,,20.6,,,0.2,1.9,,,31,0.05,,,,300,333,14.32,56.21,1.13,x,x,x,x,x,x,x,x,x,,,44.53,6.7,1463,479,23.18,,8.54,,392,2364,14.13,,12.52,788,,x,22.5,,,,,,2024,2789,810,77.87,5.11,2.98,7.2,8.65,6.79,8.9,7.01,5.14,1.74,5.03,2.89,14.35,5.03,1.27,3.5,5.74,4.46,4.13,,,,,,,,,,,,,,,,,,,,,,,,,,,,,,,,,,,,,,,,,,,,,,,,,,,,,,,,,,x,x,x,x,x,x,x,x,x,x,x,x,x,x,x,x,x,x,x,x,x,x
N016,"Turkey, leg, with skin",1,69.24,20.3,1.21,8.15,,,,,647,0.05,0.11,4.92,1.59,0.48,NA,8.55,,8.15,,0.5,,0.72,,0.01,,0.01,,,,0.72,,18.46,x,x,x,x,x,x,x,x,,,,20.44,0.001,,0.53,2.01,,,26,0.04,,,,236,308,17.63,66.47,3.35,x,x,x,x,x,x,x,x,x,,,,,667,313,,,,,0,938,,,,908,,x,150,,,,,,980,938,1058,83.44,5.06,2.4,6.58,8.62,6.6,8.77,6.8,5.06,1.66,4.64,3.08,15.71,4.55,1.43,4.13,5.8,4.46,4.04,,,,,,,,,,,,,,,,,,,,,,,,,,,,,,,,,,,,,,,,,,,,,,,,,,,,,,,,,,x,x,x,x,x,x,x,x,x,x,x,x,x,x,x,x,x,x,x,x,x,x
N017,"Turkey, thigh, with skin",1,72.17,20.46,0.97,6.31,,,,,581,0.04,0.12,1.94,1.54,0.51,NA,10.91,,13.11,,0.36,,0.62,,0.02,,0.01,,,,0.63,,25.36,x,x,x,x,x,x,x,x,,,,23.52,,,0.47,1.58,,,23,0.02,,,,194,280,20.36,50.01,2.95,x,x,x,x,x,x,x,x,x,,,,,681,334,,,,,0,927,,,,904,,x,131,,,,,,1015,927,1035,85.35,5.32,2.62,6.78,8.94,6.15,8.65,6.93,5.36,1.62,4.62,2.69,16.08,4.66,1.44,4.27,5.82,4.65,3.89,,,,,,,,,,,,,,,,,,,,,,,,,,,,,,,,,,,,,,,,,,,,,,,,,,,,,,,,,,x,x,x,x,x,x,x,x,x,x,x,x,x,x,x,x,x,x,x,x,x,x
N018,"Turkey, breast, with skin",1,68.44,21.96,1.01,8.04,,,,,671,0.06,0.1,4.49,1.53,0.56,NA,14.67,,8.97,,0.52,,0.56,,0.03,,0.02,,,,0.57,,26.43,x,x,x,x,x,x,x,x,,,,14.35,,,0.1,1.01,,,22,0.02,,,,182,315,14.33,40.45,1.28,x,x,x,x,x,x,x,x,x,,,,,647,286,,,,,0,884,,,,886,,x,170,,,,,,934,884,1055,81.28,4.8,2.97,7.07,8.17,6.44,8.86,7.52,5.03,1.54,5.91,2.57,15.39,4.62,1.12,4.26,5.46,4.09,4.36,,,,,,,,,,,,,,,,,,,,,,,,,,,,,,,,,,,,,,,,,,,,,,,,,,,,,,,,,,x,x,x,x,x,x,x,x,x,x,x,x,x,x,x,x,x,x,x,x,x,x
N019,"Turkey, wing, with skin",1,66.16,21.91,0.97,10.77,,,,,771,0.03,0.09,4.38,1.36,0.45,NA,10.41,,18.07,,0.52,,0.43,,0.02,,0.01,,,,0.44,,18.43,x,x,x,x,x,x,x,x,,,,33.49,0.001,,0.2,1,,,24,0.02,,,,199,262,18.36,57,1.68,x,x,x,x,x,x,x,x,x,,,,,604,275,,,,,0,826,,,,787,,x,126,,,,,,897,826,913,80.01,4.85,3.32,7.22,9.14,6.09,9.44,6.26,5.51,1.71,5.07,2.35,16.62,5.2,1.43,4.28,5.1,4.22,4.07,,,,,,,,,,,,,,,,,,,,,,,,,,,,,,,,,,,,,,,,,,,,,,,,,,,,,,,,,,x,x,x,x,x,x,x,x,x,x,x,x,x,x,x,x,x,x,x,x,x,x
O001,"Goat, shoulder",6,66.39±0.40,20.33±0.50,0.90±0.02,11.94±0.78,,,,,787±33,0.07±0.01,0.17±0.01,5.14±0.56,1.07±0.10,0.26±0.03,2.08±0.44,,,7.57±1.04,,0.8,,0.35±0.04,,,,,,,,0.35±0.04,,5.80±1.29,x,x,x,x,x,x,x,x,0.29±0.06,0.71±0.32,,6.18±1.58,0.008±0.005,,0.11±0.07,1.48±0.34,0.003±0.001,,21.39±1.54,0.02±0.00,0.25±0.30,,0.01±0.00,189±11.6,332±46.8,12.91±3.65,47.31±8.90,4.19±0.54,x,x,x,x,x,x,x,x,x,,45.17±38.01,376±238,,2638±337,2331±160,18.08±3.57,,35.45±26.72,,251±54.2,4563±318,87.48±42.27,,,432±149,,x,33.28±10.52,,178±54.8,,,,5444±803,4902±415,643±214,82.18±3.33,4.71±0.15,3.33±0.48,7.66±0.33,9.00±0.38,5.66±0.62,9.26±0.68,7.29±1.42,5.12±0.28,1.34±0.10,4.71±0.24,2.17±0.17,14.68±0.73,5.63±0.34,1.35±0.18,4.72±0.13,4.19±0.39,4.34±0.30,3.95±0.43,,,,,,,,,,,,,,,,,,,,,,,,,,,,,,,,,,,,,,,,,,,,,,,,,,,,,,,,,,x,x,x,x,x,x,x,x,x,x,x,x,x,x,x,x,x,x,x,x,x,x
O002,"Goat, chops",6,72.46±1.10,20.39±0.83,0.99±0.01,5.98±0.37,,,,,568±26,0.05±0.01,0.13±0.01,5.51±0.57,0.98±0.09,0.30±0.02,1.53±0.10,,,2.55±0.50,,0.4,,0.15±0.03,,,,,,,,0.15±0.03,,6.50±1.06,x,x,x,x,x,x,x,x,0.16±0.02,0.76±0.41,,7.44±0.28,0.012±0.007,0.001±0.000,0.07±0.01,1.87±0.44,0.002±0.000,,21.13±2.10,0.02±0.01,0.19±0.13,,0.01±0.00,195±11.7,334±43.9,21.76±5.69,45.72±6.21,4.55±1.05,x,x,x,x,x,x,x,x,x,,16.34±10.05,202±93.7,,1383±160,1252±111,12.19±4.91,,11.48±6.13,,113±27.3,2193±170,39.47±12.04,,,184±42.1,,x,16.12±8.80,,59.35±12.87,,,,2877±386,2346±210,259±63.7,88.37±7.14,5.09±0.66,3.53±0.69,6.24±0.19,7.26±0.09,5.41±0.61,9.29±0.34,7.06±1.26,4.92±0.29,1.63±0.23,4.45±0.23,2.56±0.57,14.31±1.25,6.05±0.70,1.35±0.16,4.20±0.47,4.59±0.17,4.24±0.63,3.71±0.23,,,,,,,,,,,,,,,,,,,,,,,,,,,,,,,,,,,,,,,,,,,,,,,,,,,,,,,,,,x,x,x,x,x,x,x,x,x,x,x,x,x,x,x,x,x,x,x,x,x,x
O003,"Goat, legs",6,68.85±0.86,22.07±0.63,0.97±0.03,7.94±0.62,,,,,669±26,0.07±0.01,0.15±0.04,5.15±0.36,0.99±0.04,0.31±0.02,2.25±0.59,,,8.51±1.19,,0.28,0.04±0.00,0.09±0.03,,,,,,,,0.09±0.03,,9.50±1.86,x,x,x,x,x,x,x,x,0.13±0.02,1.20±0.69,,5.76±0.97,0.007±0.003,,0.08±0.02,1.77±0.48,0.003±0.001,,21.71±1.72,0.01±0.00,0.01±0.01,,0.01±0.00,187±14.2,339±25.5,17.76±3.82,42.77±5.74,3.52±0.43,x,x,x,x,x,x,x,x,x,,24.30±15.82,263±105,,1795±154,1522±157,18.61±5.01,,41.99±34.76,,156±22.5,2805±340,77.43±30.80,,,374±74.8,,x,21.85±2.70,,172±52.3,,,,3665±471,3038±393,567±130,82.52±5.47,5.38±0.82,3.63±0.76,6.81±0.04,8.09±0.15,5.15±0.74,9.89±0.20,7.76±1.20,4.65±0.35,1.43±0.21,4.51±0.09,2.79±0.30,14.02±1.12,5.64±0.58,1.67±0.57,4.08±0.45,4.63±0.31,4.43±0.42,4.66±0.79,,,,,,,,,,,,,,,,,,,,,,,,,,,,,,,,,,,,,,,,,,,,,,,,,,,,,,,,,,x,x,x,x,x,x,x,x,x,x,x,x,x,x,x,x,x,x,x,x,x,x
O004,"Goat, brain",5,76.74±1.02,13.82±0.80,1.29±0.07,8.06±0.46,,,,,533±23,0.13±0.02,0.17±0.02,2.04±0.19,1.52±0.42,0.28±0.04,1.30±0.18,,,1.98±0.92,,0.30±0.30,,0.08±0.01,,,,,,,,0.07±0.04,,3.80±1.23,x,x,x,x,x,x,x,x,0.22±0.04,0.56±0.20,,10.61±0.24,0.011±0.012,,0.30±0.06,1.63±0.35,0.003±0.001,,13.94±0.67,0.04±0.01,0.03±0.02,,0.01±0.00,296±21.2,296±15.6,21.70±6.90,132±38.4,1.08±0.09,x,x,x,x,x,x,x,x,x,,,32.63±6.10,,1007±97.9,1013±57.5,28.88±3.12,22.73±3.77,33.49±7.60,,23.08±5.65,1304±88,119±83.2,,,43.20±16.81,,x,80.48±72.83,,300±21.5,,,516±52.1,2138±176,1447±176,939±163,1340±21.6,5.29±0.44,2.98±1.01,5.21±0.20,8.24±0.25,6.01±0.30,8.47±0.30,6.61±0.72,5.29±0.18,1.36±0.11,4.70±0.03,3.05±0.29,13.68±0.35,5.72±0.23,1.29±0.08,4.20±0.14,4.82±0.09,5.29±0.35,4.68±0.55,,,,,,,,,,,,,,,,,,,,,,,,,,,,,,,,,,,,,,,,,,,,,,,,,,,,,,,,,,x,x,x,x,x,x,x,x,x,x,x,x,x,x,x,x,x,x,x,x,x,x
O005,"Goat, tongue",4,68.40±1.00,16.63±0.54,1.02±0.04,13.68±1.09,,,,,789±39,0.14±0.00,0.22±0.03,3.04±0.24,0.88±0.06,0.17±0.04,2.54±0.18,,,8.95±2.16,,0.02,0.33±0.00,0.08±0.01,,,,,,,,0.08±0.01,,1.70±0.16,x,x,x,x,x,x,x,x,0.40±0.04,0.57±0.18,,7.11±0.14,0.014±0.004,,0.16±0.03,2.09±0.42,0.003±0.002,,19.39±2.23,0.04±0.01,0.20±0.19,,0.01±0.01,212±15.9,223±37.3,22.76±6.04,118±35.1,2.44±0.11,x,x,x,x,x,x,x,x,x,,37.79±18.66,388±150,,2556±325,1976±377,21.00±2.75,,49.13±42.98,,289±34.9,4498±607,129±54.1,,,504±134,,x,67.38±29.75,,187±93.8,,,,5028±917,4916±696,758±257,206±1.8,4.70±0.47,3.18±0.37,5.59±0.09,7.05±0.18,5.70±0.61,8.26±0.43,7.02±0.81,4.67±0.32,1.45±0.23,4.50±0.42,2.38±0.52,13.47±0.63,6.34±0.36,1.45±0.11,4.78±0.53,4.15±0.28,4.64±0.75,3.97±0.62,,,,,,,,,,,,,,,,,,,,,,,,,,,,,,,,,,,,,,,,,,,,,,,,,,,,,,,,,,x,x,x,x,x,x,x,x,x,x,x,x,x,x,x,x,x,x,x,x,x,x
O006,"Goat, lungs",4,79.03±1.20,16.86±0.71,0.74±0.01,3.09±0.56,,,,,401±32,0.08±0.01,0.32±0.02,2.79±0.15,0.83±0.11,0.14±0.03,1.80±0.44,,,2.75±0.59,,0.09,1.31±0.00,0.08±0.01,,,,,,,,0.08±0.01,,4.60±0.91,x,x,x,x,x,x,x,x,0.32±0.05,1.18±0.35,,10.44±2.48,0.041±0.031,0.001±0.000,0.22±0.01,7.10±1.77,0.002±0.000,,11.48±1.33,0.04±0.00,0.07±0.03,0.02±0.00,0.01±0.00,209±8.5,180±19.4,26.00±6.96,85.72±22.56,1.70±0.32,x,x,x,x,x,x,x,x,x,,16.42±20.30,95.79±52.64,,907±156,513±122,12.42±8.43,,20.21±12.37,,43.19±6.3,836±186,15.22±3.36,,,135±15.8,,x,13.74±7.83,,226±48.9,,,,1564±372,894±196,374±72.5,448±5.6,4.64±0.42,2.54±0.05,5.82±0.10,8.04±0.59,6.07±0.64,7.77±0.31,7.16±0.67,5.74±0.45,1.45±0.16,5.15±0.53,2.46±0.41,11.41±0.94,6.06±0.26,1.48±0.05,5.59±0.45,3.26±0.12,4.58±0.29,4.51±0.48,,,,,,,,,,,,,,,,,,,,,,,,,,,,,,,,,,,,,,,,,,,,,,,,,,,,,,,,,,x,x,x,x,x,x,x,x,x,x,x,x,x,x,x,x,x,x,x,x,x,x
O007,"Goat, heart",5,75.15±1.23,19.38±0.80,0.95±0.09,4.40±0.71,,,,,492±33,0.36±0.02,0.33±0.05,5.97±0.25,1.72±0.20,0.23±0.08,1.63±0.38,,,5.90±0.36,,0.6,,0.09±0.01,,,,,,,,0.09±0.01,,10.60±0.97,x,x,x,x,x,x,x,x,0.37±0.08,0.93±0.21,,5.71±1.43,0.012±0.005,,0.34±0.04,3.38±0.54,0.002±0.000,,18±2.32,0.03±0.01,0.04±0.03,,0.01±0.00,174±21.0,224±26.8,15.00±3.00,73.21±10.98,1.45±0.16,x,x,x,x,x,x,x,x,x,,10.26±7.38,128±70.9,,763±183,1017±273,6.51±2.66,,13.97±13.54,,37.69±10.44,953±210,35.14±3.75,,,292±83.0,,x,9.52±2.65,,125±55.6,,,,1939±551,1025±224,427±141,122±1.8,5.38±0.21,3.08±0.76,6.35±0.18,7.04±0.07,5.59±0.34,8.15±0.36,6.25±0.50,5.43±0.51,1.31±0.12,5.08±0.62,2.41±0.20,13.14±0.74,6.71±1.03,1.71±0.38,4.38±0.38,4.27±0.26,4.74±0.29,3.97±0.40,,,,,,,,,,,,,,,,,,,,,,,,,,,,,,,,,,,,,,,,,,,,,,,,,,,,,,,,,,x,x,x,x,x,x,x,x,x,x,x,x,x,x,x,x,x,x,x,x,x,x
O008,"Goat, liver",6,73.37±1.16,20.32±0.92,1.30±0.07,4.88±0.73,,,,,526±31,0.20±0.04,0.37±0.04,12.88±0.44,7.01±0.11,0.65±0.27,178±34.9,,,15655±972,,0.56,0.18±0.00,0.61±0.08,,,,,,,,0.61±0.08,,12.64±2.43,x,x,x,x,x,x,x,x,0.53±0.12,1.49±0.49,0.002±0.003,6.09±2.31,0.010±0.004,0.006±0.002,3.70±1.67,6.56±0.34,0.004±0.002,,18±1.34,0.26±0.04,0.44±0.79,0.12±0.04,0.01±0.00,336±45.5,284±48.8,48.12±26.66,55.41±14.75,3.48±1.32,x,x,x,x,x,x,x,x,x,,3.97±1.08,37.41±14.69,,735±173,944±137,,,49.82±39.91,,42.04±12.85,879±337,,,,368±67.1,,x,56.53±24.71,,362±80.1,,,138±64.0,1770±365,921±350,924±236,415±26.4,4.23±0.47,3.04±0.42,6.02±0.25,8.39±0.98,6.27±0.18,8.74±0.76,5.64±1.19,6.58±0.68,1.22±0.11,4.53±0.99,2.49±0.15,12.09±1.18,5.29±0.35,1.71±0.74,4.76±0.34,4.61±0.38,4.93±0.21,3.50±0.07,,,,,,,,,,,,,,,,,,,,,,,,,,,,,,,,,,,,,,,,,,,,,,,,,,,,,,,,,,x,x,x,x,x,x,x,x,x,x,x,x,x,x,x,x,x,x,x,x,x,x
O009,"Goat, tripe",5,80.94±0.84,15.36±0.50,0.23±0.02,3.36±0.29,,,,,386±19,0.02±0.01,0.10±0.01,0.81±0.14,0.21±0.03,0.20±0.05,2.36±0.30,,,2.17±0.52,,,,0.10±0.02,,,,,,,,0.10±0.02,,11.50±2.06,x,x,x,x,x,x,x,x,0.33±0.06,0.18±0.23,,20.87±6.81,0.007±0.001,,0.07±0.02,0.81±0.23,0.003±0.001,,13±2.07,0.07±0.03,0.15±0.07,,0.01±0.01,59.2±21.2,45±28.7,15.59±7.21,22.38±5.45,1.66±0.40,x,x,x,x,x,x,x,x,x,,16.61±12.79,155±96.5,,828±144,661±139,9.66±0.82,,12.66±4.47,,63.87±26.62,1063±234,27.10±7.84,,,154±50.1,,x,11.70±4.47,,80.27±33.71,,,,1682±397,1154±268,246±88.3,113±3.5,4.40±0.25,3.59±0.31,5.99±0.17,7.22±0.19,5.55±0.26,8.33±0.59,7.76±0.93,4.16±0.21,1.34±0.06,5.24±0.45,2.88±0.20,11.46±0.53,8.20±0.97,1.62±0.42,5.02±0.45,3.24±0.10,4.48±0.35,4.11±0.91,,,,,,,,,,,,,,,,,,,,,,,,,,,,,,,,,,,,,,,,,,,,,,,,,,,,,,,,,,x,x,x,x,x,x,x,x,x,x,x,x,x,x,x,x,x,x,x,x,x,x
O010,"Goat, spleen",4,77.93±0.50,18.45±0.15,1.15±0.09,2.37±0.36,,,,,401±14,0.06±0.01,0.16±0.02,5.20±0.39,6.58±0.12,0.33±0.07,3.30±0.36,,,7.85±0.84,,0.1,0.36±0.00,0.08±0.02,,,,,,,,0.08±0.02,,9.00±0.74,x,x,x,x,x,x,x,x,0.29±0.03,1.18±0.39,,8.35±0.44,0.015±0.006,0.001±0.001,0.13±0.02,51.41±17.21,0.004±0.002,,15.3±2.76,0.03±0.00,0.05±0.01,0.01±0.00,0.01±0.00,266±7.3,368±17.1,48.55±13.46,52.40±8.62,1.95±0.19,x,x,x,x,x,x,x,x,x,,9.23±3.32,56.89±9.62,,555±51.2,553±138,9.47±4.33,,17.09±9.01,,25.25±3.79,575±114,15.79±5.62,,,143±17.3,,x,10.56±4.54,,199±46.8,,,,1200±215,616±123,352±68.7,243±10.4,4.62±0.35,2.70±0.41,5.50±0.11,8.89±0.87,6.49±0.32,8.80±0.40,6.58±0.40,6.27±0.90,1.46±0.06,5.27±0.28,2.48±0.61,12.26±0.30,7.86±1.08,1.37±0.17,4.54±0.50,3.44±0.02,4.26±0.15,3.74±0.35,,,,,,,,,,,,,,,,,,,,,,,,,,,,,,,,,,,,,,,,,,,,,,,,,,,,,,,,,,x,x,x,x,x,x,x,x,x,x,x,x,x,x,x,x,x,x,x,x,x,x
O011,"Goat, kidneys",4,80.26±1.07,15.60±1.15,1.10±0.05,2.93±0.18,,,,,374±18,0.34±0.03,0.34±0.05,5.50±0.17,6.54±0.34,0.40±0.07,68.76±2.10,,,68.56±3.91,,,,0.09±0.01,,,,,,,,0.09±0.01,,3.50±1.46,x,x,x,x,x,x,x,x,0.19±0.04,1.44±0.87,0.002±0.001,12.37±4.51,0.009±0.005,0.003±0.001,0.25±0.03,6.73±0.13,0.001±0.000,,18.6±2.65,0.08±0.01,0.38±0.11,0.01±0.00,0.01±0.00,220±8.1,195±43.7,142±47.6,184±21.3,1.73±0.07,x,x,x,x,x,x,x,x,x,,7.80±3.94,70.83±36.59,,557±61.7,470±66.4,5.20±1.56,,32.65±23.84,,23.91±8.08,523±42.7,19.00±9.32,,,236±6.5,,x,10.37±5.92,,233±22.0,,,,1143±194,566±60.1,480±34.4,419±10.3,5.23±0.18,3.41±0.39,6.46±0.19,8.48±0.46,5.52±0.22,8.43±0.22,5.74±1.03,5.69±0.21,1.50±0.11,5.44±0.43,2.66±0.32,12.62±0.77,6.98±0.29,1.71±0.05,4.73±0.29,4.08±0.25,5.08±0.09,4.77±0.87,,,,,,,,,,,,,,,,,,,,,,,,,,,,,,,,,,,,,,,,,,,,,,,,,,,,,,,,,,x,x,x,x,x,x,x,x,x,x,x,x,x,x,x,x,x,x,x,x,x,x
O025,"Beef, shoulder",6,63.84±0.59,20.56±1.32,0.95±0.01,14.59±0.86,,,,,889±12,0.03±0.01,0.12±0.02,5.18±0.21,1.14±0.09,0.48±0.04,8.06±1.30,,,15.51±2.43,,0.46,0.14±0.00,0.40±0.12,,,,,,,,0.40±0.12,,2.90±1.12,x,x,x,x,x,x,x,x,0.38±0.10,0.76±0.26,,6.50±1.85,0.007±0.002,,0.07±0.04,2.22±0.56,0.003±0.001,,22.24±3.28,0.01±0.00,0.10±0.07,,,201±25.2,367±56.0,11.58±3.25,45.59±12.45,4.64±0.38,x,x,x,x,x,x,x,x,x,,32.91±2.41,392±160,,3772±410,2768±554,41.78±11.66,,39.47±17.43,,486±151,5669±825,72.41±34.10,,,575±325,,x,153±44.0,,280±168,,,,7046±1155,6227±1010,1008±536,66.36±4.77,5.09±0.52,3.85±0.44,7.57±0.11,8.29±0.09,5.36±0.36,9.06±0.29,7.48±0.88,5.35±0.38,0.94±0.22,4.91±0.34,2.60±0.28,13.85±0.62,5.96±0.50,1.38±0.15,4.46±0.31,4.25±0.11,4.45±0.32,3.97±0.44,,,,,,,,,,,,,,,,,,,,,,,,,,,,,,,,,,,,,,,,,,,,,,,,,,,,,,,,,,x,x,x,x,x,x,x,x,x,x,x,x,x,x,x,x,x,x,x,x,x,x
O026,"Beef, chops",4,72.40±0.34,19.82±0.43,0.96±0.02,6.71±0.45,,,,,585±13,0.02±0.01,0.06±0.01,4.36±0.17,1.27±0.08,0.34±0.03,5.69±0.82,,,2.43±0.40,,0.47,0.05±0.00,0.30±0.03,,,,,,,,0.30±0.03,,2.80±1.07,x,x,x,x,x,x,x,x,0.30±0.04,1.40±0.41,,4.64±1.64,0.005±0.001,,0.04±0.02,1.95±0.46,0.002±0.000,,24.72±4.70,0.01±0.00,0.24±0.39,,,209±42.2,383±73.0,11.54±4.42,32.47±4.39,3.77±1.08,x,x,x,x,x,x,x,x,x,,14.18±1.20,168±65.4,,1625±193,1188±218,18.13±5.57,,17.01±7.72,,209±63.6,2440±351,30.87±13.32,,,249±142,,x,66.06±18.97,,122±74.7,,,,3031±491,2680±428,437±236,45.97±5.89,5.51±0.47,3.82±0.38,5.67±0.09,8.26±0.62,5.37±0.45,9.40±0.72,6.51±0.88,5.32±0.52,1.17±0.18,5.32±0.55,2.87±0.40,14.07±0.78,6.26±0.25,1.25±0.09,4.80±0.26,4.73±0.66,4.79±0.57,3.80±0.47,,,,,,,,,,,,,,,,,,,,,,,,,,,,,,,,,,,,,,,,,,,,,,,,,,,,,,,,,,x,x,x,x,x,x,x,x,x,x,x,x,x,x,x,x,x,x,x,x,x,x
O027,"Beef, round (leg)",6,68.04±1.36,22.64±1.03,1.19±0.01,7.38±0.71,,,,,658±37,0.04±0.01,0.06±0.01,6.30±0.26,0.84±0.12,0.44±0.11,2.11±0.28,,,2.52±0.64,,0.43,0.11±0.00,0.40±0.09,,,,,,,,0.40±0.09,,5.80±1.29,x,x,x,x,x,x,x,x,0.19±0.11,1.08±0.29,,5.86±1.13,0.007±0.002,,0.06±0.01,2.30±0.96,0.003±0.001,,26.59±2.36,0.01±0.00,0.02±0.01,,0.01±0.00,215±20.0,366±3.8,18.14±10.72,38.96±8.25,3.36±0.52,x,x,x,x,x,x,x,x,x,,13.58±1.50,135±16.2,,1732±197,1023±136,42.45±4.10,,52.78±6.67,,207±34.6,3026±253,46.84±4.27,,,201±21.0,,x,67.90±6.17,,211±12.7,,,,2998±361,3280±291,480±40,55.81±1.96,5.07±0.36,3.67±0.50,6.43±0.16,8.09±0.22,5.41±0.17,9.85±0.31,7.00±0.85,5.10±0.13,1.42±0.16,4.67±0.18,2.90±0.22,14.70±0.61,5.82±0.65,1.63±0.35,4.13±0.23,4.49±0.29,4.19±0.58,4.28±0.30,,,,,,,,,,,,,,,,,,,,,,,,,,,,,,,,,,,,,,,,,,,,,,,,,,,,,,,,,,x,x,x,x,x,x,x,x,x,x,x,x,x,x,x,x,x,x,x,x,x,x
O028,"Beef, brain",4,78.71±1.43,10.55±0.50,1.37±0.17,9.28±0.92,,,,,523±42,0.12±0.01,0.13±0.01,1.91±0.48,1.76±0.09,0.25±0.01,5.39±2.10,,,2.18±0.22,,0.69,0.05±0.00,0.10±0.02,,,,,,,,0.10±0.02,,2.70±0.85,x,x,x,x,x,x,x,x,0.38±0.10,0.85±0.15,,11.38±0.39,0.004±0.000,,0.29±0.06,2.15±0.42,0.003±0.001,,15.84±2.93,0.03±0.01,0.04±0.01,,0.01±0.00,326±34.2,320±59.0,16.57±4.35,127±25.4,1.18±0.19,x,x,x,x,x,x,x,x,x,,,67.09±33.46,,1131±90.0,1188±149,19.51±3.09,,84.15±13.23,,37.16±8.99,1653±128,178±63.1,,,39.04±14.09,,x,56.26±9.07,,321±77.3,,,432±99.1,2490±289,1869±200,848±200,1668±28.5,5.35±0.53,2.74±0.02,5.48±0.21,8.42±0.46,5.64±0.50,8.08±0.25,6.29±0.53,5.43±0.62,1.39±0.02,4.70±0.07,2.75±0.17,12.75±0.54,5.65±0.47,1.35±0.08,4.05±0.23,4.17±0.55,5.43±0.53,4.87±0.58,,,,,,,,,,,,,,,,,,,,,,,,,,,,,,,,,,,,,,,,,,,,,,,,,,,,,,,,,,x,x,x,x,x,x,x,x,x,x,x,x,x,x,x,x,x,x,x,x,x,x
O029,"Beef, tongue",4,70.97±1.20,15.63±0.67,0.73±0.00,12.57±0.63,,,,,731±32,0.05±0.01,0.13±0.01,2.93±0.05,0.72±0.03,0.19±0.04,10.81±1.33,,,5.56±0.53,,0.61,0.15±0.00,0.11±0.02,,,,,,,,0.11±0.02,,1.90±0.26,x,x,x,x,x,x,x,x,0.48±0.10,1.04±0.27,,9.49±0.28,0.005±0.002,,0.13±0.03,2.17±0.70,0.003±0.001,,22.82±7.66,0.04±0.01,0.11±0.07,,0.01±0.00,220±61.6,260±57.4,15.16±2.49,89.88±20.41,3.31±0.35,x,x,x,x,x,x,x,x,x,,24.35±2.26,364±42.7,,3197±262,2663±402,25.09±2.92,,13.19±4.30,,351±86.8,4302±421,88.41±16.12,,,341±64.2,,x,56.10±6.72,,86.44±28.31,,,,6287±716,4741±524,484±99,141±1.1,4.99±0.45,3.22±0.21,5.55±0.11,7.98±0.47,5.49±0.14,8.23±0.50,6.77±0.88,5.20±0.59,1.20±0.18,4.59±0.55,3.02±0.21,13.80±0.47,5.72±0.48,1.25±0.31,4.77±0.21,4.35±0.32,4.67±0.18,3.71±0.43,,,,,,,,,,,,,,,,,,,,,,,,,,,,,,,,,,,,,,,,,,,,,,,,,,,,,,,,,,x,x,x,x,x,x,x,x,x,x,x,x,x,x,x,x,x,x,x,x,x,x
O030,"Beef, lungs",3,80.83±0.18,15.66±0.42,1.13±0.05,2.28±0.21,,,,,351±1,0.09±0.01,0.12±0.02,3.13±0.05,0.85±0.06,0.23±0.01,6.98±0.78,,,1.89±0.16,,,,0.11±0.04,,,,,,,,0.11±0.04,,3.70±1.05,x,x,x,x,x,x,x,x,0.33±0.04,2.06±0.57,0.001±0.000,9.31±0.87,0.011±0.010,0.002±0.001,0.20±0.12,6.85±1.65,0.006±0.002,,11.60±1.19,0.07±0.09,0.07±0.02,0.01±0.00,0.01±0.00,172±15.0,216±37.2,16.69±5.47,109±14.5,1.52±0.20,x,x,x,x,x,x,x,x,x,,3.95±0.23,71.64±69.29,,625±123,468±78.5,14.22±9.86,,13.92±8.94,,41.34±5.15,588±63.5,17.58±5.02,,,92.04±24.05,,x,6.14±1.51,,146±85.9,,,,1198±290,647±73.6,244±111,334±8.8,4.51±0.47,3.46±0.28,5.37±0.14,8.13±0.26,6.12±0.47,7.08±0.19,6.21±1.62,5.92±0.18,1.47±0.14,5.20±0.59,2.61±0.30,11.46±0.08,8.15±0.52,1.64±0.20,5.74±0.34,3.56±0.13,4.78±0.56,3.87±0.55,,,,,,,,,,,,,,,,,,,,,,,,,,,,,,,,,,,,,,,,,,,,,,,,,,,,,,,,,,x,x,x,x,x,x,x,x,x,x,x,x,x,x,x,x,x,x,x,x,x,x
O031,"Beef, heart",5,77.77±0.72,17.68±0.51,0.87±0.01,3.57±0.46,,,,,433±20,0.24±0.04,0.30±0.05,5.38±0.45,1.55±0.06,0.25±0.07,8.50±1.25,,,10.13±1.52,,5.71,0.27±0.00,0.10±0.02,,,,,,,,0.10±0.02,,2.50±1.02,x,x,x,x,x,x,x,x,0.62±0.12,1.39±0.32,,6.16±1.43,0.006±0.001,0.002±0.002,0.37±0.08,3.62±0.29,0.004±0.001,,15.66±8.91,0.03±0.01,0.09±0.07,,,181±16.0,258±69.1,20.66±7.75,70.52±13.92,1.50±0.22,x,x,x,x,x,x,x,x,x,,5.69±1.23,44.89±16.77,,614±121,787±119,9.39±2.42,,19.06±11.57,,39.33±17.31,780±199,28.50±24.56,,,351±91.7,,x,11.43±6.51,,128±38,,,,1479±273,848±240,490±136,92.73±5.29,5.84±0.46,2.54±0.50,6.41±0.05,7.77±0.48,5.53±0.54,8.00±0.55,7.29±0.08,4.99±0.57,1.44±0.13,6.01±0.20,2.84±0.16,13.39±0.53,4.60±0.47,1.61±0.23,4.30±0.63,4.53±0.44,4.92±0.54,4.92±0.61,,,,,,,,,,,,,,,,,,,,,,,,,,,,,,,,,,,,,,,,,,,,,,,,,,,,,,,,,,x,x,x,x,x,x,x,x,x,x,x,x,x,x,x,x,x,x,x,x,x,x
O032,"Beef, liver",6,74.15±1.31,20.73±0.96,1.07±0.03,3.96±0.45,,,,,499±30,0.17±0.03,0.34±0.05,14.01±0.44,9.32±0.03,0.30±0.05,1744±71.2,,,9119±707,,,4.00±0.00,0.60±0.06,,,,,,,,0.60±0.06,,4.00±1.31,x,x,x,x,x,x,x,x,0.52±0.14,2.60±0.33,0.001±0.000,5.46±0.44,0.012±0.005,0.004±0.003,1.23±1.40,14.82±2.65,0.007±0.002,,18.57±2.85,0.25±0.08,0.46±0.25,0.10±0.02,0.02±0.01,332±61.4,289±58.2,20.20±5.44,50.14±3.83,4.36±1.97,x,x,x,x,x,x,x,x,x,,5.86±0.74,34.29±13.79,,664±179,806±119,6.72±1.34,,26.54±17.71,,51.37±16.51,740±171,33.85±14.75,,,236±52.0,,x,8.51±2.53,,218±79.7,,,103±27.5,1543±331,826±202,566±162,261±9.9,4.83±0.23,2.92±0.13,6.53±0.18,8.53±0.57,5.54±0.29,8.48±0.25,5.94±0.31,5.90±0.55,1.17±0.12,5.02±0.59,2.82±0.21,11.84±0.42,5.60±0.37,1.30±0.26,4.59±0.09,4.24±0.18,4.66±0.14,3.77±0.59,,,,,,,,,,,,,,,,,,,,,,,,,,,,,,,,,,,,,,,,,,,,,,,,,,,,,,,,,,x,x,x,x,x,x,x,x,x,x,x,x,x,x,x,x,x,x,x,x,x,x
O033,"Beef, tripe",5,83.74±0.62,13.10±0.29,0.55±0.01,2.51±0.74,,,,,316±25,0.03±0.01,0.08±0.03,1.31±0.12,1.09±0.09,0.23±0.07,1.45±0.19,,,4.29±0.30,,4,0.06±0.00,0.41±0.08,,,,,,,,0.41±0.08,,3.50±0.64,x,x,x,x,x,x,x,x,0.37±0.21,0.61±0.43,,15.30±2.91,0.012±0.007,0.001±0.001,0.04±0.02,0.84±0.12,0.002±0.000,,9.33±2.12,0.03±0.02,0.08±0.03,,0.01±0.00,60.17±9.2,143±61.1,10.18±3.72,41.00±11.13,2.02±0.36,x,x,x,x,x,x,x,x,x,,4.83±1.70,80.33±26.92,,653±179,619±277,9.13±5.37,,4.84±1.46,,56.14±19.48,767±194,10.65±2.12,,,49.93±15.98,,x,9.64±5.00,,35.70±4.88,,,,1371±491,833±216,95.26±25.86,82.66±4.33,4.38±0.07,3.30±0.14,5.28±0.06,7.11±0.18,6.07±0.38,8.39±0.68,7.06±0.20,4.75±0.20,1.48±0.16,5.58±0.07,2.82±0.23,11.70±0.13,7.40±0.23,1.75±0.37,5.40±0.64,4.07±0.14,4.54±0.27,4.16±0.26,,,,,,,,,,,,,,,,,,,,,,,,,,,,,,,,,,,,,,,,,,,,,,,,,,,,,,,,,,x,x,x,x,x,x,x,x,x,x,x,x,x,x,x,x,x,x,x,x,x,x
O034,"Beef, spleen",6,79.03±0.73,17.42±0.55,1.22±0.04,2.22±0.24,,,,,378±16,0.31±0.02,0.25±0.03,7.45±0.43,7.30±0.21,0.26±0.03,3.40±0.88,,,8.71±1.00,,0.33,,0.10±0.01,,,,,,,,0.10±0.01,,2.50±1.00,x,x,x,x,x,x,x,x,0.32±0.12,1.80±0.56,0.001±0.000,9.40±0.24,0.008±0.004,0.001±0.000,0.09±0.01,31.68±4.50,0.003±0.001,,15.80±1.25,0.03±0.01,0.11±0.04,0.05±0.01,0.01±0.00,252±24.2,348±32.4,37.55±9.76,58.94±5.92,2.01±0.16,x,x,x,x,x,x,x,x,x,,4.08±0.89,26.85±7.72,,505±70.9,592±69.2,10.29±1.57,,22.43±8.41,,25.01±8.71,442±119,13.83±2.95,,,127±24.4,,x,12.22±3.88,,254±84.3,,,,1160±159,480±130,393±113,353±8.3,4.82±0.34,3.19±0.35,5.50±0.19,8.38±0.39,5.71±0.58,7.73±0.41,6.12±0.55,5.83±0.51,1.49±0.14,5.05±0.56,2.54±0.44,11.81±0.51,7.41±0.60,1.65±0.40,4.75±0.52,3.78±0.49,4.86±0.26,3.17±0.08,,,,,,,,,,,,,,,,,,,,,,,,,,,,,,,,,,,,,,,,,,,,,,,,,,,,,,,,,,x,x,x,x,x,x,x,x,x,x,x,x,x,x,x,x,x,x,x,x,x,x
O035,"Beef, kidneys",3,77.59±0.66,17.09±0.30,1.22±0.04,4.01±0.36,,,,,439±17,0.26±0.04,0.27±0.05,6.52±0.25,2.05±0.18,0.22±0.02,53.68±4.93,,,98.04±9.31,,0.53,0.11±0.00,0.08±0.03,,,,,,,,0.08±0.03,,2.50±0.92,x,x,x,x,x,x,x,x,0.34±0.12,2.37±0.54,0.043±0.010,15.31±0.44,0.005±0.000,0.002±0.002,0.21±0.09,4.71±1.89,0.481±0.827,,14.70±6.6.8,0.05±0.02,0.78±0.18,0.01±0.01,,180±16.5,184±80.9,135±16.8,160±31.1,1.40±0.49,x,x,x,x,x,x,x,x,x,,5.50±0.00,56.58±0.00,,777±0.0,892±0.0,6.79±0.00,,5.40±0.00,,33.01±0.00,790±0,12.02±0.00,,,148±0.0,,x,8.72±0.00,,135±0.0,,,,1743±0.0,835±0.0,291±0.0,439±3.8,5.27±0.38,3.33±0.27,6.85±0.18,8.08±0.21,5.40±0.44,7.95±0.18,6.21±0.18,5.14±0.63,1.32±0.04,5.22±0.60,2.56±0.26,12.93±0.66,5.26±0.09,1.56±0.21,5.05±0.30,3.78±0.34,4.96±0.23,4.26±0.34,,,,,,,,,,,,,,,,,,,,,,,,,,,,,,,,,,,,,,,,,,,,,,,,,,,,,,,,,,x,x,x,x,x,x,x,x,x,x,x,x,x,x,x,x,x,x,x,x,x,x
O048,"Pork, shoulder",6,62.92±0.74,17.41±0.71,0.75±0.12,18.83±0.88,,,,,993±28,0.18±0.01,0.10±0.02,4.22±0.43,0.86±0.06,0.41±0.08,6.70±1.09,,,5.12±0.89,,9.03,0.35±0.00,0.30±0.18,,,,,,,,0.30±0.18,,1.80±0.34,x,x,x,x,x,x,x,x,0.47±0.14,1.53±0.89,,9.95±5.13,0.020±0.011,,0.23±0.17,0.91±0.23,0.005±0.000,,15.01±4.36,0.02±0.01,0.15±0.10,,,157±36.8,234±33.1,13.26±5.22,54.47±16.10,2.08±0.66,x,x,x,x,x,x,x,x,x,,,259±107,,4438±899,2151±502,39.02±23.54,,,,418±106,7696±1111,,,,1839±775,,x,170±115,,121±134,,,,6887±1531,8114±1217,2129±1024,44.38±2.76,4.83±0.29,3.86±0.46,5.50±0.13,8.39±0.12,5.32±0.44,9.17±0.24,6.51±0.58,4.39±0.43,1.32±0.11,4.41±0.29,2.89±0.40,13.31±0.59,5.37±0.10,1.35±0.43,5.74±0.50,4.40±0.07,4.33±0.12,3.23±0.52,,,,,,,,,,,,,,,,,,,,,,,,,,,,,,,,,,,,,,,,,,,,,,,,,,,,,,,,,,x,x,x,x,x,x,x,x,x,x,x,x,x,x,x,x,x,x,x,x,x,x
O049,"Pork, chops",6,68.40±1.25,19.41±0.68,0.64±0.05,11.30±1.33,,,,,748±51,0.30±0.02,0.11±0.02,4.49±0.30,0.72±0.13,0.36±0.10,7.74±1.03,,,1.51±0.26,,4.83±0.60,2.27±1.00,0.11±0.02,,,,,,,,0.11±0.02,,2.20±0.73,x,x,x,x,x,x,x,x,0.41±0.12,0.85±0.38,,8.12±0.81,0.024±0.005,,0.22±0.13,1.00±0.20,0.003±0.001,,11.62±1.58,0.03±0.01,0.23±0.05,,,143±0.3,243±0.7,15.06±3.70,43.70±11.05,1.34±0.46,x,x,x,x,x,x,x,x,x,,,157±20.5,,3080±135,1531±483,33.99±16.58,,,,242±12.2,4731±361,,,,521±141,,x,112±41.5,,26.53±10.54,,,,4803±655,4972±373,660±193,46.98±3.18,4.42±0.25,4.08±0.72,5.97±1.11,7.77±0.04,6.74±0.05,9.73±0.21,7.30±1.49,4.63±0.23,1.31±0.08,4.37±0.67,2.88±0.13,14.27±0.94,5.50±0.13,1.41±0.14,5.27±0.04,4.55±0.08,4.69±0.64,3.46±0.07,,,,,,,,,,,,,,,,,,,,,,,,,,,,,,,,,,,,,,,,,,,,,,,,,,,,,,,,,,x,x,x,x,x,x,x,x,x,x,x,x,x,x,x,x,x,x,x,x,x,x
O050,"Pork, ham",6,61.94±0.39,18.83±0.59,0.62±0.02,18.55±0.78,,,,,1006±20,0.24±0.02,0.10±0.01,4.59±0.68,0.79±0.06,0.25±0.06,1.51±0.21,,,2.98±0.30,,5.85,,0.20±0.04,,,,,,,,0.20±0.04,,5.30±1.39,x,x,x,x,x,x,x,x,0.32±0.28,1.54±0.94,,7.40±2.16,0.015±0.012,,0.20±0.19,1.27±0.48,0.003±0.001,,17.05±3.66,0.01±0.01,0.10±0.14,,,140±26.6,239±34.6,13.21±6.77,40.44±9.89,1.76±0.41,x,x,x,x,x,x,x,x,x,,,269±63.7,,4510±482,2101±467,59.11±57.10,,,,466±108,7600±769,,,,1598±387,,x,163±107,,114±72.8,,,,6938±1069,8065±876,1875±567,47.08±1.64,4.91±0.38,4.47±0.22,6.49±0.14,8.27±0.26,5.32±0.44,9.38±0.25,7.62±0.58,4.56±0.34,1.47±0.11,5.09±0.25,2.78±0.26,14.18±1.07,5.41±0.29,1.77±0.39,4.79±0.54,4.81±0.45,4.49±0.21,4.47±0.51,,,,,,,,,,,,,,,,,,,,,,,,,,,,,,,,,,,,,,,,,,,,,,,,,,,,,,,,,,x,x,x,x,x,x,x,x,x,x,x,x,x,x,x,x,x,x,x,x,x,x
O051,"Pork, lungs",4,81.12±0.72,15.13±0.52,0.93±0.01,2.74±0.23,,,,,358±16,0.08±0.02,0.14±0.02,3.11±0.19,1.79±0.20,0.19±0.02,6.36±0.75,,,5.14±0.40,,1.91,0.14±0.00,0.11±0.03,,,,,,,,0.11±0.03,,3.80±0.68,x,x,x,x,x,x,x,x,0.33±0.14,2.03±0.55,0.002±0.000,10.30±0.26,0.007±0.007,0.001±0.001,0.21±0.12,6.76±2.03,,,9.82±3.41,0.03±0.01,0.12±0.11,,0.01±0.00,161±33.4,200±23.0,17.75±9.09,61.41±20.69,1.18±0.21,x,x,x,x,x,x,x,x,x,,,34.48±12.10,,776±70.9,431±73.4,6.29±4.17,,,,32.88±10.53,834±103,,,,326±40.8,,x,21.91±17.54,,121±91.6,,,,1247±161,867±113,469±150,232±11.0,4.34±0.20,3.02±0.35,5.50±0.12,8.00±0.55,6.76±0.31,8.22±0.62,6.50±0.88,6.16±0.48,1.37±0.18,3.92±0.62,2.27±0.58,11.71±0.39,8.27±0.11,1.84±0.25,6.23±0.22,3.17±0.29,4.75±0.34,2.93±0.22,,,,,,,,,,,,,,,,,,,,,,,,,,,,,,,,,,,,,,,,,,,,,,,,,,,,,,,,,,x,x,x,x,x,x,x,x,x,x,x,x,x,x,x,x,x,x,x,x,x,x
O052,"Pork, heart",4,77.74±0.88,16.31±0.16,1.01±0.01,4.87±0.84,,,,,457±32,0.28±0.03,0.30±0.04,5.13±0.18,1.49±0.15,0.30±0.05,4.73±0.80,,,7.16±0.88,,,,0.10±0.02,,,,,,,,0.10±0.02,,3.50±0.93,x,x,x,x,x,x,x,x,0.29±0.09,1.06±0.24,,4.74±0.91,0.011±0.004,,0.32±0.04,3.97±0.43,0.002±0.001,,18.23±1.82,0.03±0.00,0.27±0.05,0.01±0.00,0.01±0.02,187±18.5,268±54.9,20.75±5.43,70.52±13.46,1.60±0.23,x,x,x,x,x,x,x,x,x,,,47.89±24.92,,858±192,660±148,8.55±3.25,,,,46.51±14.55,1201±335,,,,725±243,,x,38.38±27.92,,255±119,,,,1575±367,1247±350,1019±391,134±4.2,5.09±0.49,3.11±0.08,6.57±0.24,8.73±0.35,5.76±0.35,8.65±0.46,6.20±1.89,5.69±0.36,1.55±0.04,5.58±0.12,2.86±0.34,13.97±0.63,6.09±0.15,1.68±0.44,4.49±0.28,4.44±0.40,4.41±0.33,4.51±0.41,,,,,,,,,,,,,,,,,,,,,,,,,,,,,,,,,,,,,,,,,,,,,,,,,,,,,,,,,,x,x,x,x,x,x,x,x,x,x,x,x,x,x,x,x,x,x,x,x,x,x
O053,"Pork, liver",5,74.88±1.23,19.89±1.16,1.18±0.03,3.94±0.34,,,,,484±24,0.16±0.02,0.31±0.05,13.76±0.76,7.93±0.20,0.37±0.16,954±88.6,,,8759±798,,2.97,0.23±0.00,0.85±0.08,,,,,,,,0.85±0.08,,4.50±0.92,x,x,x,x,x,x,x,x,0.33±0.27,1.64±0.89,0.003±0.004,5.52±0.27,0.007±0.002,0.003±0.003,0.66±0.31,20.74±7.24,0.002±0.001,,16.59±1.79,0.17±0.03,0.92±1.63,0.13±0.02,0.01±0.00,310±24.2,279±20.7,33.49±10.76,64.89±17.55,4.19±1.30,x,x,x,x,x,x,x,x,x,,,15.29±4.18,,549±33.6,753±85.0,6.89±0.71,,,,21.63±6.99,678±206,,,,494±186,,x,26.57±13.51,,376±85,,,,1325±123,700±213,896±285,216±1.4,4.73±0.45,3.07±0.47,6.71±0.21,8.64±0.35,5.26±0.51,8.60±0.20,6.12±0.70,6.07±0.18,1.24±0.15,4.73±0.57,2.57±0.27,12.99±0.81,5.89±0.44,1.53±0.43,4.34±0.38,4.28±0.19,4.87±0.56,3.61±0.43,,,,,,,,,,,,,,,,,,,,,,,,,,,,,,,,,,,,,,,,,,,,,,,,,,,,,,,,,,x,x,x,x,x,x,x,x,x,x,x,x,x,x,x,x,x,x,x,x,x,x
O054,"Pork, stomach",1,76.51,15.36,0.23,7.81,,,,,550,0.1,0.06,1.9,3.1,0.19,6.87,,,3.34,,0.42,0.13,0.3,,,,,,,,0.3,,3.5,x,x,x,x,x,x,x,x,0.44,5.94,,11.75,0.042,,0.74,1.92,0.006,,23.32,0.02,0.16,,0.01,125,200,31.64,109,2.34,x,x,x,x,x,x,x,x,x,,,102,,1864,1342,19.31,,,,127,2563,,,,841,,x,94.61,,154,,,,3327,2690,1090,187,5.27,3.13,6.66,6.44,5.55,8.96,8.82,5.04,1.46,5.47,2.89,9.24,8.41,1.22,4.56,4.49,5.29,5.48,,,,,,,,,,,,,,,,,,,,,,,,,,,,,,,,,,,,,,,,,,,,,,,,,,,,,,,,,,x,x,x,x,x,x,x,x,x,x,x,x,x,x,x,x,x,x,x,x,x,x
O055,"Pork, spleen",3,80.93±1.08,15.13±0.79,1.13±0.05,2.71±0.71,,,,,357±31,0.13±0.02,0.27±0.12,7.80±0.43,4.87±0.34,0.22±0.04,5.92±0.49,,,8.44±0.81,,,,0.17±0.06,,,,,,,,0.17±0.06,,2.50±0.83,x,x,x,x,x,x,x,x,0.26±0.22,1.83±1.59,0.003±0.003,6.98±2.93,0.018±0.018,,0.11±0.01,27.21±6.43,0.799±1.381,,16.08±2.24,0.03±0.01,0.18±0.10,0.01±0.00,0.01±0.00,230±28.7,325±35.1,37.25±4.76,49.14±5.55,2.09±0.29,x,x,x,x,x,x,x,x,x,,,27.99±8.02,,691±190,520±144,6.41±2.90,,,,34.64±7.32,785±276,,,,237±35.1,,x,23.79±18.93,,137±23.9,,,,1245±345,820±283,397±78,201±70.8,4.36±0.08,3.06±0.02,7.53±0.34,8.61±0.47,6.30±0.42,8.61±0.68,6.77±0.44,5.84±0.16,1.28±0.28,4.26±0.07,2.43±0.65,12.65±0.40,7.08±0.41,1.50±0.51,4.59±0.28,3.61±0.30,4.78±0.42,2.71±0.21,,,,,,,,,,,,,,,,,,,,,,,,,,,,,,,,,,,,,,,,,,,,,,,,,,,,,,,,,,x,x,x,x,x,x,x,x,x,x,x,x,x,x,x,x,x,x,x,x,x,x
O056,"Pork, kidneys",5,80.92±0.87,14.35±1.03,0.97±0.10,3.65±0.55,,,,,379±21,0.24±0.14,0.37±0.05,6.46±0.38,2.52±0.27,0.16±0.04,59.61±10.30,,,72.53±6.91,,2.92,0.24±0.00,0.19±0.06,,,,,,,,0.19±0.06,,1.50±0.19,x,x,x,x,x,x,x,x,0.11±0.02,1.80±1.89,0.022±0.014,6.71±0.55,0.012±0.008,0.001±0.001,0.53±0.19,6.26±2.55,0.002±0.001,,15.56±1.39,0.10±0.01,1.15±0.43,0.01±0.01,0.01±0.00,201±17.8,198±11.5,206±39.5,138±17.5,1.90±0.28,x,x,x,x,x,x,x,x,x,,,29.58±13.59,,672±123,461±87.9,6.33±3.02,,,,28.23±12.20,817±162,,,,474±80.5,,x,26.28±13.50,,214±36.5,,,,1169±228,846±174,714±130,267±2.1,5.15±0.61,3.67±0.49,7.76±0.07,8.12±0.11,5.55±0.56,8.87±0.51,5.86±0.32,6.11±0.64,1.26±0.10,4.96±0.21,2.53±0.23,11.65±0.48,7.22±0.43,1.36±0.41,4.73±0.27,4.07±0.31,5.08±0.35,3.98±0.66,,,,,,,,,,,,,,,,,,,,,,,,,,,,,,,,,,,,,,,,,,,,,,,,,,,,,,,,,,x,x,x,x,x,x,x,x,x,x,x,x,x,x,x,x,x,x,x,x,x,x
O057,"Pork, tube (small intestine)",1,75.42,14.96,0.55,8.98,,,,,587,0.08,0.1,0.9,3.02,0.19,7.84,,,1.13,,1.01,,0.2,,,,,,,,0.2,,3.5,x,x,x,x,x,x,x,x,0.52,2.48,0.001,16.05,0.008,,0.11,2.83,0.007,,9.78,0.05,0.16,,0.01,124,140,26.44,60.17,1.36,x,x,x,x,x,x,x,x,x,,,126,,2318,1639,25.5,,,,190,2984,,,,638,,x,85.9,,168,,,,4109,3174,892,180,4.98,4.08,7.74,7.93,6.7,8.07,7.99,4.73,1.27,3.5,2.25,13.19,9.15,1.26,5.32,3.62,4.97,2.92,,,,,,,,,,,,,,,,,,,,,,,,,,,,,,,,,,,,,,,,,,,,,,,,,,,,,,,,,,x,x,x,x,x,x,x,x,x,x,x,x,x,x,x,x,x,x,x,x,x,x
P003,Anchovy (Stolephorus indicus),2,77.77,19.88,1.62,0.78,,,,,367,0.03,0.04,0.91,1.21,61.25,1170,,,12.18,,2.76,0.11,0.73,,,,,,,,0.73,,0.6,x,x,x,x,x,x,x,x,,,0.003,36.6,0.016,,0.04,0.54,,0.011,53,0.07,,,0.004,246,270,56.22,212,0.65,x,x,x,x,x,x,x,x,x,,,14.33,4.16,178,51.19,,,,,20.17,28.58,,,1.61,7.13,,,,,26.26,60,10.15,187,248,50.36,290,29.56,3.65,4.59,7.72,5.67,3.28,1.82,4.61,5.55,0.81,5.49,5.28,5.83,7.89,14.66,5.57,3.35,4.39,4.15,,,,,,,,,,,,,,,,,,,,,,,,,,,,,,,,,,,,,,,,,,,,,,,,,,,,,,,,,,x,x,x,x,x,x,x,x,x,x,x,x,x,x,x,x,x,x,x,x,x,x
P006,Black snapper (Macolor niger),1,78.09,19.5,1.19,1.24,,,,,377,0.02,,2.89,0.54,106,1772,,,14.55,,1.31,0.18,0.51,,,,,,,,0.51,,115,x,x,x,x,x,x,x,x,0.17,0.08,,9.91,0.046,,0.02,0.56,,,26.72,0.01,6.88,0.001,0.007,195,341,14.4,41.23,0.4,x,x,x,x,x,x,x,x,x,,,52.75,,312,106,,,,,87.36,163,,,,22.35,8.43,,,6.43,49.55,41.48,,165,470,251,293,30.45,4.94,4.93,7.97,5.84,3.12,2.01,5.33,4.64,0.79,5.43,5.67,5.74,11.43,15.7,5.36,3.58,4.07,3.85,,,,,,,,,,,,,,,,,,,,,,,,,,,,,,,,,,,,,,,,,,,,,,,,,,,,,,,,,,x,x,x,x,x,x,x,x,x,x,x,x,x,x,x,x,x,x,x,x,x,x
P007,Bombay duck (Harpadon nehereus),2,83.24,13.53,1.07,1.03,,,,,287,0.03,0.02,0.64,1.48,98,2784,,,3.38,,0.96,0.29,0.75,,,,,,,,0.75,,1.04,x,x,x,x,x,x,x,x,0.67,7.68,0.001,159,0.01,0.001,0.03,0.81,0.003,0.004,24.27,0.05,0.9,,0.006,185,188,25.45,223,0.42,x,x,x,x,x,x,x,x,x,,,45.49,,283,70.16,,,,,69.09,102,,,,10.25,,,,,43.72,61.27,,137,398,171,252,46.43,4.6,4.49,7.47,7.17,3.44,1.74,5.37,4.51,1.25,5.34,5.95,5.25,9.93,11.16,6.17,6.14,4.5,4.23,,,,,,,,,,,,,,,,,,,,,,,,,,,,,,,,,,,,,,,,,,,,,,,,,,,,,,,,,,x,x,x,x,x,x,x,x,x,x,x,x,x,x,x,x,x,x,x,x,x,x
P009,Cat fish (Tachysurus thalassinus),1,76.22,22.18,1.32,2.13,,,,,456,0.05,0.05,1.38,1.24,223,1136,,,14.08,,1.42,0.47,0.38,,,,,,,,0.38,,0.96,x,x,x,x,x,x,x,x,,,,5.54,0.015,,0.03,0.72,,,25.69,0.01,,,0.005,252,429,42.33,35.82,0.58,x,x,x,x,x,x,x,x,x,,,39,12.62,485,249,6.85,,,,86.44,327,16.84,,,22.11,7.03,,,,133,75.24,61.6,320,792,430,619,18.36,2.06,5.04,8.35,6.13,2.12,1.42,4.4,4.83,0.55,5.59,5.84,5.77,12,15.36,5.19,3.62,4.18,3.91,,,,,,,,,,,,,,,,,,,,,,,,,,,,,,,,,,,,,,,,,,,,,,,,,,,,,,,,,,x,x,x,x,x,x,x,x,x,x,x,x,x,x,x,x,x,x,x,x,x,x
P017,Hilsa (Tenualosa ilisha),2,60.09,21.8,1.11,18.49,,,,,1083,0.01,0.04,2.85,2.33,120,2875,,,7.42,,4.96,1.02,1.35,,,,,,,,1.35,,0.94,x,x,x,x,x,x,x,x,0.59,0.18,0.001,19.82,0.006,0.001,0.15,1.19,,0.001,30.62,0.08,0.52,,0.001,278,341,37.62,80.88,0.64,x,x,x,x,x,x,x,x,x,,17.71,1650,,6091,1468,35.64,23.62,,,2225,3695,101,,,136,209,104,,49.1,146,925,,232,9286,6021,1801,82.42,4.32,3.79,8.14,7.45,3.68,1.43,5.17,5.48,1.88,5.35,4.43,4.15,1.72,13.13,6.66,6.85,4.43,3.83,,,,,,,,,,,,,,,,,,,,,,,,,,,,,,,,,,,,,,,,,,,,,,,,,,,,,,,,,,x,x,x,x,x,x,x,x,x,x,x,x,x,x,x,x,x,x,x,x,x,x
P034,Mackerel (Rastrelliger kanagurta),3,74.55±1.14,21.51±0.34,1.20±0.43,1.53±0.93,,,,,423±40,0.07±0.02,0.10±0.03,2.67±2.00,1.35±0.08,100±2.9,713±112,,,16.34±16.88,,0.22±0.02,0.23±0.02,0.71±0.29,,,,,,,,0.71±0.29,,5.25±0.01,x,x,x,x,x,x,x,x,,,0.002±0.001,31.27±15.90,0.011±0.007,0.001±0.001,0.12±0.03,1.46±0.63,0.003±0.000,0.003±0.003,37.46±10.04,0.02±0.00,,,0.002±0.001,231±18.6,309±36.8,64.08±9.98,83.01±12.99,0.67±0.11,x,x,x,x,x,x,x,x,x,,,48.67±45.57,10.05±7.88,351±278,180±142,7.34±7.62,4.24±3.76,3.17±5.49,,78.69±74.54,123±87.2,6.76±5.61,2.64±3.57,4.78±5.73,28.10±7.72,1.25±1.27,,,7.56±8.01,54.37±27.93,72.72±55.10,47.11±39.83,259±89.5,604±487,216±176,470±218,46.48±24.87,3.63±0.31,4.64±0.16,7.91±0.35,6.39±0.19,2.56±0.23,1.68±0.36,5.25±0.29,5.71±0.39,1.00±0.06,5.47±0.19,5.41±0.54,5.81±0.54,9.96±0.72,13.38±0.59,5.28±0.26,3.27±0.24,4.46±0.11,4.59±0.15,,,,,,,,,,,,,,,,,,,,,,,,,,,,,,,,,,,,,,,,,,,,,,,,,,,,,,,,,,x,x,x,x,x,x,x,x,x,x,x,x,x,x,x,x,x,x,x,x,x,x
P055,"Pomfret, black (Parastromateus niger)",1,74.43,18.91,0.97,4.83,,,,,515,0.06,0.02,2.61,0.75,76,2056,,,10.55,,2.28,0.66,0.6,,,,,,,,0.6,,102,x,x,x,x,x,x,x,x,0.13,1.52,0.001,18.1,0.008,,0.07,0.78,,,28.22,0.02,1.7,,0.005,195,295,50.25,69.09,0.5,x,x,x,x,x,x,x,x,x,,,115,,1428,622,45.61,18.49,,,157,716,98.65,,,51.5,37.96,,,10.52,252,244,,565,2229,972,1161,48.16,4.36,4.77,8.11,5.52,2.42,1.52,6.43,5.12,1.12,5.95,5.75,6.86,9.77,12.54,6.07,4.7,4.91,4.98,,,,,,,,,,,,,,,,,,,,,,,,,,,,,,,,,,,,,,,,,,,,,,,,,,,,,,,,,,x,x,x,x,x,x,x,x,x,x,x,x,x,x,x,x,x,x,x,x,x,x
P057,"Pomfret, white (Pampus argenteus)",2,75.91,19.02,1.01,5.12,,,,,513,0.05,0.03,1.38,1.11,130,961,,,30.31,,0.61,0.1,1.26,,,,,,,,1.26,,0.99,x,x,x,x,x,x,x,x,,,,13.64,0.011,0.004,0.05,0.31,,0.001,32.2,0.02,,0.001,0.003,211,255,29.33,46.09,0.53,x,x,x,x,x,x,x,x,x,,,258,41.43,1598,532,45.58,19.93,174,,851,98.93,40.22,25.27,33.66,14.07,4.2,,,5.82,130,167,174,423,2669,1049,919,41.56,3.8,4.64,8.21,7.03,2.99,1.75,6.38,5.28,1.11,5.42,5.09,6.11,9.11,14.69,5.66,3.15,4.34,5.98,,,,,,,,,,,,,,,,,,,,,,,,,,,,,,,,,,,,,,,,,,,,,,,,,,,,,,,,,,x,x,x,x,x,x,x,x,x,x,x,x,x,x,x,x,x,x,x,x,x,x
P065,Red snapper (Lutjanus argentimaculatus),1,76.28,22.79,1.26,1.34,,,,,437,0.02,0.02,3.14,0.52,66.93,1386,,,4.77,,2.32,0.05,0.41,,,,,,,,0.41,,98.48,x,x,x,x,x,x,x,x,,,,8.39,0.006,,0.03,0.37,,0.003,32.65,0.01,,,0.003,204,446,12.84,59.89,0.34,x,x,x,x,x,x,x,x,x,,,44.11,7.38,290,130,5.91,3.24,3.59,,63.93,217,11.92,,6.06,19.08,4.01,,,,57.9,40.85,31.73,172,485,299,325,132,3.14,4.57,7.89,6.32,3.8,1.68,6.28,6.16,1.12,5.26,5.21,6.48,8.8,13.92,5.17,3.31,4.76,5.48,,,,,,,,,,,,,,,,,,,,,,,,,,,,,,,,,,,,,,,,,,,,,,,,,,,,,,,,,,x,x,x,x,x,x,x,x,x,x,x,x,x,x,x,x,x,x,x,x,x,x
P068,Salmon (Salmo salar),1,67.84,20.97,1.13,9.86,,,,,721,0.07,0.06,4.45,1.15,150,1136,,,15.63,,0.86,0.08,0.58,,,,,,,,0.58,,0.75,x,x,x,x,x,x,x,x,,,0.001,24.3,0.008,,0.08,0.98,,,31.18,0.01,,0.003,0.005,211,345,36.34,20.25,0.51,x,x,x,x,x,x,x,x,x,,,384,90.84,2697,1057,51.9,23.76,,,667,1682,55.53,12.79,34.82,119,25.48,,,17.29,209,406,329,1192,4305,2453,2297,61.27,3.6,4.78,7.83,5.44,3.15,1.52,5.4,5.87,0.92,5.63,5.31,7.25,9.77,14.05,5.5,3.53,4.82,4.97,,,,,,,,,,,,,,,,,,,,,,,,,,,,,,,,,,,,,,,,,,,,,,,,,,,,,,,,,,x,x,x,x,x,x,x,x,x,x,x,x,x,x,x,x,x,x,x,x,x,x
P071,Sardine (Sardinella longiceps),1,72.29,17.91,0.84,8.99,,,,,637,0.01,0.06,0.91,0.77,140,2266,,,12.66,,3.51,,0.38,,,,,,,,0.38,,2.65,x,x,x,x,x,x,x,x,0.1,0.08,0.001,42.26,0.008,,0.07,0.83,,,24.39,0.02,1.49,,0.003,191,228,50.21,38.49,0.89,x,x,x,x,x,x,x,x,x,,,215,,765,246,15.52,7.79,,,289,327,13.37,,,42.33,16.5,,,8.29,88.19,297,,317,1250,630,770,49.12,4.31,4.73,8.17,6.43,3,1.84,5.24,5.3,1.57,5.18,5.36,6.45,10.65,13.86,5.66,4.41,4.62,4.11,,,,,,,,,,,,,,,,,,,,,,,,,,,,,,,,,,,,,,,,,,,,,,,,,,,,,,,,,,x,x,x,x,x,x,x,x,x,x,x,x,x,x,x,x,x,x,x,x,x,x
P078,Silver carp (Hypophthalmichthys molitrix),1,72.47,21.71,0.95,5.17,,,,,555,0.02,0.02,1.87,1.33,136,2462,,,6.74,,0.69,0.17,0.6,,,,,,,,0.6,,0.83,x,x,x,x,x,x,x,x,0.11,9.61,,85.55,0.025,,0.02,0.58,,0.002,24.97,0.03,1.81,,0.005,187,249,72.55,19.6,0.57,x,x,x,x,x,x,x,x,x,,11.09,247,,1318,220,17.51,11.87,,,615,1283,65.76,,,194,256,13.72,,48.7,86.03,171,,125,1826,1964,894,68.54,4.51,4.75,7.24,6.11,4.24,1.41,5.32,4.69,1.17,4.77,3.31,3.97,9.43,13.75,9.82,7.72,4.54,3.4,,,,,,,,,,,,,,,,,,,,,,,,,,,,,,,,,,,,,,,,,,,,,,,,,,,,,,,,,,x,x,x,x,x,x,x,x,x,x,x,x,x,x,x,x,x,x,x,x,x,x
P083,Tilapia (Oreochromis niloticus),1,79.57,18.48,1.18,1.08,,,,,349,0.02,0.18,1.4,0.78,176,829,,,17.14,,0.85,0.08,1.86,,,,,,,,1.86,,3.65,x,x,x,x,x,x,x,x,0.86,0.65,,99.39,0.033,0.001,0.04,2.84,0.011,,24.56,0.1,,,0.01,184,255,20.85,52.55,0.88,x,x,x,x,x,x,x,x,x,,,61.56,,270,76.21,4.72,,,,113,134,7.52,,,49.44,32.45,,,7.95,35.03,14.76,,59.16,413,254,199,26.36,4.21,5.71,7.87,7.71,3.19,1.52,6.02,5.41,0.79,5.66,3.05,6.47,9.02,13.03,4.89,5.62,5.17,5.67,,,,,,,,,,,,,,,,,,,,,,,,,,,,,,,,,,,,,,,,,,,,,,,,,,,,,,,,,,x,x,x,x,x,x,x,x,x,x,x,x,x,x,x,x,x,x,x,x,x,x
P084,Tuna (Euthynnus affinis),5,72.12±0.42,24.50±0.27,1.11±0.12,1.44±0.42,,,,,470±16,0.06±0.02,0.07±0.03,4.73±1.83,1.34±0.13,68.24±14.90,1374±204,,,16.65±8.35,,0.11±0.03,0.63±0.18,0.57±0.17,,,,,,,,0.57±0.17,,11.63±0.28,x,x,x,x,x,x,x,x,,,0.001±0.001,9.82±1.65,0.015±0.004,0.001±0.001,0.27±0.13,1.60±0.50,0.001±0.000,0.001±0.001,35.85±1.59,0.02±0.01,,0.002±0.001,0.007±0.002,292±39.6,357±20.6,21.55±5.13,52.89±10.16,0.69±0.20,x,x,x,x,x,x,x,x,x,,,53.12±59.44,11.08±11.43,399±317,184±108,8.50±10.28,3.75±4.37,,,76.97±85.13,207±171,8.72±7.33,1.69±2.87,5.46±5.81,23.05±17.65,4.76±4.29,,,1.98±2.86,69.44±36.77,90.61±91.77,40.23±33.78,345±262,660±508,300±268,575±441,46.10±42.20,3.37±0.79,4.85±0.32,8.23±0.56,5.70±0.29,3.01±0.37,1.41±0.05,5.40±0.36,6.20±0.40,0.90±0.05,5.75±0.35,5.28±0.64,6.46±1.00,8.60±0.30,13.49±0.51,5.60±0.36,3.49±0.36,4.53±0.31,5.19±1.01,,,,,,,,,,,,,,,,,,,,,,,,,,,,,,,,,,,,,,,,,,,,,,,,,,,,,,,,,,x,x,x,x,x,x,x,x,x,x,x,x,x,x,x,x,x,x,x,x,x,x
P085,"Tuna, striped (Katsuwonus pelamis)",1,77.76,21.28,0.87,1.12,,,,,403,0.07,0.15,5.04,1.27,122,789,,,21.01,,0.65,0.05,0.14,,,,,,,,0.14,,1.23,x,x,x,x,x,x,x,x,,,0.001,6.45,0.002,,0.11,1.43,,,26.02,0.02,,,0.004,209,273,23.85,22.6,0.46,x,x,x,x,x,x,x,x,x,,,30.58,8.29,243,137,5.87,,,,35.3,133,,,,25.61,,,,,37.61,40.39,11.68,191,424,168,306,64.06,2.7,4.96,8.16,7.11,3.93,1.79,4.29,5.4,1.63,6.03,5.97,7.02,8.04,14.2,5.24,3.46,4.5,5.72,,,,,,,,,,,,,,,,,,,,,,,,,,,,,,,,,,,,,,,,,,,,,,,,,,,,,,,,,,x,x,x,x,x,x,x,x,x,x,x,x,x,x,x,x,x,x,x,x,x,x
P092,"Eggs, Cat fish (Ompok bimaculatus)",1,69.34,24.68,1.57,5.28,,,,,600,,0.19,1.09,0.83,148,2059,,,2.55,,2.8,0.47,0.28,,,,,,,,0.28,,0.53,x,x,x,x,x,x,x,x,0.48,1.11,,61.69,0.021,0.005,0.08,6.65,,,59.93,0.5,2.26,,0.016,445,252,43.57,54.83,3.11,x,x,x,x,x,x,x,x,x,,,67.15,,1206,526,5.72,12.81,,,197,905,23.32,,,290,98.5,18.91,,72.11,223,156,,577,1818,1125,1436,269,4.55,5.21,8.04,7.36,2.8,1.63,6.3,5.21,1.06,5.15,3.38,6.53,9.31,12.24,5.28,5.38,4.72,5.57,,,,,,,,,,,,,,,,,,,,,,,,,,,,,,,,,,,,,,,,,,,,,,,,,,,,,,,,,,x,x,x,x,x,x,x,x,x,x,x,x,x,x,x,x,x,x,x,x,x,x
Q003,"Lobster, brown (Thenus orientalis)",1,81.48,15.96,1.29,0.56,,,,,292,0.01,0.01,0.63,1.44,216,1129,,,1.83,,0.78,0.06,1.35,,,,,,,,1.35,,1.06,x,x,x,x,x,x,x,x,,,0.003,73.06,0.044,0.003,0.12,0.77,,0.007,45.34,0.07,,0.004,0.005,223,212,33.82,140,1.16,x,x,x,x,x,x,x,x,x,,,6.83,2.32,56.45,37.7,2.26,,,,19.88,49.96,1.25,,1.65,19.92,2.23,,,1.4,26.66,23.17,4.72,40.06,106,72.73,118,32.64,2.74,4.98,8.62,7.73,3.99,1.52,3.7,5.09,0.75,5.87,6.08,6.81,10.35,15.93,6.69,3.86,4.68,3.43,,,,,,,,,,,,,,,,,,,,,,,,,,,,,,,,,,,,,,,,,,,,,,,,,,,,,,,,,,x,x,x,x,x,x,x,x,x,x,x,x,x,x,x,x,x,x,x,x,x,x
Q006,Oyster (Crassostrea sp.),1,82.5,9.51,2.47,2.44,,,,,252,0.06,0.07,0.71,1.18,145,1612,,,25.36,,0.82,0.04,1.11,,,,,,,,1.11,,1.72,x,x,x,x,x,x,x,x,,,0.013,126,0.096,0.011,3.41,0.9,,0.01,22.24,0.56,,0.071,,170,122,28.91,41.01,7.35,x,x,x,x,x,x,x,x,x,,,126,27.48,736,190,8.39,,,,137,90,71.16,,,55.37,,,,7.36,95.01,256,26.65,210,1087,298,651,32.45,2.34,4.56,7.08,6.06,2.21,1.16,3.87,4.76,0.92,5.31,5.57,6.07,10.93,14.64,7.88,5.24,4.61,3.61,,,,,,,,,,,,,,,,,,,,,,,,,,,,,,,,,,,,,,,,,,,,,,,,,,,,,,,,,,x,x,x,x,x,x,x,x,x,x,x,x,x,x,x,x,x,x,x,x,x,x
R002,"Clam, white shell, ribbed (Meretrix meretrix)",1,80.27,11.82,0.85,1.34,,,,,250,0.06,0.11,0.9,0.97,108,900,,,8.5,,2.08,0.1,1.21,,,,,,,,1.21,,1.53,x,x,x,x,x,x,x,x,,,0.012,50,0.123,0.031,0.31,0.94,,0.004,86.64,0.22,,0.048,0.044,192,245,32.81,404,1.16,x,x,x,x,x,x,x,x,x,,,36.15,10.27,256,132,5.94,,,,52.47,60.3,14.05,,,16.94,29.48,,,,47.16,85.9,21.13,217,441,127,418,23.98,2.23,4.06,6.31,4.62,3.08,0.79,3.18,5.09,0.79,4.69,6.8,7.54,10.2,13.55,8.43,3.35,4.71,3.17,,,,,,,,,,,,,,,,,,,,,,,,,,,,,,,,,,,,,,,,,,,,,,,,,,,,,,,,,,x,x,x,x,x,x,x,x,x,x,x,x,x,x,x,x,x,x,x,x,x,x
R003,Octopus (Octopus vulgaris),1,80.45,14.71,1.21,1.12,,,,,334,0.05,0.05,1.18,0.94,87.71,2087,,,28,,0.43,0.24,0.66,,,,,,,,0.66,,0.84,x,x,x,x,x,x,x,x,0.1,0.34,0.015,22.1,0.011,0.035,6.72,1.08,,,50.92,0.04,1.37,0.003,0.007,131,181,40.21,230,4.07,x,x,x,x,x,x,x,x,x,,,17.36,,173,135,,,,,23.57,46.38,,,,9.32,,,,,121,72.24,,181,325,69.95,383,118,4.48,5.82,8.48,7.55,2.46,1.87,6.37,5.82,0.88,5.3,5.34,6.59,8.9,10.43,5.84,4.43,4.75,6.32,,,,,,,,,,,,,,,,,,,,,,,,,,,,,,,,,,,,,,,,,,,,,,,,,,,,,,,,,,x,x,x,x,x,x,x,x,x,x,x,x,x,x,x,x,x,x,x,x,x,x
R004,"Squid, black (Loligo sp.)",1,80.59,16.1,0.99,1.07,,,,,335,0.02,0.04,1.04,0.72,236,1233,,,2.55,,0.57,0.32,0.68,,,,,,,,0.68,,1.14,x,x,x,x,x,x,x,x,0.16,0.47,0.004,22.98,0.005,0.001,1.09,0.5,0.023,0.003,41.99,0.03,0.95,,0.004,173,162,57.13,179,1.24,x,x,x,x,x,x,x,x,x,,,19.7,,201,65.78,,,,,6.59,36.2,13.63,,,8.46,,,,,47.53,70.73,,261,287,56.42,388,231,4.14,4.05,8.49,6.58,2.25,1.69,5.21,5.53,0.93,4.62,5.27,6.99,10.65,13.08,5.95,4.56,4.16,4.3,,,,,,,,,,,,,,,,,,,,,,,,,,,,,,,,,,,,,,,,,,,,,,,,,,,,,,,,,,x,x,x,x,x,x,x,x,x,x,x,x,x,x,x,x,x,x,x,x,x,x
S001,Cat fish (Tandanus tandanus),2,77.23±0.91,15.86±3.65,0.93±0.01,6.24±3.03,,,,,518±84,0.01±0.00,0.07±0.03,1.74±0.26,1.12±0.12,114±12.3,1395±168,,,13.59±0.70,,1.37±0.12,0.11±0.02,0.38±0.00,,,,,,,,0.38±0.00,,0.96±0.00,x,x,x,x,x,x,x,x,0.48±0.17,1.68±0.71,,21.99±8.75,0.008±0.002,,0.03±0.01,0.82±0.19,0.012±0.001,,18.78±6.65,0.02±0.03,1.89±2.43,,0.004±0.002,157±58.6,250±83.0,71.03±12.14,28.29±11.65,0.71±0.24,x,x,x,x,x,x,x,x,x,,28.88±30.76,177±133,,1554±1062,395±209,16.30±7.57,11.03±4.77,,,538±436,1428±1049,88.89±56.90,,,458±327,132±104,36.82±28.10,,51.98±23.47,80.31±46.30,78.77±14.57,,140±58,2182±1422,2055±1457,978±519,84.01±8.02,4.80±0.29,4.46±0.33,7.29±0.82,8.11±0.23,6.07±0.15,14.31±1.10,5.30±0.20,3.46±0.77,1.18±0.45,5.15±0.12,2.38±0.43,4.03±0.54,1.56±0.17,6.74±0.65,8.78±0.99,7.13±1.37,4.72±0.54,3.82±0.32,,,,,,,,,,,,,,,,,,,,,,,,,,,,,,,,,,,,,,,,,,,,,,,,,,,,,,,,,,x,x,x,x,x,x,x,x,x,x,x,x,x,x,x,x,x,x,x,x,x,x
S002,Catla (Catla catla),6,78.43±0.71,17.94±1.36,0.94±0.01,2.15±0.34,,,,,394±6,0.01±0.00,0.03±0.01,2.21±0.19,1.00±0.05,116±13.5,1926±277,,,4.32±0.78,,1.90±0.19,0.16±0.04,2.35±0.00,,,,,,,,2.35±0.00,,1.12±0.02,x,x,x,x,x,x,x,x,0.41±0.13,7.70±3.37,,43.53±3.91,0.017±0.002,0.003±0.003,0.06±0.02,1.14±0.35,0.005±0.003,,25.58±0.87,0.03±0.02,1.59±1.06,0.001±0.000,0.006±0.002,182±7,301±29.0,19.73±26.86,36.56±6.32,0.68±0.13,x,x,x,x,x,x,x,x,x,,,162±40.1,,1162±142,330±126,15.51±2.56,,,,273±89.9,910±35.6,53.36±16.22,,,214±51.9,89.97±95.09,,,26.26±10.65,120±72.8,123±65.2,,242±98.5,1670±137,1237±106,815±362,64.42±4.06,5.23±0.11,4.06±0.86,7.53±0.39,8.09±0.05,5.61±0.66,15.25±0.91,5.49±0.22,3.54±0.37,0.74±0.17,5.18±0.09,2.64±0.33,3.53±0.05,1.08±0.55,6.64±1.21,9.32±2.68,6.75±1.68,4.43±0.03,2.88±0.75,,,,,,,,,,,,,,,,,,,,,,,,,,,,,,,,,,,,,,,,,,,,,,,,,,,,,,,,,,x,x,x,x,x,x,x,x,x,x,x,x,x,x,x,x,x,x,x,x,x,x
S003,Freshwater Eel (Anguilla anguilla),1,75.57,20.41,1.03,2.63,,,,,451,,0.31,2.3,1.52,106,1294,,,866,,3.81,0.57,1.8,,,,,,,,1.8,,1.23,x,x,x,x,x,x,x,x,0.81,1.81,0.004,52.99,0.069,,2.72,1.54,0.606,,42.5,0.13,3.97,,0.012,361,450,67.32,88.67,2.23,x,x,x,x,x,x,x,x,x,,8.87,94.91,,640,217,14.44,5.84,,,204,493,35.62,,,190,90.12,20.95,,24.9,137,17.91,,119,981,733,600,58.64,3.67,3.43,3.41,5.94,4.62,10.94,4.07,3.46,1.22,4.56,2.06,4.06,1.12,7.74,6.53,5.97,3.52,3.78,,,,,,,,,,,,,,,,,,,,,,,,,,,,,,,,,,,,,,,,,,,,,,,,,,,,,,,,,,x,x,x,x,x,x,x,x,x,x,x,x,x,x,x,x,x,x,x,x,x,x
S005,Pangas (Pangasianodon hypophthalmus),6,68.50±1.01,17.12±1.62,1.12±0.03,16.77±0.91,,,,,852±24,,0.05±0.01,1.28±0.21,0.66±0.06,229±17.2,1323±305,,,14.59±0.00,,0.20±0.04,0.08±0.04,2.80±0.00,,,,,,,,2.80±0.00,,0.92±0.07,x,x,x,x,x,x,x,x,0.38±0.20,2.22±1.06,0.001±0.000,11.19±1.58,0.009±0.003,,0.04±0.01,0.69±0.16,0.004±0.000,,25.09±4.41,0.03±0.01,0.26±0.20,0.001±0.000,0.003±0.002,179±37.0,282±78.6,19.31±6.56,37.42±9.50,0.69±0.16,x,x,x,x,x,x,x,x,x,,,58.54±26.07,,635±269,161±56.7,7.82±1.68,,,,132±52.4,510±243,71.60±60.25,,,221±87.0,57.41±48.71,,,16.97±5.91,66.70±12.72,42.15±13.34,,106±33.7,863±338,714±240,510±103,66.89±1.40,8.3,6.59,3.83,4.57,4.01,4.74,4.49,4.19,1.26,6.07,13.64,95.04,3.34,6.08,2.84,8.44,6.51,5.31,,,,,,,,,,,,,,,,,,,,,,,,,,,,,,,,,,,,,,,,,,,,,,,,,,,,,,,,,,x,x,x,x,x,x,x,x,x,x,x,x,x,x,x,x,x,x,x,x,x,x
S006,Rohu (Labeo rohita),6,76.34±0.28,19.71±0.57,1.28±0.04,2.39±0.64,,,,,428±12,,0.04±0.01,2.33±0.43,1.18±0.07,240±23.3,1263±101,,,3.87±0.94,,0.84±0.11,0.17±0.03,2.40±0.00,,,,,,,,2.40±0.00,,1.03±0.24,x,x,x,x,x,x,x,x,0.48±0.10,3.71±1.29,,39.37±5.44,0.009±0.005,0.003±0.003,0.05±0.02,1.04±0.34,0.014±0.003,,26.53±3.81,0.04±0.02,1.71±2.54,,0.005±0.002,200±48.7,303±72.4,51.50±11.49,35.56±6.36,0.80±0.11,x,x,x,x,x,x,x,x,x,,6.94±6.00,337±81.1,,2234±531,571±95.7,13.83±3.99,19.47±16.17,,,123±17.4,2401±807,93.13±55.77,,,531±149,46.60±48.01,,,44.91±22.09,53.52±15.00,23.61±18.53,,46.72±11.33,2047±1113,2618±857,747±181,47.72±3.94,4.77±0.39,4.09±0.54,6.27±0.69,8.03±0.55,5.57±0.44,15.13±0.75,5.26±0.37,2.90±0.58,1.04±0.28,5.39±0.72,2.45±0.64,3.68±1.15,1.45±0.12,7.19±0.24,9.60±0.89,6.41±0.57,4.63±0.50,3.40±0.92,,,,,,,,,,,,,,,,,,,,,,,,,,,,,,,,,,,,,,,,,,,,,,,,,,,,,,,,,,x,x,x,x,x,x,x,x,x,x,x,x,x,x,x,x,x,x,x,x,x,x
S007,Crab (Pachygrapsus sp.),1,80.58,13.23,1.23,0.89,,,,,327,0.01,0.11,1.54,0.79,202,1783,,,12.55,,1.2,0.17,4.85,,,,,,,,4.85,,0.91,x,x,x,x,x,x,x,x,0.49,1.74,0.03,199,0.016,0.001,0.52,1.1,,0.006,66.77,0.09,4.04,,0.001,208,286,71.84,280,2.49,x,x,x,x,x,x,x,x,x,,,10.85,,131,71.8,,,,,29.24,111,,,,16.26,,,,,49.09,82.64,,108,214,140,256,52.91,3.86,3.73,5.19,6.82,4.97,13.27,3.94,3.43,0.93,3.96,2.92,5.27,2.03,9.15,8.42,7.73,3.8,5.17,,,,,,,,,,,,,,,,,,,,,,,,,,,,,,,,,,,,,,,,,,,,,,,,,,,,,,,,,,x,x,x,x,x,x,x,x,x,x,x,x,x,x,x,x,x,x,x,x,x,x
S008,"Prawns, big (Macrobrachium rosenbergii)",1,77.43,19.24,0.84,0.52,,,,,380,,0.02,1.31,1.74,186,1826,,,3.56,,0.35,0.1,2.85,,,,,,,,,,0.84,x,x,x,x,x,x,x,x,0.95,3.02,0.003,48.55,0.008,,0.69,0.78,,,39.25,0.03,0.94,0.002,0.006,237,269,28.59,849,1.44,x,x,x,x,x,x,x,x,x,,,4.5,,53.55,28.81,,,,,14.59,39.93,2.25,,,17.75,3.91,,,,17.87,27.14,,27.94,86.86,56.77,94.61,87.28,4.66,2.99,6.72,7.79,5.16,14.75,4.57,3.33,1.11,4.72,2.79,3.28,1.82,9.11,9.1,5.49,4.13,2.66,,,,,,,,,,,,,,,,,,,,,,,,,,,,,,,,,,,,,,,,,,,,,,,,,,,,,,,,,,x,x,x,x,x,x,x,x,x,x,x,x,x,x,x,x,x,x,x,x,x,x
S010,Tiger prawns (Macrobrachium sp.),2,83.24,14.24,0.83,0.66,,,,,284,0.01,0.04,1.28,1.87,216,1875,,,0.55,,1.34,0.27,1.65,,,,,,,,1.65,,1.02,x,x,x,x,x,x,x,x,0.36,4.77,0.002,57.9,0.007,,0.39,0.84,,0.003,22.94,0.08,0.4,,0.005,155,149,14.69,80.77,1.02,x,x,x,x,x,x,x,x,x,,,4.78,,83.75,45.91,,,,,16.21,95.76,7.92,,,29.27,,,,,53.06,36.11,,17.38,134,120,136,78.87,4.19,2.96,4.85,7.54,5.15,15.67,4.64,3.53,0.94,4.75,2.35,4.06,1.41,10.29,8.84,4.24,4.3,3.59,,,,,,,,,,,,,,,,,,,,,,,,,,,,,,,,,,,,,,,,,,,,,,,,,,,,,,,,,,x,x,x,x,x,x,x,x,x,x,x,x,x,x,x,x,x,x,x,x,x,x
T001,Coconut oil,1,x,x,x,x,x,x,x,x,x,x,x,x,x,x,x,x,x,x,x,x,x,x,x,x,x,x,x,x,x,x,x,x,x,x,x,x,x,x,x,x,x,x,x,x,x,x,x,x,x,x,x,x,x,x,x,x,x,x,x,x,x,x,x,x,x,x,x,x,x,,x,x,x,x,x,x,x,x,x,x,x,x,x,x,x,x,x,x,x,x,x,x,x,x,x,x,x,x,x,x,x,x,x,x,x,x,x,x,x,x,x,x,x,x,x,x,x,x,x,x,x,x,x,x,x,x,x,x,x,x,x,x,x,x,x,x,x,x,x,x,x,x,x,x,x,x,x,x,x,x,x,x,x,x,x,x,x,x,x,x,x,x,x,x,x,x,x,x,x,x,x,x,,,2.76±0.37,5.18±0.20,49.57±0.81,21.12±0.67,9.26±0.39,2.97±0.23,,,,,,,7.24±0.25,,,1.90±0.14,,90.86±0.33,7.24±0.25,1.90±0.14
T003,Cotton seed oil,1,x,x,x,x,x,x,x,x,x,x,x,x,x,x,x,x,x,x,x,x,x,x,x,x,x,x,x,x,x,x,x,x,x,x,x,x,x,x,x,x,x,x,x,x,x,x,x,x,x,x,x,x,x,x,x,x,x,x,x,x,x,x,x,x,x,x,x,x,x,,x,x,x,x,x,x,x,x,x,x,x,x,x,x,x,x,x,x,x,x,x,x,x,x,x,x,x,x,x,x,x,x,x,x,x,x,x,x,x,x,x,x,x,x,x,x,x,x,x,x,x,x,x,x,x,x,x,x,x,x,x,x,x,x,x,x,x,x,x,x,x,x,x,x,x,x,x,x,x,x,x,x,x,x,x,x,x,x,x,x,x,x,x,x,x,x,x,x,x,x,x,x,,,,,,0.91,23.4,2.79,0.42,0.34,0.31,,1.84,,17.82,,,51.81,0.35,28.17,19.66,52.16
T006,Mustard oil,6,x,x,x,x,x,x,x,x,x,x,x,x,x,x,x,x,x,x,x,x,x,x,x,x,x,x,x,x,x,x,x,x,x,x,x,x,x,x,x,x,x,x,x,x,x,x,x,x,x,x,x,x,x,x,x,x,x,x,x,x,x,x,x,x,x,x,x,x,x,,x,x,x,x,x,x,x,x,x,x,x,x,x,x,x,x,x,x,x,x,x,x,x,x,x,x,x,x,x,x,x,x,x,x,x,x,x,x,x,x,x,x,x,x,x,x,x,x,x,x,x,x,x,x,x,x,x,x,x,x,x,x,x,x,x,x,x,x,x,x,x,x,x,x,x,x,x,x,x,x,x,x,x,x,x,x,x,x,x,x,x,x,x,x,x,x,x,x,x,x,x,x,,,,,,,2.18±0.10,1.17±0.02,0.98±0.02,1.39±0.04,,,0.16±0.04,,10.18±0.48,5.45±0.25,51.30±0.96,15.55±0.15,11.64±0.34,5.72±0.09,67.09±0.48,27.19±0.44
T007,Palm oil,4,x,x,x,x,x,x,x,x,x,x,x,x,x,x,x,x,x,x,x,x,x,x,x,x,x,x,x,x,x,x,x,x,x,x,x,x,x,x,x,x,x,x,x,x,x,x,x,x,x,x,x,x,x,x,x,x,x,x,x,x,x,x,x,x,x,x,x,x,x,,x,x,x,x,x,x,x,x,x,x,x,x,x,x,x,x,x,x,x,x,x,x,x,x,x,x,x,x,x,x,x,x,x,x,x,x,x,x,x,x,x,x,x,x,x,x,x,x,x,x,x,x,x,x,x,x,x,x,x,x,x,x,x,x,x,x,x,x,x,x,x,x,x,x,x,x,x,x,x,x,x,x,x,x,x,x,x,x,x,x,x,x,x,x,x,x,x,x,x,x,x,x,,,,,,,39.79±0.57,4.24±0.09,,,,,0.27±0.03,,43.26±0.42,,,11.18±0.28,0.30±0.03,44.98±0.67,43.53±0.40,11.49±0.29
T008,Rice bran oil,5,x,x,x,x,x,x,x,x,x,x,x,x,x,x,x,x,x,x,x,x,x,x,x,x,x,x,x,x,x,x,x,x,x,x,x,x,x,x,x,x,x,x,x,x,x,x,x,x,x,x,x,x,x,x,x,x,x,x,x,x,x,x,x,x,x,x,x,x,x,,x,x,x,x,x,x,x,x,x,x,x,x,x,x,x,x,x,x,x,x,x,x,x,x,x,x,x,x,x,x,x,x,x,x,x,x,x,x,x,x,x,x,x,x,x,x,x,x,x,x,x,x,x,x,x,x,x,x,x,x,x,x,x,x,x,x,x,x,x,x,x,x,x,x,x,x,x,x,x,x,x,x,x,x,x,x,x,x,x,x,x,x,x,x,x,x,x,x,x,x,x,x,,,,,,0.29±0.15,19.51±0.89,2.03±0.05,1.03±0.51,0.33±0.04,0.51±0.04,,0.28±0.03,,43.84±0.76,,,31.56±0.65,0.56±0.13,23.76±0.58,44.12±0.74,32.12±0.68
T009,Safflower oil,1,x,x,x,x,x,x,x,x,x,x,x,x,x,x,x,x,x,x,x,x,x,x,x,x,x,x,x,x,x,x,x,x,x,x,x,x,x,x,x,x,x,x,x,x,x,x,x,x,x,x,x,x,x,x,x,x,x,x,x,x,x,x,x,x,x,x,x,x,x,,x,x,x,x,x,x,x,x,x,x,x,x,x,x,x,x,x,x,x,x,x,x,x,x,x,x,x,x,x,x,x,x,x,x,x,x,x,x,x,x,x,x,x,x,x,x,x,x,x,x,x,x,x,x,x,x,x,x,x,x,x,x,x,x,x,x,x,x,x,x,x,x,x,x,x,x,x,x,x,x,x,x,x,x,x,x,x,x,x,x,x,x,x,x,x,x,x,x,x,x,x,x,,,,,,0.18±0.10,6.24±0.53,2.35±0.16,0.26±0.06,0.17±0.05,,,0.24±0.02,,13.80±0.62,0.17±0.02,,76.58±1.10,0.13±0.03,9.19±0.58,14.04±0.60,76.78±1.15
T011,Soyabean oil,6,x,x,x,x,x,x,x,x,x,x,x,x,x,x,x,x,x,x,x,x,x,x,x,x,x,x,x,x,x,x,x,x,x,x,x,x,x,x,x,x,x,x,x,x,x,x,x,x,x,x,x,x,x,x,x,x,x,x,x,x,x,x,x,x,x,x,x,x,x,,x,x,x,x,x,x,x,x,x,x,x,x,x,x,x,x,x,x,x,x,x,x,x,x,x,x,x,x,x,x,x,x,x,x,x,x,x,x,x,x,x,x,x,x,x,x,x,x,x,x,x,x,x,x,x,x,x,x,x,x,x,x,x,x,x,x,x,x,x,x,x,x,x,x,x,x,x,x,x,x,x,x,x,x,x,x,x,x,x,x,x,x,x,x,x,x,x,x,x,x,x,x,,,,,,,11.51±0.38,4.08±0.58,0.37±0.02,,,,,,24.06±1.75,,,54.78±1.45,5.20±0.33,15.96±0.37,24.06±1.75,59.98±1.57
T012,Sunflower oil,6,x,x,x,x,x,x,x,x,x,x,x,x,x,x,x,x,x,x,x,x,x,x,x,x,x,x,x,x,x,x,x,x,x,x,x,x,x,x,x,x,x,x,x,x,x,x,x,x,x,x,x,x,x,x,x,x,x,x,x,x,x,x,x,x,x,x,x,x,x,,x,x,x,x,x,x,x,x,x,x,x,x,x,x,x,x,x,x,x,x,x,x,x,x,x,x,x,x,x,x,x,x,x,x,x,x,x,x,x,x,x,x,x,x,x,x,x,x,x,x,x,x,x,x,x,x,x,x,x,x,x,x,x,x,x,x,x,x,x,x,x,x,x,x,x,x,x,x,x,x,x,x,x,x,x,x,x,x,x,x,x,x,x,x,x,x,x,x,x,x,x,x,,,,,,,6.43±0.18,3.69±0.07,0.32±0.04,0.66±0.03,0.29±0.04,,,,25.96±1.54,,,62.65±1.56,,11.39±0.10,25.96±1.54,62.65±1.56
T013,Ghee,6,x,x,x,x,x,x,x,x,x,x,x,x,x,x,x,x,x,x,x,x,x,x,x,x,x,x,x,x,x,x,x,x,x,x,x,x,x,x,x,x,x,x,x,x,x,x,x,x,x,x,x,x,x,x,x,x,x,x,x,x,x,x,x,x,x,x,x,x,x,,x,x,x,x,x,x,x,x,x,x,x,x,x,x,x,x,x,x,x,x,x,x,x,x,x,x,x,x,x,x,x,x,x,x,x,x,x,x,x,x,x,x,x,x,x,x,x,x,x,x,x,x,x,x,x,x,x,x,x,x,x,x,x,x,x,x,x,x,x,x,x,x,x,x,x,x,x,x,x,x,x,x,x,x,x,x,x,x,x,x,x,x,x,x,x,x,x,x,x,x,x,x,0.22±0.08,0.30±0.13,0.47±0.20,1.87±0.34,2.81±0.38,11.81±0.57,39.13±1.15,13.89±1.17,0.52±0.12,,,0.95±0.17,1.86±0.16,0.44±0.09,23.19±1.46,,,2.00±0.62,0.55±0.11,71.02±4.13,26.44±1.88,2.54±0.73
